fonte,id_fonte,titulo,ano,idioma,autores,veiculo,eixo_tematico,resumo,recorte_geo,n_termos_nucleares,flag_codigo_aberto,flag_social,flag_emancipatorio,n_sentidos_mimetismo,n_sentidos_emancipacao,nucleo_contexto,instituicoes
CEFETMG,oai:repositorio.cefetmg.br:123456789/2847,"Análise das propriedades mecânicas em corpos de prova obtidos por impressão 3D, utilizando material virgem e reciclado",2026,pt,"Araújo, André Luiz Vasconcellos de",CEFETMG,geral,"A consolidação da Indústria 4.0 e a crescente demanda por práticas sustentáveis impulsionam a busca por materiais que unifiquem desempenho técnico à redução de impacto ambiental. A manufatura aditiva, especificamente a tecnologia de modelagem por deposição de material fundido (FDM), se popularizou globalmente como ferramenta ágil de prototipagem e produção final, gerando, contudo, um volume significativo de resíduos poliméricos. Nesse cenário, a reciclagem mecânica surge como alternativa, visando reintroduzir esses materiais na cadeia produtiva. No entanto, para que a substituição de insumos virgens por reciclados seja efetiva na indústria nacional, é fundamental compreender como o ciclo de reprocessamento altera as propriedades físicas e mecânicas dos polímeros. Este trabalho apresenta o comportamento experimental do processo de impressão 3D com materiais reprocessados, discutindo os desafios da degradação térmica e as oportunidades de eficiência estrutural. É exposto um estudo experimental comparativo realizado nos laboratórios do Centro Federal de Educação Tecnológica de Minas Gerais (CEFET-MG), onde foram avaliados corpos de prova de PLA e PETG, virgens e reciclados, submetidos a ensaios de tração destrutivos. O estudo investigou fenômenos críticos como a anisotropia, a adesão entre camadas e a influência da densidade de preenchimento, revelando comportamentos de degradação química e densificação física entre os materiais. O estudo do tema possui importância devido ao objetivo de validar tecnicamente o uso de filamentos reciclados em aplicações de engenharia, estimulando a sustentabilidade na manufatura.",nacional,0,0,0,0,2,0,contexto,CEFET-MG;Centro Federal de Educação Tecnológica de Minas Gerais
CEFETMG,oai:repositorio.cefetmg.br:123456789/2849,Análise do custo total de propriedade e depreciação: um estudo comparativo entre veículos elétricos e a combustão no cenário brasileiro,2026,pt,"Sacramento, Gabriel Ferreira do",CEFETMG,geral,"Este trabalho analisa a viabilidade econômica da eletrificação da frota de veículos leves no mercado brasileiro sob a ótica da metodologia de Custo Total de Propriedade (TCO), preenchendo uma lacuna crítica na literatura sobre transição energética e descarbonização setorial. Impulsionada pela superioridade dos propulsores elétricos, cuja eficiência energética supera 90% frente aos 40% dos motores de combustão interna, a pesquisa desenvolve uma modelagem matemática robusta aplicada à projeção de custos acumulados ao longo de um horizonte operacional de oito anos e 120.000 quilômetros. A metodologia fundamentou-se no exame comparativo rigoroso de pares equivalentes em múltiplos segmentos automotivos, integrando dados públicos do Programa Brasileiro de Etiquetagem Veicular (PBEV/Inmetro), séries temporais de desvalorização da Tabela Fipe e modelagem de custos operacionais com energia, combustíveis, manutenção e seguros. Os resultados empíricos revelam que o principal gargalo à viabilidade econômica dos veículos elétricos reside na severidade de sua depreciação patrimonial, que registrou uma perda média acumulada de 37,20% ao final do ciclo, em contraste com a maior previsibilidade e estabilidade dos modelos térmicos, que apresentaram desvalorização de 19,18%. Embora a vantagem operacional em despesas energéticas e revisões mecânicas seja estatisticamente robusta para todos os cenários, o elevado dispêndio inicial de capital (CAPEX) e custos acessórios, como apólices de seguro elevadas e pneus de alta carga, atenuam o retorno financeiro líquido. Na análise segmentada, os modelos de entrada demonstraram maior propensão à paridade financeira em regimes de alta utilização, enquanto os segmentos premium sofrem forte erosão de valor pelo impacto da depreciação. Adicionalmente, testes de estresse tecnológico comprovam a fragilidade desse equilíbrio: a simulação de degradação severa nas baterias de íons de lítio demandando substituição integral das baterias inviabilizou o TCO em 100% dos casos. Conclui-se que a competitividade da mobilidade elétrica no Brasil não é homogênea, estando intrinsecamente vinculada ao amadurecimento do mercado de usados, à redução dos custos de reposição de baterias e ao aproveitamento estratégico da matriz elétrica renovável do país, coexistindo de forma complementar com a infraestrutura consolidada e os benefícios ambientais dos biocombustíveis nacionais.",nacional,0,0,0,0,5,0,contexto,
CEFETMG,oai:repositorio.cefetmg.br:123456789/1698,"Boletim de Serviço e Pessoal nº 43, de 17 de novembro de 2023",2025,,,CEFETMG,geral,"O Boletim de Serviço e Pessoal nº 43, publicado em 17 de novembro de 2023 pelo CEFET-MG, apresenta atos administrativos e normativos diversos. Destacam-se a criação de novas unidades organizacionais vinculadas à Diretoria de Pesquisa e Pós-graduação, delegação e subdelegação de competências ao Secretário de Gestão de Pessoas, estabelecimento de atribuições para coordenações no âmbito dos campi, criação e estruturação das Comissões de Gestão de Laboratórios, bem como a instituição de auxílio permanência para estudantes quilombolas e indígenas em situação de espera pelo Bolsa Permanência. Também foram divulgadas portarias relacionadas a nomeações, exonerações, vacâncias, designações de cargos e prorrogação da fase de ambientação do Programa de Gestão e Desempenho em diversos campi.",nacional,0,0,0,0,0,0,contexto,CEFET-MG
CEFETMG,oai:repositorio.cefetmg.br:123456789/2003,Os processos decisórios na gestão da inovação: um estudo em organizações de Domótica,2025,pt,"Carneiro, Milene Teixeira",CEFETMG,inovacao_politicas_publicas;governanca_inovacao,"O principal objetivo desta pesquisa consiste em analisar como são os processos decisórios na gestão da inovação em organizações. O percurso metodológico foi desenhado em torno de uma pesquisa qualitativa, de objetivo descritivo, por meio de estudo de quatro organizações da linha de Domótica (automação residencial) situadas no Vale da Eletrônica de Santa Rita do Sapucaí, Minas Gerais, Brasil. A análise de conteúdo se deu pelo software MaxQDA com dados obtidos por meio de entrevistas, observação não participativa e análise documental. Apurou-se que as organizações implementam inovações radicais e incrementais em produtos e processos, mantendo os modelos diversificados de inovação. Estas organizações não praticam a inovação em modelo de negócio, mas são unânimes na prática de inovação aberta. Conclui-se também que os processos decisórios na gestão da inovação nestas organizações acontecem no nível estratégico devido ao custo, risco e incertezas. Os facilitadores da inovação se encontram em variáveis internas e externas, destacando-se as parcerias externas. Outro fator importante no processo decisório em gestão da inovação são as barreiras à inovação, sendo dificuldades relacionadas ao poder público e suas entidades, comum a todas as organizações participantes. As organizações praticam o modelo racional no processo decisório, possuem etapas similares à teoria e elementos diferentes conforme suas realidades, tendo notoriedade o mercado. Esta pesquisa teve como contribuição teórica o desenvolvimento dos temas processos decisórios e inovação alinhados com Domótica, uma vez que se observou uma lacuna ao pesquisar pelos três temas interligados. A dissertação contribui ao identificar os desafios das organizações na tomada de decisão na gestão da inovação; ao verificar que os gestores desconhecem as teorias dos modelos de processo decisório, apesar de praticá-las; ao reconhecer o mercado como um dos elementos chave no processo decisório na gestão da inovação; e ao identificar que políticas públicas e suas instituições como barreiras à tomada de decisão em inovação.",nacional,4,0,0,0,1,0,nucleo,
CEFETMG,oai:repositorio.cefetmg.br:123456789/853,A atuação do observatório social no monitoramento das compras públicas em tempos de pandemia da Covid-19: estudo de caso em um município mineiro,2025,pt,"Araújo, Gilson Luiz de",CEFETMG,geral,"No cenário da pandemia de Covid-19, as compras públicas se mostraram imprescindíveis para salvar vidas. No Brasil, devido à necessidade de simplificar e agilizar os processos para se obter celeridade nas aquisições de combate ao coronavírus, foram implementadas inovações na legislação de licitações e contratações públicas. Na vigência do estado de calamidade pública, os gestores puderam decidir, justificadamente, pela dispensa de licitação, o que, por outro lado, poderia facilitar o desvio de recursos públicos. Diante disso, evidencia-se a importância do monitoramento dos gastos pela sociedade nas aquisições e contratações públicas. Neste sentido, entende-se que a entidade Observatório Social (OS) pode contribuir no processo decisório, promovendo uma governança pública norteada pelos valores de ética, clareza e integridade no cumprimento de obrigações e responsabilidade ao se prestar contas.  Nesta dissertação, questionou-se como se desenvolveu a atuação do OS no monitoramento das compras públicas de um município mineiro em tempos de pandemia da Covid-19. Assim, o objetivo geral deste trabalho foi compreender a atuação do OS no monitoramento das compras públicas de um ente político municipal no enfrentamento do coronavírus. O estudo teve como objetivos específicos: 1) caracterizar as compras públicas no combate da Covid-19; 2) verificar o cumprimento dos requisitos legais nas dispensas de licitação; 3) descrever a atuação do OS no monitoramento das compras públicas; e 4) analisar as implicações da atuação do OS na tomada de decisões dos gestores públicos.  Para realização do estudo, foi adotada uma pesquisa qualitativa e descritiva, tendo por arcabouço as teorias da decisão de Simon e da governança pública. Os dados foram coletados por meio de documentos e relatórios no portal da prefeitura e outros sítios, observação participante e entrevistas. Para a organização dos dados, foi elaborada planilha de mapeamento e checklist, gráficos e tabelas. A interpretação das entrevistas foi tratada por meio de análise de conteúdo.  Os resultados mostraram que a maioria dos fornecedores não é do município investigado, que os dados no Portal da Transparência e no sítio da prefeitura foram apresentados de forma sintética e não apresentavam informações detalhadas de dispensa de licitações. Constatou-se que o OS atuou no monitoramento das compras públicas, questionando sobre o destino dos gastos, investigando os fornecedores envolvidos, recomendando a modalidade de pregão eletrônico e contribuindo para a prevenção de irregularidades. Concluiu-se que sua atuação impactou direta e indiretamente nas decisões dos gestores públicos, uma vez que o OS tem disseminado os valores de accountability, compliance e transparência na gestão municipal.  
",nacional,1,0,0,0,0,0,nucleo,
CEFETMG,oai:repositorio.cefetmg.br:123456789/1223,"Boletim de Serviço e Pessoal nº 42, de 25 de outubro de 2024",2025,,,CEFETMG,geral,"O Boletim de Serviço e Pessoal nº 42, publicado em 25 de outubro de 2024, do CEFET-MG, reúne atos administrativos e normativos, incluindo delegação de competências à Vice-Direção em casos de afastamento da Diretora-Geral, autorização de compartilhamento de infraestrutura laboratorial com startup, criação de Unidade de Gestão para processos disciplinares, adesão de servidores ao Programa de Gestão e Desempenho (teletrabalho), designações e substituições em funções gratificadas e cargos administrativos, concessão de adicionais de insalubridade e periculosidade, retificações e anulações de portarias por erro material, nomeações para comissões e concessão de abono de permanência a servidores docentes.",nacional,0,0,0,0,1,0,contexto,CEFET-MG
CEFETMG,oai:repositorio.cefetmg.br:123456789/814,Dando um Empurrãozinho na Inovação: Nudging e Comportamento Inovador no Setor Público Brasileiro,2025,pt,"Wandermurem, Luciane Vieira",CEFETMG,inovacao_instituto_publico,"No setor público brasileiro, a inovação vem ocupando lugar de destaque e é considerada uma das principais estratégias para o desenvolvimento das organizações e consequentemente proporcionando entregas de qualidade para a sociedade. Com isso, esta pesquisa apresenta os antecedentes da capacidade de inovação e o uso da abordagem de nudge com a finalidade de influenciar o comportamento humano nos processos decisórios que geram a inovação, o que torna este estudo relevante. Esta dissertação teve como objetivo analisar em que medida o uso da abordagem de nudge pode influenciar o comportamento para a inovação e a inovação no setor público brasileiro. A pesquisa quantitativa foi realizada por meio de survey, com coleta dos dados via questionário estruturado, aplicado a uma amostra de trabalhadores no setor público do Brasil. Os dados foram analisados por meio da modelagem de equações estruturais pelo estimador Partial Least Squares (PLS). Uma das contribuições deste trabalho foi aplicar uma escala para mensurar o uso do nudge para influenciar o comportamento inovador entre os trabalhadores do setor público brasileiro. A pesquisa revela que o uso da abordagem de nudge está fortemente correlacionada com o comportamento para inovação, estimulando o comportamento inovador dentro das organizações do setor público. O comportamento para inovação demonstrou ter uma associação positiva com a implementação de inovação. Em suma, os resultados desta pesquisa são valiosos para a compreensão de alguns determinantes da inovação no setor público. Essas descobertas destacam a importância de políticas e estratégias organizacionais que visem fortalecer o comportamento inovador como meio de impulsionar a inovação no setor público brasileiro.",nacional,2,0,0,0,1,0,contexto,
CEFETMG,oai:repositorio.cefetmg.br:123456789/1667,"Boletim de Serviço e Pessoal nº 6, de 09 de fevereiro de 2024",2025,,,CEFETMG,geral,"O Boletim de Serviço e Pessoal nº 6, publicado em 9 de fevereiro de 2024 pelo CEFET-MG, divulga atos administrativos e normativos, incluindo a criação da Comissão de Desenvolvimento da Infraestrutura de Pesquisa, aprovação e execução de tabelas de atividades do Programa de Gestão para a Secretaria de Registro e Controle Acadêmico e Auditoria Interna, prorrogação e continuidade de trabalhos de comissões de processo administrativo disciplinar, autorização da execução orçamentária para 2024, instituição de comissão para interlocução com o SESI para regularização de terreno, nomeação de colegiado do Curso Técnico em Trânsito, além de concessões de progressões funcionais, retribuições por titulação e progressão por mérito a docentes e técnicos administrativos.",nacional,0,0,0,0,0,0,contexto,CEFET-MG
CEFETMG,oai:repositorio.cefetmg.br:123456789/825,Desenvolvimento de um preparador amostral automático para análise cromatográfica,2025,pt,"Lopes, Fabiane Carla",CEFETMG,geral,"O avanço tecnológico tem trazido benefícios para o dia a dia das pessoas e das empresas permitindo a automação de atividades antes manuais. Essa inovação contínua, impacta a rotina dos laboratórios que demandam por análises cada vez mais rápidas, simples e sustentáveis. Isso induziu a mudança da etapa de preparo de amostras com a inclusão de equipamentos automatizados para miniaturização de sistemas, redução de riscos humanos, de erros aleatórios e, de tempo e custos dos tratamentos amostrais. Apesar do diminuto investimento financeiro às Instituições de pesquisas públicas brasileiras, o que tem atrasado o avanço tecnológico no Brasil na última década, as plataformas de robótica de código-aberto e a integração multidisciplinar têm possibilitado a construção de instrumentos laboratoriais automatizados a baixo custo. Foi construído um robô cartesiano com propriedades capazes de preparar soluções e amostras líquidas. Todo o equipamento é controlado por um software escrito em Python 3 que roda em um computador e por dois microcontroladores Atmel 328P programados em linguagem C. O software é responsável pelo deslocamento da microseringa nos eixos cartesianos que são movidos por motores. O objetivo é fazer com que os motores de passos desloquem corretamente a microseringa até a posição desejada dos frascos e reatores, e realize as funções de pipetar ou verter o volume almejado. O software também é responsável pelo funcionamento do bloco reacional: sistemas de aquecimento e agitação. Um motor de eixo desbalanceado é responsável pela agitação do bloco (2965 rpm). O equipamento é composto por: A) um bloco reacional (contém 7 reatores) com controle de temperatura (isolados termicamente por placas de isopor) e agitação; B) por uma microseringa, e; C) por suportes para colocar frascos de reagentes e descarte. Utilizou-se metodologias de validação para a temperatura do bloco (temperatura ambiente até 84,9 ± 0,54 °C) e para o volume da microseringa (até 159,0 ± 0,34 µL), e os resultados dos coeficientes de determinação foram: R²TEMPERATURA = 0,9994 e R²VOLUME = 0,9999. O preparador amostral desenvolvido foi utilizado para o preparo de curvas de calibração de soluções e de reações de derivatização seguida de análise cromatográfica: 1) Soluções com padrão de esteroides (30,0 – 180,0 mg L -1 ): 0,9925 < R² < 0,9944 – GC; 2) Solução padrão de diclofenaco de sódio (25,0 – 125,0 mg L -1 ): R² = 0,9995 – HPLC; 3) Curvas com padrões de aminoácidos derivatizados (10,0 – 35,0 mg L - 1 ) com propil cloroformato: 0,9678 < R² < 0,9995 – GC. Todos os resultados das curvas de linearidade das análises cromatográficas foram avaliados por testes estatísticos de normalidade e homoscedasticidade. A versatilidade desse preparador amostral automático vai além das aplicações desenvolvidas neste trabalho, pois ele executa funções que são responsáveis pelos principais parâmetros de estudos de otimização de processos. Podendo garantir maior repetibilidade/precisão de resultados.",nacional,2,0,0,0,1,0,contexto,
CEFETMG,oai:repositorio.cefetmg.br:123456789/2006,Relacionando inovação gerencial e processos decisórios: um estudo de caso em um hotel de alto luxo brasileiro,2025,pt,"Moreira, Raphael Leandro Fernandes",CEFETMG,geral,"O objetivo desta pesquisa é analisar como se dá a relação entre os processos decisórios e a adoção de inovações gerenciais em um hotel de luxo brasileiro. A investigação teve como base os conceitos e perspectivas teóricas levantados sobre os seguintes temas: inovação, inovação gerencial, inovação na hotelaria, processo decisório e processo decisório em inovações, buscando uma articulação entre esses temas, respeitando-se as especificidades. O percurso metodológico foi desenhado a partir de uma abordagem de natureza qualitativa, de objetivo descritivo, por meio do método de estudo de caso único. Investigou-se um resort localizado no litoral do estado da Bahia, Brasil, tendo em vista a relevância e reconhecimento deste hotel no cenário nacional e internacional, além da acessibilidade do pesquisador à organização. Para a coleta de dados, foram realizadas análise documental e oito entrevistas semiestruturadas com os principais gestores e tomadores de decisão do hotel, na perspectiva de triangulação de dados. O relacionamento entre inovação gerencial e o processo decisório foi base para o modelo de análise proposto. Nesse modelo, o processo de adoção da inovação foi analisado, identificando suas etapas e os fatores influenciadores que impactam nas decisões de adoção ou rejeição. Desse modo, conclui-se que o processo de adoção de inovação é fortemente influenciado por agentes internos e/ou externos que objetivam buscar legitimidade e reputação. Também foi possível observar a influência da crise da pandemia de COVID-19 no processo de inovação gerencial no hotel, sendo um fator impulsionador para acelerar a implementação de tais inovações como possível solução à crise vivenciada pelo empreendimento analisado. Dentre as 28 inovações gerenciais mapeadas nos últimos cinco anos, 17 (61%) se concentraram apenas nos sete meses pesquisados após a pandemia (março a setembro/2020). Complementando o modelo, foram identificadas barreiras ao surgimento da inovação gerencial, como exemplo a baixa capacitação da equipe de gestores e líderes em metodologias de gestão, análise e soluções de problemas, o parcial isolamento geográfico do hotel pesquisado, dificultando a troca de experiências e identificação de boas práticas locais, além do modelo de gestão mais centralizado que não incentiva os líderes das áreas na identificação e proposição de inovações. Com os resultados e discussões desta pesquisa foi possível obter uma maior compreensão do processo de tomada de decisão para a adoção de inovação no contexto da hotelaria de luxo, contribuindo assim para o estado da arte da literatura científica e para gerar impacto positivo nos serviços e processos organizacionais.",nacional,2,0,0,0,0,0,contexto,
CEFETMG,oai:repositorio.cefetmg.br:123456789/2104,Processo decisório de inovação: o caso da indústria da moda de Belo Horizonte,2025,pt,"Campos, Rita de Cássia Leal",CEFETMG,geral,"Além de estar intimamente ligada ao consumo, a moda é responsável por movimentar a indústria têxtil e de confecção, representando assim uma importante atividade econômica. A moda é caracterizada pelo novo, pela mudança e pela efemeridade, o que a torna indissociável da inovação. Portanto, um dos maiores desafios para os gestores desse ramo é a diferenciação dos produtos, tornando-se necessário tomar decisões estratégicas orientadas para o mercado. Nesse contexto, esta pesquisa teve como objetivo investigar como ocorre a tomada de decisão de gestores da indústria de moda feminina de Belo Horizonte quanto à seleção de alternativas de inovação. A investigação teve como base teorias relacionadas aos seguintes assuntos: inovação, inovação na indústria da moda, tomada de decisão nas organizações, processo decisório de seleção de ideias inovadoras e mimetismo institucional. O foco da pesquisa está voltado para o primeiro subprocesso da inovação – conhecido como Front End, ou linha de frente – pois é nele que ocorre a identificação e seleção das oportunidades de inovação. Essa é uma etapa considerada crítica, pois é determinante para o resultado final da inovação. O estudo conduzido possui abordagem qualitativa e caráter descritivo. Investigou-se o caso da indústria da moda de Belo Horizonte, tendo em vista que a cidade se destaca como referência nacional na produção de moda. Para a coleta de dados, foram realizadas sete entrevistas semiestruturadas com gestoras de empresas inseridas no contexto competitivo da indústria da moda. Como instrumento de coleta de dados, utilizou-se um roteiro semiestruturado contendo questões pertinentes sobre a aplicação prática dos conceitos discutidos. Os dados foram analisados por meio de análise de conteúdo com auxílio do software QDA Miner. As entrevistas foram transcritas na íntegra e carregadas no programa, iniciando-se o processo de leitura e categorização dos trechos. O material foi dividido em categorias e subcategorias de análise, definidas a partir do referencial teórico e das verbalizações contidas nas entrevistas, respectivamente. Visando enriquecer a análise dos dados, empregou-se a técnica “nuvem de palavras”, por meio da qual foram identificadas as palavras mais recorrentes no discurso de cada entrevistada. Com os resultados e discussões desta pesquisa foi possível obter uma maior compreensão da tomada de decisão no contexto da moda, contribuindo assim para o estado da arte da literatura científica e para a melhoria dos processos organizacionais nesse setor. No decorrer da construção da base teórica, levantaram-se alguns pressupostos que nortearam a investigação à medida que foram confrontados com os resultados obtidos na pesquisa de campo. Desse modo, concluiu-se que a inovação é considerada fundamental na indústria da moda, visto que é a principal estratégia de competitividade utilizada pelos gestores para obter diferenciação no design dos produtos. A moda em Belo Horizonte está ligada a aspectos sociais, econômicos e culturais e as empresas atribuem um valor simbólico à marca para se tornarem únicas no mercado. Frequentemente incremental, o processo de inovação na indústria da moda se dá coletivamente e de modo mais informal, seguindo um modelo processual de tomada de decisão. A seleção de ideias para o desenvolvimento de novas coleções ocorre por meio de critérios definidos e geralmente é realizada pelo proprietário da marca com o apoio de sua equipe. Para tomar decisões, os gestores utilizam pesquisas de mercado e de tendências, mas também se baseiam em suas intuições, habilidades e experiências. Além da estratégia inovativa, é também comum o emprego da estratégia imitativa na indústria da moda como forma de diminuir riscos e incertezas. Desse modo, o gestor opta por aquela que mais condiz com a proposta da marca e o perfil de seu público-alvo.",nacional,2,0,0,1,2,1,contexto,
CEFETMG,oai:repositorio.cefetmg.br:123456789/2010,O processo decisório no estímulo à cultura da inovação na Rede Federal de Educação Profissional,2025,pt,"Leão, Paulo Henrique de Azevedo",CEFETMG,inovacao_politicas_publicas;governanca_inovacao;inovacao_instituto_publico,"A Rede Federal de Educação Profissional, Científica e Tecnológica (Rede) pode ser vista como uma manifestação da política pública brasileira para a educação, desde suas origens como Escola de Aprendizes Artífices, na primeira década do século passado. O Estado buscava uma aplicação para a educação que formasse jovens para o mercado de trabalho. Hoje, a Rede conserva sua vocação desenvolvimentista como um importante ator do ecossistema nacional de inovação tecnológica. A Secretaria de Educação Profissional e Tecnológica (SETEC) do Ministério da Educação (MEC), a qual a Rede Federal é vinculada, implementou uma série de ações entre 2013 e 2020 a fim de estruturar a sua política de inovação. O presente estudo objetiva analisar se as ações da política de inovação da SETEC/MEC, implementadas entre os anos de 2013 e 2020, foram efetivas para o estímulo ao processo pleno de geração de inovação nas unidades a ela vinculadas. Apesar da complexidade pelo envolvimento de instituições parceiras demandantes, da abrangência envolvendo pesquisadores de todos os estados brasileiros e da articulação entre várias instituições governamentais brasileiras e estrangeiras, as ações estruturantes da política de inovação para a Rede Federal foram pouco estudadas quanto ao processo decisório em questão, metodologia e resultados. O foco principal é no processo decisório, relacionando-o com as áreas de aplicação, histórico e variação destes nas instituições analisadas, por meio das informações sobre a participação das unidades da Rede Federal nas ações propostas pela SETEC/MEC. Foi utilizada a árvore do conhecimento do CNPq para padronizar o balizamento das áreas e subáreas das ações estudadas, uma vez que as duas ações de maior volume de projetos foram fruto de parceria entre a SETEC/MEC e o CNPq. Quanto mais ações recorrentes em determinada grande área e nas subáreas relacionadas, considerando sua projeção temporal, mais convergente foi considerado o processo decisório da unidade da Rede Federal representada. As informações pesquisadas buscam mostras do processo decisório e envolvem chamadas de apoio a projetos de pesquisa e inovação, formação para gestão do tema e, principalmente, chamadas dos polos de inovação com a Empresa Brasileira de Pesquisa e Inovação Industrial (Embrapii). Estes dados foram padronizados por meio de um cruzamento com as áreas da árvore de conhecimento do Conselho Nacional de Desenvolvimento Científico e Tecnológico (CNPq) para que pudessem ser projetados historicamente, gerando sinais de como as decisões foram sendo tomadas ao longo do tempo. Esta pesquisa traz uma contribuição para pesquisadores da Rede Federal na medida em que apresenta de forma estruturada detalhes sobre participação das unidades em oito das mais relevantes ações de fortalecimento da cultura da inovação fomentadas pela SETEC/MEC: Duas chamadas de apoio à pesquisa, desenvolvimento e inovação; duas chamadas de gestão da inovação; três chamadas de polos de inovação Embrapii. Entre outros achados sobre o histórico do processo decisório, evidenciou-se que os polos de inovação com credenciamento na grade área de Ciências Agrárias, majoritariamente, têm origem em instituições que foram compostas a partir de Escolas Agrotécnicas Federais, demonstrando entre outros, que a aderência das partes é forte, e que essa ascendência da Rede Federal se faz presente, para além da origem das escolas de aprendizes artífices.",nacional,3,0,0,0,1,0,nucleo,
IFAM,oai:localhost:4321/386,Dimensões pedagógicas: orientações para a gestão de formação continuada de professores para Educação Profissional e Tecnológica,2020,por,"Vilas Boas, Maria Erinete Reis",IFAM,inovacao_instituto_publico,"This Guide is a product of the master’s thesis “Necessary Teacher Knowledge in Continuing Teacher Education for High School Professional Technical Level”. It is an instrument created to subsidize the pedagogical sector in the contact with the teachers of the Federal Institutes as a form of approach in the handling of the teaching in the reach of the necessary teachers’ knowledge for the continued formation in the EPTNM, strengthening of a more participative management in the improvement of praxis In the day to day of the teachers. This resource (guide) reflects some issues that emerged during the course of research and deserve a re-signification of attitudes in dealing with the teaching of institutions in general. After learning about the reality through the questionnaire / interview applied to teachers, it was found that teachers encounter many difficulties, so this guide contains important information that can be adapted
to the other reality of a teaching institution. It has a basic structure with the following parts: summary, presentation, objectives, target audience and four units with well-defined characteristics for an intervention.",nacional,1,0,0,0,0,0,nucleo,
IFAM,oai:localhost:4321/426,A autorregulação da aprendizagem: um caminho para a promoção da permanência e do êxito na Educação Profissional e Tecnológica,2020,por,"Souza, Tânia Midian Freitas de",IFAM,inovacao_instituto_publico,"The studies by Figueirêdo, Pereira and Oliveira (2015), de Silva (2017), Zago (2018), show the distance between what was proposed as the purpose and objectives for the Federal Institutes in the official documents of creation and the experience of these proposals within institutional, mainly in t he founding bases of Professional and Technological Education EPT. The indicators of academic effectiveness of the courses of Integrated High School EMI indicate just over 50% of approval in a
three year training cycle. In view of these considerations, we defined two questions as guiding research: How to promote in EPT a pedagogical practice that integrates knowledge? That it favors the student's active role in his learning process, enabling him to remain and succeed in school? Studies have pointed out that self regulated students in their learning achieve greater school success, as they plan, control and evaluate their cognitive, motivational, affective, behavioral and contextual processes.
In turn, self regulated teachers favor their students' self reg ulatory processes. Thus, the general objective of this research is to analyze to what extent, a continuing education course on the construct of Learning Self Regulation, favors participants with possibilities of changes in their pedagogical practices, with a view to promoting it as a strategy of permanence and success in Professional and Technological Education. In this perspective, this qualitative and descriptive investigation took place
within the scope of the Professional Master's Degree in Professional and Technological E ducation PROFEPT, located in research line 1: Teaching Practices. Self regulatory conversations about teaching and learning in Professional and Technological Education, is the Educational Product developed in the scope of research. I t is a continuing education course for teachers on the processes of self
regulation of learning aimed at promoting school permanence and success.",nacional,1,0,0,0,0,0,nucleo,
IFAM,oai:localhost:4321/298,Design thinking na publicidade: uma proposta de ensino-aprendizagem para estudantes de graduação,2019,por,"Souza,  Amarinildo Osório de",IFAM,inovacao_instituto_publico,"This work consists of a teaching-learning proposal for the development of advertising projects with Design Thinking (DT), aimed at undergraduate students in Marketing and Advertising. DT is used in the business world for innovation, research and development of products and services in different applications, being an emerging theme in other areas of knowledge, such as education, where it has also been used for different purposes. It is an approach that follows a process organized in phases, based on a culture of values and tools that make it possible to understand a problem from different perspectives and to generate projects in which the main focus is people. In this research, the general objective was to evaluate the application of Design Thinking in the development of advertising projects, specifically as it relates to improvements in information gathering, idea generation and solution building, considering students of a Superior Course in Technology in Advertising Production (CSTPP). It is a qualitative research that adopted as a research strategy the action research to organize the methodological procedures by means of three (03) steps (planning, implementation and evaluation), having as instruments of data collection: questionnaires, field diary and the publicity projects constructed with the participants. The teaching-learning proposal was applied in the form of an extension course, in February 2018, combining activities of face-to-face and autonomous study on the fundamentals, phases, values and tools of the DT. The participant students, selected through a public notice, were 15 (fifteen) students of the Superior Course of Technology in Advertising Production (CSTPP) of the Federal Institute of Education, Science and Technology of Amazonas - Manaus Campus Center. Organized in teams, the participant students, under the guidance of the researcher-participant, developed four (04) advertising projects through the three phases of the DT: immersion, ideation and prototyping. These projects were evaluated through a set of criteria organized in rubrics, thus establishing the level of participant students performance, difficulties and improvements observed during each phase. The results showed that DT improved the skills for information gathering, generation of ideas and validation of projects, through prototyping and feedback´s colect. However, it pointed to the immersion phase as the one in which the participant students had greater difficulty of execution, besides limitations verified in the management of the collaborative work in team and autonomous study. Synthetic thinking is a point to be verified in future studies, in order to better understand these limitations and to promote notes that can improve this ability for students and professionals of Marketing and Advertising. As a result of this research, an educational product was organized, a Teaching Guide under the title ""DT in Advertising: a teaching-learning proposal for the development of advertising projects with Design Thinking"", which includes the detailing of the teaching-learning proposal, didactic resources and a set of guidelines that helps teachers and students in the area of Marketing and Advertising for the replication of said proposal in their teaching contexts.",nacional,3,0,0,0,1,0,nucleo,
IFAM,oai:localhost:4321/303,Aprendizagem baseada em empreendedorismo: uma proposta para melhoria do ensino profissional técnico de nível médio no IFPA,2019,por,"Almeida, Fernanda Cardoso",IFAM,inovacao_instituto_publico,"This research was elaborated as parto f Post-Graduation Program in Professional and Technological Education - PROFEPT requerest, and consists in a proposal of a teaching method model for the professional technical education high school level, called Entrepreneurship Based Learning - EBL. The idea was referenced in Cantillon (1755), Say (1986), McClelland (1987), Filion (1999), Schumpeter (1988, 1997), Saviani (1994), Dolabela, Dornelas (2001), Friedlaender (2004), Moura (2007), Chiavenato (2009), Coan (2011), Salusse and Andreassi (2016) and others studies. The methodology is based on applied, qualitative and quantitative research, using a dialectical, bibliographic, documentary and case study method. The instruments of data collection used were two questionnaires, a diagnosis and another prognosis; both presented a total of tean open and closed questions, based on the responses of which the results analysis was performed. The research participants were from two classes: a subsequente way offer and an integrated way offer, both of them in a high school level. In the first one, we have 35 students and in the second one with 40 students; as well as two teachers who teach curricular components in these classes. Arising from the need to intervene in situations of school dropout at the research site, Óbidos Campus of the Federal Institute of Pará, the educational product is based on principles of entrepreneurship, inspired by the structure of Project Based Learning (PBL) and the concepts of Learning Significant of Ausubel. The product idea proposes the development of skills, abilities and entrepreneurial attitudes, in order to make them or to improve them in the capacities of production of their means of life and realization of their personal projects and professionals, that is, the proposal is that students graduated from an entrepreneurial perspective succeed not only in their areas of activity as technicians, but in any activity they intend to carry out. With this premise the EBL method is proposed, which consists of a prototype composed of six categories that are progressively able to contribute to the improvement of teaching quality through the emphasis on entrepreneurial behavior: mission, strategy, process, mentoring, prototype and outcome. After applying the product, the analysis of the results with an evolution mapping of the students academic performance shows that the research fulfilled the purpose for which it was conceived, obtaining satisfactory results. Currently the research is part of the Stay and Success Plan of the IFPA - Campus Óbidos, and aims to contribute to the reduce evasion and retention, acting for students to succeed in their studies. In addition, the research and educational product will be used in the IFPA - Óbidos Campus as a reference for working with the training itineraries proposed by the National Curriculum Guidelines for Higher Education - DCNEM, through the structuring axis ""Entrepreneurship"".",nacional,1,0,0,0,0,0,nucleo,IFPA - Campus Óbidos;IFPA - Óbidos Campus as a reference for;IFPA This research was elaborated as parto
IFAM,oai:localhost:4321/322,Aprendizagem baseada em empreendedorismo,2019,por,"Almeida, Fernanda Cardoso",IFAM,geral,"It is a teaching proposal and facilitator of learning, elaborated and organized from the principles of entrepreneurship applied specifically to Technical Vocational Education of Secondary Level-EPTNM. Its objective is to serve as a tool for the improvement of teachers 'ways of teaching and students' learning in this educational modality, offering a teaching concept that, if applied under the right conditions, provides subsidies for the increase of academic success rates. of EPTNM students. This material summarizes the experience of applying the prototype developed at the research site so that teachers who have access to it can obtain subsidies for use with their classes, within the context of teaching the EPTNM, either in the classroom or in other related educational environments. The EBL model consists of six complementary categories: mission, strategy, process, mentoring, prototype and outcome; each is described in the proposal path.",nacional,0,0,0,0,0,0,contexto,if applied under the right conditions
IFAM,oai:localhost:4321/353,Na trilha da inovação: a formação do professor e as implicações com os produtos educacionais,2019,por,"Silva, Keila Crystyna Brito e",IFAM,geral,"The present research investigated teacher training through the perspective of innovation and its implications with regards to educational products derived from the thesis presented on Professional Master’s Degree in Teaching programs in Brazil. It pervades the professional qualification in the process for continued teacher training through stricto sensu graduate programs, more specifically those for the Professional Master’s Degree in Teaching, which has as its premise the articulation between professional practice and scientific knowledge, aiming at solving problems related to teaching and, as a result, creating an educational product. The chosen locus was academic programs for Professional Master’s Degree in Teaching, having as research subjects the educational products resulting from these programs, as well as educational businesses that have also resulted from them. Its timeline starts from 2010 and continues through 2015, a time period in which the first professional master’s programs were implemented in Brazil. To consolidate the research, the qualitative method was used, with an investigative character pervaded by a quantitative approach, in which bibliometrics were applied. For this research, national scientific databases such as SciElo and CAPES were surveyed, which allowed for initial considerations regarding the mapping of scientific production related to educational products resulting from Professional Master’s Degree in Teaching programs. In order to sustain the construction of this research, a documental survey was performed with regards to the educational policies related to the implementation of professional master’s programs in Brazil, as well as its legal documentation. Afterwards, the data collected with alumni from Professional Master’s Degree in Teaching programs were also surveyed. The educational product of this study aims at serving as an auxiliary in the elaboration process of educational products developed by students in Professional Master’s Degree in Teaching courses. For such a purpose to be fulfilled, it suggests tools for business modeling which are focused on problem solving and on its users, taking into consideration approaches such as Design Thinking, Value Proposition Canvas, and Minimum Viable Product, applied to educational purposes.",nacional,4,0,0,0,0,0,nucleo,
IFAM,oai:localhost:4321/357,Desenvolvimento profissional de coordenadores do NAPNE do Instituto Federal do Acre,2019,por,"Costa, Luana Ugalde da",IFAM,inovacao_instituto_publico,"The Nucleus of Assistance to People with Specific Needs (NAPNE) is the department that collaborates with the actions of inclusion of people with disabilities in the institutions of the Federal Network of Professional, Scientific and Technological Education. Understanding the importance of training NAPNE coordinators for the effective inclusion process in the Federal Institutes, this research aims to understand
in which aspects the experience of an action plan of continuing education contributes to the professional development of NAPNE coordinators of the Federal Institute of Acre -IFAC. For that, we present historical and legal aspects of Special Education, using as reference the authors Pacheco and Alves (2007), Mendes (2006) and Mantoan (2006); (1999), Esteves Neto (2014), Bortolini (2012) and Nascimento, Florindo e Silva (2013); this is the inclusion of students with disabilities in the Federal Network institutions,
based on the views of Kuenzer (1999); and discusses the professional development of teachers, having Day (2011), Garcia (1999) and Rodrigues (2005) as central references. The research has a qualitative character and, because of it allows the problematization of the questions concerning the daily practice of the participants and have a formative characteristic, action research was chosen as a research strategy,
being carried out in four phases: diagnostic; planning; implementation and evaluation. The IFAC was chosen as a research site and the NAPNE coordinators of Rio Branco, Sena Madureira, Xapuri, Tarauacá and Cruzeiro do Sul campi participated in the research, however only one of them was able to participate in all phases of the research. Data collection techniques, interviewing and documentary analysis were
used as data collection techniques. The Discursive Textual Analysis was used to analyze the data collected from the continuous training actions implemented with the participant coordinator of all research phases. From this, we show that their experience in continuing education actions contributed to the development of knowledge, skills and attitudes related to their professional performance. The training actions implemented contributed to the elaboration of the Continuing Education in Special Education for NAPNE Coordinators, the product of this research, which was evaluated for its success, merit and value by four professionals with experience in Special Education of Federal Network institutions, of the states of Bahia, Mato Grosso, Rio Grande do Norte and Rio Grande do Sul, and by a representative of the Secretariat of Professional and Technological Education (SETEC), of the Special Advisory Sector for
Productive Social Inclusion and Diversity at EPT. The ad hoc evaluators issued a favorable opinion on the product, for the most part, so that the course can be considered valid in its objective of collaborating for the professional development of NAPNE coordinators and for the inclusion of students with disabilities in the Federal Network.",nacional,1,0,0,0,0,0,nucleo,IFAC was chosen as a research site and the;IFAC. For that;Instituto Federal do Acre The Nucleus of Assistance to
IFAM,oai:localhost:4321/369,Jogo de tabuleiro no processo de ensino aprendizagem de direito no curso de Tecnologia em Organização de Serviços Judiciários,2019,por,"Oliveira, Sarah Correia",IFAM,economia_solidaria,"The broad use of the traditional methodology in the teaching learning process of the disciplines inherent to the legal courses is evident, however, it is already settled the understanding that the exclusive application of the methodology in question is not enough for the formation of the integral human being, objective Clearly pursued by the courses of Professional and Technological Education, among which stands out in
the pr esent work, the Technology in Organization of Judicial Services precisely be cause of the affinity of subjects with the bachelor of Law. As an alternative to the exclusive application of the pedagogical proposal that keeps the student as a mere content repr oducer, the use of the game is advocated as a tool capable of realizing the application of a new educational perspective, through the development of cooperative and collaborative works, striving for student autonomy in the field. knowledge construction pro cess. In order to analyze the truth of the idealized hypothesis was develope d and applied the educational product TriLegal, consisting of a mobile game equipped with physical board intended for students of the Technology Course in Organization of Judicial Services to work the content related to rights and guarantees. fundamental r ights in Articles 5 to 14 of the Federal Constitution. According to the analysis of the data collected in the field research, the educational product proved to be a facilitating in strument of the teaching learning
process.",nacional,1,0,1,1,0,1,nucleo,
IFAM,oai:localhost:4321/44,Empreendedorismo na formação de professores: uma proposta formativa,2018,por,"Barros, Marcus Marcelo Silva",IFAM,inovacao_instituto_publico,"The referent study entitled ""Entrepreneurship in teacher training: a formative proposal"" 
is the result of research conducted in the MPET of the Federal Institute of Education, 
Science  and  Technology  of  Amazonas  (IFAM),  whose  interest  originated  from  the 
relation between entrepreneurship and education, has led to the search for understanding 
teachers' positions regarding the importance of entrepreneurship as a strategy for teacher 
training, in view of a professional who daily expends efforts to prepare citizens to meet 
and respond to the demands demanded by the world of work . For the development of 
the study, it was necessary, in the first moment, to adopt a theoretical perspective based 
on the formation of teachers, their approaches and unfolding. In a second moment, it 
was  about  entrepreneurship,  its  trajectory,  entrepreneurial  characteristics  and  its 
applicability  in  the  educational  context.  As  to  the  fundamentals  and  execution  of  the 
methodological  course,  the  research  was  of  mixed  nature  (quantitative  /  qualitative), 
through  the  exploratory  research,  using  as  an  instrument,  for  the  data  collection, 
questionnaire  and  interview.  The  collected  data  were  treated  by  Discursive  Textual 
Analysis - ATD. As subjects of this study, teachers of the Federal Institute of Education, 
Science and Technology of Acre - IFAC, who work in the Rio Branco Campus, were 
surveyed. The results obtained through the ATD process indicated: how the researched 
teachers  identify,  relate  and  conceptualize  the  term  entrepreneurship  in  front  of  their 
experiences  and  family  trajectory;  the  importance  and  influence  of  teacher  educators 
who  have  used  innovative  and  contextualized  forms  of  teaching  in  the  classroom, 
contributing  significantly  to  their  training  process;  and  the  need  to  provide  an 
entrepreneurial  environment  in  the  institution,  so  as  to  create  and  foster  an 
entrepreneurial culture, configuring itself as an educational strategy. As a result of the 
results  and  contestations,  a  product  was  created  entitled:  entrepreneurship  refresher 
course for teachers, as a contribution to the training process of teachers. Finally, it is 
expected  that  our  research  will  promote  and  encourage  debates,  reflections  and 
discussions  about  the  applicability  of  entrepreneurship  in  the  educational  context, 
especially in teacher training.",nacional,1,0,0,0,0,0,nucleo,
IFAM,oai:localhost:4321/54,Inclusão no contexto dos Institutos Federais de Educação: contribuições do NAPNE do IFAM,2018,por,"Dall'Alba, Jacira",IFAM,inovacao_politicas_publicas;inovacao_instituto_publico,"The Federal Institutes of Education have advanced in pedagogical terms with the implementation of the Nucleus of Attention to People with Special Needs (NAPNE), aiming to break with the conceptual, attitudinal and procedural barriers, promoting inclusive actions articulated with teaching, research and extension. These nuclei are based on the guidelines resulting from the World Conference on Education for All, the Salamanca Declaration and the National Policy on Special Education in the Perspective of Inclusive Education. The present study proposes, through a diagnosis made with the teachers of the Federal Institute of the Amazonas (IFAM) Campus Manaus Zona Leste (CMZL), indicators that guide the improvement in the NAPNE assignments execution, based on the answers of the subjects involved in the research . The methodological proposal of this work consists of a qualitative approach, since the object of the research was based on the analysis of the public policies of inclusion through the attributions of NAPNE. Regarding the means, the research was documental and bibliographic analysis and case study (circumscribed to the IFAM / CMZL), being the research participants teachers who work in the professional and technological education of the IFAM / CMZL. Based on this research, it was possible to affirm that the participating teachers showed an interest in participating in actions that allow inclusion in professional and technological education. The results indicate the need for a more effective planning, monitoring and evaluation in the implementation of the actions proposed by NAPNE, considering that the nucleus should work together with the other sectors of the campus and, consequently, articulated with the attributions of NAPNE Systemic IFAM.",nacional,2,0,0,0,0,0,nucleo,IFAM The Federal Institutes of Education;IFAM. IFAM
IFAM,oai:localhost:4321/55,Saberes docentes na formação inicial de professores para a educação profissional técnica de nível médio,2018,por,"Silva, Fernanda Rebeca Araújo da",IFAM,inovacao_instituto_publico,"Understanding that Knowledge Teachers are important in the profession and are over the
training process, we developed an investigative journey whose main objective was to
understand in what ways the actions developed in undergraduate courses allow the construction
of Knowledge Teachers for Vocational Education Level Technical medium (EPTNM). The
locus of the research was the Federal Institute of Education, Science and Technology Amazon
- Manaus Campus Center, and had as subjects the students of Degree courses in Biology,
Chemistry, Physics and Mathematics of the institution. In view of the active participation of
individuals, elected as a theoretical and methodological support action research, a process made
possible the development of the discipline ""Professional Education High School Technical"", to
degree courses. For us to reach this product initially seek to know the knowledge that proved
necessary for teacher education to EPTNM along the historical trajectory of this education, with
the epistemological positioning the design of Knowledge Teachers proposed by Tardif (2014),
the same time contextualize this discussion establishing dialogues with Manfredi (2002),
Kuenzer (2007), among others. Later in the meeting with the students, proceeded to listen to
the experiences of the students of degrees in the EPTNM classrooms, and this took place in two
main phases: 1) at the stage of diagnosis, with activities developed in Stage Seminar discipline
and the meetings of the Fellowship Program Introduction to Teaching; 2) the development and
implementation of a Short Course. The survey data, interpreted based on the Text Analysis and
Discourse evidenced Knowledge Teachers for EPTNM: knowledge about this type of education
and its characteristics; understanding of the integral formation of EPTNM of students in the
social context in which they live; the construction of disciplinary joints within the curriculum,
based on the work, science and technology. Resulting from the analysis of this knowledge, we
understand that training activities should contemplate the epistemological, ontological and
methodological aspects. The survey also shows as a result, the urgent need for discussions on
the training processes for EPTNM the Federal Institutes such as identity element of their degree
courses.",nacional,1,0,0,0,0,0,nucleo,
IFAM,oai:localhost:4321/259,Curso de atualização: empreendedorismo para professores,2018,por,"Barros, Marcus Marcelo Silva",IFAM,inovacao_instituto_publico,"The Refresher Course: Entrepreneurship for Teachers is the result of the dissertation ""ENTREPRENEURSHIP IN TEACHER TRAINING: a formative proposal"", developed in the Professional Master's Degree in Technological Teaching of IFAM, and is intended, as an initial offer, to Teachers who work in Federal Institute of Education, Science and Technology of Acre - IFAC, Rio Branco Campus. The course will be in the classroom, with duration of twenty (20) hours and distributed in five (5) curricular components, focusing on the theme of entrepreneurship and teacher development. This course aims to present to teachers who work at IFAC, the applicability of entrepreneurship in the educational context, especially in teacher education. Thus, it is expected that undertaking in education, cease to be just a speculation or expectation and set with a real possibility and applicable in teaching practice.",nacional,1,0,0,0,0,0,nucleo,
IFB,oai:repositorio.ifb.edu.br:1/2325,"Descritores.com: uma plataforma web de apoio ao planejamento do ensino, avaliação e prática docente. Integrando a taxonomia de bloom revisada, teoria ator-rede e descritores",2026,por,"Alves, Edilton Costa",IFB,geral,"A dissertação investiga o desenvolvimento de uma plataforma web voltada ao
planejamento do ensino, avaliação e prática docente, integrando a Taxonomia de
Bloom Revisada (TBR) e a Teoria Ator-Rede (TAR). O estudo se insere na linha de
pesquisa em Educação Profissional e Tecnológica (EPT) e busca facilitar a criação
de descritores de aprendizagem e avaliação, aprimorando a eficácia dos docentes no processo de ensino. A metodologia utilizada no desenvolvimento desta
dissertação combina elementos de pesquisa de design e pesquisa qualitativa
aplicada, com sustentação teórica na TAR, que destaca a interdependência entre
atores humanos e não humanos no contexto educacional. Metodologicamente,
a pesquisa utilizou o Mapa de Jornada, uma ferramenta aplicada para mapear
as interações entre docentes e o software. A criação de personas foi central
para o design centrado no usuário, garantindo que o software respondesse às
reais necessidades pedagógicas. A plataforma foi desenvolvida com base nas
contribuições de 15 docentes, dos quais 13 participaram ativamente da pesquisa,
oferecendo insights sobre as dificuldades e potencialidades no uso de descritores.
Os resultados indicaram que, antes do uso do software, muitos docentes enfrentavam barreiras na sistematização e clareza dos descritores, comprometendo a
qualidade do planejamento e da avaliação. Após a implementação da plataforma,
foi observado um aumento na precisão e na organização dos descritores, facilitando o alinhamento com os níveis cognitivos da TBR e melhorando o processo
de ensino-aprendizagem. A relevância do estudo está na inovação tecnológica
aplicada à educação, oferecendo uma solução prática que integra teorias pedagógicas com ferramentas digitais, contribuindo para a formação de profissionais mais
qualificados e para uma prática docente mais eficiente e estruturada. O software
demonstrou potencial para transformar as práticas pedagógicas, simplificando a
criação de descritores e ampliando o impacto educacional.",nacional,2,0,0,0,0,0,contexto,
IFB,oai:repositorio.ifb.edu.br:1/2639,"Realização, planejamento e poder: uma análise das características comportamentais de mulheres empreendedoras sob a ótica de Mcclelland",2026,Português (Brasil),"Costa, Marina Teles Vieira da",IFB,geral,"O empreendedorismo feminino tem desempenhado um papel crescente na economia em todo mundo com mais mulheres buscando iniciar e administrar seus próprios negócios. O presente trabalho teve como objetivo geral identificar e analisar as características comportamentais empreendedoras das mulheres do Instituto Social Fonte de Luz. A abordagem metodológica utilizada nesta pesquisa é quantitativa, quantos os objetivos são descritivos e a estratégia adotada foi o levantamento de dados. O instrumento utilizado refere-se às características comportamentais empreendedoras (CCE’s) desenvolvidas por David McClelland. Na busca por identificar as características comportamentais empreendedoras das Mulheres do Instituto Social Fonte de Luz, expôs-se que as deficiências nos quesitos como análise de oportunidade, informações, planejamento, persistência, rede de colaboração, controle e intenção de empreender são fatores urgentes a serem analisados para a sobrevivência e sustentabilidade dos seus pequenos negócios.",nacional,0,0,0,0,2,0,contexto,
IFB,oai:repositorio.ifb.edu.br:1/2144,Formação Inicial e Continuada de professores na Educação Profissional e Tecnológica: o uso do Raspberry Pi com metodologias ativas,2026,por,"Oliveira, Cláudio Dornellas de",IFB,geral,"A Formação Inicial e Continuada (FIC) na Educação Profissional e Tecnológica (EPT) enfrenta desafios relacionados à rápida evolução das tecnologias digitais e à necessidade de incorporar metodologias ativas que promovam a formação dos estudantes e a inovação nas práticas pedagógicas. O presente estudo apresenta uma investigação no campo da EPT e o desenvolvimento de um Produto Educacional: um curso FIC para docentes da EPT. O presente trabalho consistiu em uma análise qualitativa e quantitativa, iniciando com uma pesquisa exploratória e documental, que visou identificar as lacunas e necessidades na formação docente da EPT, com relação aos cursos FIC. Em seguida, foi aplicado um curso FIC (Produto Educacional), com ênfase no uso das tecnologias digitais, especificamente o computador Raspberry Pi, como recurso didático que promova a prática pedagógica. O computador Raspberry Pi foi escolhido por sua acessibilidade
e versatilidade, bem como sua aplicabilidade aliada às metodologias ativas de ensino, particularmente a metodologia ativa Sala de Aula Invertida, que promove uma postura autônoma e ativa dos estudantes no processo de aprendizagem. Os resultados da pesquisa demonstraram que a integração de tecnologias digitais no processo de formação continuada dos professores da EPT não só foi viável, como também pôde contribuir para a modernização das práticas pedagógicas. A utilização do computador Raspberry Pi mostrou-se particularmente eficaz, tanto do ponto de vista pedagógico quanto econômico, permitindo que os professores adquirissem novas habilidades tecnológicas e aplicassem essas habilidades em suas práticas pedagógicas diárias. A pesquisa apontou para a necessidade de atualização constante dos docentes, especialmente diante das rápidas transformações tecnológicas e educacionais que marcaram o período pandêmico e pós-pandêmico, que afetaram significativamente as práticas pedagógicas. Este trabalho apresenta uma proposta para o avanço da educação profissional, destacada pelos resultados da pesquisa, que evidenciam a carência de cursos FIC adequados às necessidades dos docentes da EPT. Os resultados também demonstram como as tecnologias digitais foram incorporadas na formação continuada dos professores, promovendo a formação dos estudantes e atendendo às demandas contemporâneas da educação.",nacional,2,0,0,0,0,0,contexto,
IFB,oai:repositorio.ifb.edu.br:1/2111,A imagem do professor como formação e informação: um estudo da imagem profissional de professores na educação profissional e tecnológica (EPT),2026,por,"Marchi, Paulo Fernando de",IFB,inovacao_instituto_publico,"O presente estudo visa a analisar e refletir sobre a imagem do professor como agente de
formação e informação, particularmente no âmbito da Educação Profissional e Tecnológica
(EPT). Além disso, busca-se avaliar o impacto desses elementos na percepção dos alunos
matriculados nos cursos de Tecnologia em Hotelaria e Técnico em Hospedagem Integrado
ao EM, bem como na identidade profissional dos próprios docentes, considerando o
contexto específico do Instituto Federal de Brasília (Campus Riacho Fundo), fornecendo
uma análise e reflexão sobre a imagem profissional no contexto da Educação Profissional e
Tecnológica (EPT), bem como avaliar o impacto desses elementos no processo de
aprendizagem dos alunos e na qualidade geral da educação profissional. Para o
desenvolvimento da pesquisa, o método foi organizado com abordagem qualitativa com foco
nas percepções imagéticas, haja vista que essas estratégias, ainda pouco exploradas na
EPT, têm o potencial de oferecer insights valiosos. Para a obtenção dos resultados, este
estudo empregou procedimentos metodológicos exploratórios mistos, tais como
questionários e grupos focais. A pesquisa contou ainda com uma revisão da literatura,
incorporando contribuições de autores especializados na temática da imagem. Os resultados
advindos destas investigações possuem um potencial significativo para aprimorar as práticas
pedagógicas relacionadas à imagem e promover o desenvolvimento profissional dos
docentes atuantes nesse domínio específico da educação. Os resultados evidenciam que a
definição da imagem abarca múltiplas dimensões, requerendo uma integração harmoniosa
de seus elementos individuais para formar uma totalidade coesa. Na análise da aparência,
torna-se patente que as características visíveis não podem ser consideradas de forma
isolada ou independente umas das outras. Dentro desse contexto, o universo visual é
concebido como um sistema orgânico, no qual é difícil remover qualquer elemento sem
provocar uma alteração substancial em toda a imagem. A pesquisa enfatiza as percepções
imagéticas dos alunos em relação aos professores na Educação Profissional e Tecnológica
(EPT), bem como as percepções dos próprios professores em relação à sua própria
imagem. O produto educacional gerou resultados positivos e os professores demonstraram
que seu uso contribuirá para o aprimoramento da imagem como formação e informação no
ambiente do campus.",nacional,2,0,0,0,0,0,contexto,Instituto Federal de Brasília
IFB,oai:repositorio.ifb.edu.br:1/262,Desenvolvimento de novo produto alimentício: suspiro vegano,2025,por,"Santos, Júlia Pereira Loiola",IFB,geral,"As exigências dos consumidores na área de produtos alimentícios está cada vez maior, e a
inovação é fundamental para diversificar os produtos do mercado e obter uma boa
comercialização, atendendo assim, às necessidades e levando novas experiências para o seu
público alvo. Desse modo, buscou-se criar um novo produto alimentício com resíduos da soja
(aquafaba) tendo como referência o doce merengue, também conhecido no Brasil como
suspiro. Com o crescimento do público saudável e vegano, o novo produto se adequaria a
esse público específico também atendendo a outros tipos de consumidores como uma forma
de reduzir custos, aproveitar resíduos e favorecer a sustentabilidade. Diante disso, foram
feitos testes para padronizar a aquafaba em relação à temperatura, pH, e tempo, para encontrar
a melhor emulsão e consequentemente a melhor formulação do produto que se adequasse à
qualidade sensorial do produto original. Por meio de estudos e testes, foi possível caracterizar
que o melhor tempo para o remolho foi o de 6 horas, com cozimento do grão em panela aberta
por 1 hora e 20 minutos, sendo necessário emulsionar a amostra por 13 minutos em batedeira,
com um descanso de 40 minutos antes de assar para obter maior estabilização. Por
conseguinte, foi necessário ajustar o pH da aquafaba para 4 e delimitar o tempo de assamento
necessário em 50-60 minutos a 70°C. Concluiu-se que a aquafaba de soja é um possível
subproduto para ser utilizado na indústria de alimentos, por conter características importantes
e capacidade sensorial para compor novos produtos alimentícios sustentáveis.",nacional,2,0,0,0,1,0,contexto,
IFB,oai:repositorio.ifb.edu.br:1/205,Sustentabilidade e ecodesign na moda: um estudo de caso da marca farm,2025,por,"Santiago, Isabele Vilar",IFB,geral,"Este trabalho de conclusão de curso analisa as práticas sustentáveis e
princípios de ecodesign adotadas pela marca brasileira de moda Farm, com ênfase
em seus impactos ambientais e na relevância para a indústria da moda. A pesquisa
teve como metodologia a revisão bibliográfica e estudo de caso para explorar como
a Farm integra a sustentabilidade em seus processos produtivos. Ademais, entre as
principais iniciativas da Farm, destacam-se a utilização de matérias-primas
certificadas, a utilização do upcycling na criação de novas peças, a redução do
desperdício têxtil por meio do desenvolvimento estratégico de estampas e cortes,
além de projetos voltados para a compensação de emissões de carbono, como o
plantio de árvores. Bem como, também foi analisado o ciclo de vida dos produtos da
marca onde evidenciou como as práticas sustentáveis podem prolongar sua
durabilidade, reduzindo a geração de resíduos. Portanto, pode-se concluir que os
resultados obtidos neste trabalho demonstram que a aplicação de estratégias de
sustentabilidade não apenas fortalece a identidade da marca no mercado, mas
também serve de exemplo para outras empresas do setor. Dito isso, a moda
sustentável é uma tendência necessária, sendo fundamental que outras marcas
sigam esse caminho para minimizar os impactos ambientais da indústria. Por fim, é
necessário que pesquisas futuras explorem a aplicação de ecodesign em outras
empresas, ampliando a discussão sobre inovação e sustentabilidade no setor da
moda.",nacional,2,0,0,0,1,0,contexto,
IFB,oai:repositorio.ifb.edu.br:1/304,"Eventos LGBT+ em Brasília: produção, inovação e criatividade",2025,por,"Souza, Lucas Vaz dos Santos",IFB,geral,"A comunidade LGBT+ é composta de pessoas lésbicas, gays, bissexuais, transgênero e demais pluralidades de gênero/sexualidade. A produção de eventos para este segmento vem ganhando espaço, por diversos motivos, que passam pelo viés econômico, político e social. Brasília, capital do Brasil, é a cidade foco deste estudo que tem como objetivo geral analisar os eventos LGBT+ produzidos em Brasília e os processos de criatividade e inovação utilizados por seus produtores, e como objetivos específicos: a) estudar o mercado de eventos de Brasília voltado para o público LGBT+; b) analisar o perfil dos produtores de eventos LGBT+ da capital; c) entender o processo de criação e inovação dos eventos. Os procedimentos metodológicos utilizados nesta pesquisa, são de caráter qualitativo, com coleta de dados através de questionário aplicado para 32 produtores de eventos da cidade. Como principais resultados, evidenciou-se que apesar do pouco tempo de atuação dos produtores de eventos no mercado, os mesmos estão atentos e atualizados com as demandas do público consumidor que se apresenta cada dia mais exigente e em busca de qualidade e inovação nos eventos, destaca-se também a questão da identidade de gênero entre quem produz e quem consome os eventos LGBT+, como também a formação acadêmica de nível superior da maioria dos respondentes.",nacional,2,0,0,0,1,0,contexto,
IFB,oai:repositorio.ifb.edu.br:1/1958,Laboratório de gestão: prática da indissociabilidade do tripé educacional,2025,por,"Silva, Gabriela Raquel de Assis da",IFB,inovacao_instituto_publico,"A presente pesquisa tem por objetivo analisar de que forma um laboratório de gestão
pode contribuir com a prática da indissociabilidade do tripé educacional na
comunidade acadêmica do IFB Campus Gama. Para alcançar esse objetivo,
buscou-se promover a indissociabilidade de práticas de ensino, pesquisa e
extensão; desenvolver empreendedorismo e prática profissional em ambiente
educacional; e; analisar de que forma o laboratório de gestão atua nas práticas
indissociáveis do tripé educacional. Para tal tarefa, foi desenvolvida uma pesquisa
qualitativa, a apreensão dos dados de campo realizou-se por meio de entrevistas e
observação participante. Os dados coletados foram interpretados por meio da
análise de conteúdo, criando categorias a posteriori. A partir dos resultados
constatou-se que o Laboratório de Gestão contribui para alcançar as propostas
educacionais do Instituto Federal de Brasília, e que a utilização do Laboratório de
Gestão no campus Gama, promoverá a indissociabilidade das práticas do tripé
educacional. Desta forma, este trabalho preenche lacunas de estudos, valoriza a
área de logística a partir de um olhar para a educação e gestão, contribui
diretamente para a formação acadêmica e profissional dos estudantes, propõe outro
olhar para práticas de ensino, pesquisa e extensão e quebra paradigmas ao
questionar a estrutura dominante.",nacional,0,0,0,0,0,0,contexto,IFB Campus Gama. Para alcançar esse;Instituto Federal de Brasília
IFB,oai:repositorio.ifb.edu.br:1/516,O ensino de história do Distrito Federal nos cursos técnicos integrados ao Ensino Médio do IFB,2025,por,"Santos, Leur Carlos Costa dos",IFB,inovacao_instituto_publico,"Esta pesquisa se propôs a investigar o lugar e o tratamento dado ao ensino de História
do Distrito Federal nos cursos técnicos integrados ao Ensino Médio do Instituto
Federal de Educação, Ciência e Tecnologia de Brasília (IFB) e, a partir dessa reflexão,
desenvolver um produto educacional que pudesse auxiliar docentes de História desta
instituição a ampliar as possibilidades de ensino de temas vinculados a história local
e regional. Para alcançar tal propósito, debatemos, por meio da literatura disponível,
algumas especificidades da História (disciplina escolar) e a relevância do ensino de
história local e regional nos Institutos Federais e no contexto da Educação Profissional
e Tecnológica (EPT). Os procedimentos metodológicos adotados foram a análise
documental de Planos de Curso e ementas da disciplina de História dos cursos de
Ensino Médio Integrado à Educação Profissional do IFB e a realização de entrevistas
semiestruturadas com docentes de História dos cursos estudados. Tais procedimentos
nos permitiram chegar à conclusão de que a História do DF é discutida ainda de forma
esporádica nos cursos pesquisados. Esta situação torna o produto educacional
desenvolvido um útil suporte de referências para que os professores ampliem seu
leque de possibilidades para trabalhar com temas da história local e regional numa
perspectiva crítica.",nacional,1,0,0,0,0,0,nucleo,IFB Esta pesquisa se propôs a investigar o;IFB e a realização de entrevistas
IFB,oai:repositorio.ifb.edu.br:1/349,Competências socioemocionais no Ensino Médio Integrado: resiliência acadêmica em estudantes em situação de vulnerabilidade,2025,por,"Dantas, Ana Claudia Santana",IFB,inovacao_instituto_publico,"Este estudo teve como objetivo desenvolver um curso fundamentado nas
competências socioemocionais com vistas à promoção da resiliência acadêmica em
estudantes do Ensino Médio Integrado (EMI) em situação de vulnerabilidade
socioeconômica. A motivação para sua realização foi a percepção acerca das muitas
dificuldades enfrentadas pelos estudantes ao longo do Ensino Médio Integrado (EMI),
em especial de estudantes em situação de vulnerabilidade socioeconômica residentes
na instituição de ensino. Nesse intuito, indicou-se o trabalho pedagógico voltado ao
desenvolvimento de competências socioemocionais, em especial o fomento à
resiliência acadêmica como uma das ações para o enfrentamento dessas dificuldades.
Destaca-se a resistência em desenvolver essas competências na escola, uma vez que
ainda se privilegia a dimensão cognitiva. Assim, este trabalho visa romper com esse
paradigma ao considerar o EMI como uma modalidade que atua na perspectiva de
formação integral e emancipatória, tendo a escola como um local que acolhe as
juventudes em sua complexidade e diversidade. Nesse intuito, foi realizada uma
pesquisa-ação desenvolvida junto a servidores e estudantes contemplados pelo
Programa de Residência Estudantil, ofertado pelo Instituto Federal de Brasília -
Campus Planaltina. Foram realizadas entrevistas com servidores que atuam com
estudantes residentes e questionários aplicados a esses estudantes. Os dados
apontam a relevância social dos Institutos Federais na vida daqueles que estão em
situação de vulnerabilidade, ao terem acesso a uma educação profissional e
tecnológica pública e de qualidade e, a partir dessa formação, vislumbrar novas
perspectivas de vida. Constatou-se que o Programa de Residência Estudantil além de
ser um facilitador geográfico, apresenta um potencial como fator protetivo e como
espaço pedagógico, possibilitando para aqueles que o vivenciam desenvolvimento de
competências socioemocionais. Destaca-se que esse trabalho só é viável se houver
uma equipe exclusiva e capacitada para atuar com esses jovens. Infere-se, ainda, que
o desenvolvimento de competências socioemocionais, bem como da resiliência
acadêmica são frutos de um processo de aprendizagem, e portanto, podem ser
fomentadas na escola. A partir da análise da percepção desses sujeitos e da vivência
da pesquisadora foi criado como produto educacional o Curso PermaneSER:
acolhimento aos estudantes residentes do Ensino Médio. Conclui-se, com essa
pesquisa, a necessidade do desenvolvimento de competências emocionais ao longo
da Educação Básica e que as ações nesse sentido não se limitem a projetos isolados
de servidores ou setores, mas que integram o currículo escolar.",nacional,3,0,0,0,0,0,nucleo,Instituto Federal de Brasília
IFB,oai:repositorio.ifb.edu.br:1/2069,Educação empreendedora para mulheres: um olhar sobre o desenvolvimento de competências empreendedoras e as transformações comportamentais nos negócios,2025,Português (Brasil),"Silva, Thalyta Rodrigues",IFB,geral,"O empreendedorismo feminino enfrenta desafios, mas as mulheres estão provando que têm habilidades e capacidades profissionais semelhantes às dos homens. Programas de promoção do empreendedorismo feminino podem contribuir ainda mais para o desenvolvimento dessas capacidades. Para efeito deste estudo, no que se refere às características relacionadas às competências para empreender na economia criativa, optou-se pelo embasamento teórico à luz de Man e Lau (2000) que estabeleceram seis fatores condicionantes para abarcar as competências empreendedoras, a saber: i) Competências de oportunidade; ii) Competências administrativas; iii) Competências de relacionamento; iv) Competências estratégicas; v) Competências de comprometimento; e vi) Competências conceituais. O objetivo geral foi verificar se as ações de capacitação do curso ""Educação empreendedora para mulheres: Um olhar sobre as competências"" conseguiram transferir conhecimento, aprimorar habilidades e influenciar positivamente as atitudes das mulheres empreendedoras, impactando nos seus negócios de acordo com as competências de Man e Lau. Trata-se de uma pesquisa exploratória, descritiva e de abordagem qualitativa, desenvolvida por meio de pesquisa ação. Os dados foram obtidos por meio de um questionário eletrônico e de registros das observações da pesquisadora. Os resultados da pesquisa evidenciaram que as empreendedoras possuem perfis diversificados no que diz respeito à idade, nível de escolaridade, uso de tecnologias digitais e acesso à internet para vendas. As empreendedoras encontram-se em idade avançada, com variações nas habilidades digitais e na utilização de plataformas online. Esses dados apontam para a necessidade de programas de capacitação que promovam inclusão digital e atendam às demandas específicas dessa população. Ademais, constatou-se que, com treinamento adequado, as empreendedoras podem explorar estratégias de marketing baseadas em relacionamentos e redes sociais, otimizando seus negócios. Conclui-se que as atividades desenvolvidas no curso, incluindo aulas teóricas, práticas e participação em eventos voltados ao fortalecimento do empreendedorismo feminino, contribuíram para a ampliação das competências empreendedoras das participantes com base na metodologia de Man & Lau.",nacional,0,0,0,0,1,0,contexto,
IFB,oai:repositorio.ifb.edu.br:1/1874,Lazer e hospitalidade: a ludicidade e o bem estar bem no Centro de Educação Infantil 01 de Brasília,2025,por,"Conceição, Maria Onide da",IFB,geral,"O presente artigo versa sobre a relação entre o lazer, a hospitalidade, a
ludicidade infantil e o bem estar bem no Centro de Educação Infantil 01 de Brasília.
Com base nisso, tem por objetivo trazer a reflexão acerca da ludicidade e fomentar a
inovação da ludicidade no Centro de Educação Infantil de Brasília. A metodologia
aplicada consistiu de revisão bibliográfica e pesquisa de campo com questionário
contendo perguntas abertas e fechadas, para a coleta de dados. O resultado mostrou
que há percepção por parte dos entrevistados com relação à baixa participação dos
estudantes nas atividades lúdicas na unidade escolar pesquisada, refletidas na falta
de incentivo por parte dos educadores na promoção de brincadeiras diferentes e
inovadoras. Assim, sugerem-se futuras investigações que possibilitem propostas de
estratégias bem elaboradas com vistas a alcançar o pleno desenvolvimento das
crianças da educação infantil.",nacional,2,0,0,0,0,0,contexto,
IFBA,oai:repositorio.ifba.edu.br:123456789/142,Transferência de tecnologia: aspectos teóricos e práticos sobre contratos,2022,por,"Simões, Fabrício dos Santos",IFBA,geral,.,nacional,2,0,0,0,0,0,contexto,
IFBA,oai:repositorio.ifba.edu.br:123456789/228,Geração de inovação em saúde a partir de pesquisas financiadas  pelo Programa de Pesquisa para o SUS do Estado da Bahia,2022,por,"Macedo, Daiane Schultz",IFBA,geral,"The  Research  Program  for  SUS  (PPSUS)  is  a  shared  health  management initiative that aims to support research aimed at solving priority health problems for  the  population. However,  there  are  challenges  in  achieving  the  results established by the Program, such as the incorporation and use of the results of these  researches  in  the  SUS.  In  this  context, the  present  study presents  the 
following guiding question: what innovations were generated by research funded by  PPSUS  in  the  state of  Bahia  and  were  incorporated  into  the  System? Therefore, the objective of this work was to analyze the results of research funded by PPSUS in the state of Bahia, in four editions already completed, regarding the verification of the generation of innovation in health and its application in the SUS. 
For this, the work was carried out from a qualitative research, with an exploratory descriptive character. Data collection consisted of three stages, the first being carried out on the documentary survey of project summaries approved by the PPSUS-BA notices, Nº 020/2010, Nº 020/2013, Nº 030/2013 and Nº 003/2017; 
the  second,  from  the  documentary  survey  of  the  final  reports  of  the  research projects;  and  the  third,  through  a  semi-structured  interview  with  the  research coordinators  and  operational  managers  of  the  PPSUS  in  the  state  of  Bahia, including the actors of the Fundação de Amparo à Pesquisa do Estado da Bahia (FAPESB)  and  the  Health  Department  of  the  State  of  Bahia.  (SESAB).  To 
organize and process the data, Lawrence Bardin's content analysis was used in the first and third stages of the research. The conduction of the analysis was structured  in  three  chronological  phases:  pre-analysis;  the  exploration  of  the material;  and  the  treatment  of  results,  inference  and  interpretation.  It  can  be concluded that the implementation of PPSUS in the state of Bahia contributed to scientific  production,  the  training  of  human  resources  and  made  possible  the articulation between the areas of health and science and technology, with the funding of important research for the state. However, of the 144 projects that were examined,  only  15  resulted  in  potentially  innovative  technical  innovations,  but 
only three projects had results incorporated into the SUS. Another highlight is that the study advances in the field of health innovation methodologies, because there are no mechanisms in the literature that can categorize innovations in this field of knowledge. The study brings some recommendations for FAPESB and SESAB to create strategies to improve the process of incorporation of results to services, through adjustments in future project selection notices, creation of an information system  for  dissemination  of  results  in  the  state  and  improvement  in  the operationalization procedures of the Program.",nacional,4,0,0,0,0,0,nucleo,
IFBA,oai:repositorio.ifba.edu.br:123456789/258,Apropriação  de  inventos  pelas  fundações  de  amparo  à  pesquisa,2022,por,"Santana, Roquelina",IFBA,geral,"Considering that the State Research Support Foundations financially support projects 
that may result in inventions that can be appropriated through patents, it was proposed 
in this paper to analyze how the regulations of the state research support foundations 
deal  with  the  appropriation  through  patents  arising  from  the  results  of  projects 
supported by them and how many patents were deposited by each of them. To this 
end, the regulatory documents of the twenty-seven Brazilian state research funding 
foundations, established in the federative units in the period from 1960 to 2022, were 
researched  regarding  the  possibility  of  appropriation  of  intellectual  property  rights, 
more  specifically,  the  rights  related  to  patents.  A  survey  of  the  number  of  patent 
deposits and grants of these foundations was also carried out, allowing a comparison 
between the data. From then on, and based on the theoretical referential, the directives 
that  permeate  the  appropriations  of  inventions  of  these  foundations  were  listed,  in 
addition to their characteristics, highlighting the differences between the foundations 
of support and support for research. Thus, this research is of an applied nature, with a 
quali-quantitative  approach,  of  a  descriptive  character,  based  on  documentary 
research procedures and technological prospection.  The data portrayed that all the 
researched foundations were constituted by means of legal norms, and that, so far, 
only  the  six  foundations  Fundação  de  Amparo  à  Pesquisa  do  Estado  da  Bahia 
(FAPESB), Fundação de Amparo à Pesquisa do Estado de Goiás (FAPEG), Fundação 
de Amparo à Pesquisa do Estado de São Paulo (FAPESP), Fundação Carlos Chagas 
Filho de Amparo à Pesquisa do Rio de Janeiro (FAPERJ), the Fundação de Amparo 
à Pesquisa do Estado de Minas Gerais (FAPEMIG), and the Fundação de Amparo à 
Pesquisa do Estado do Rio Grande do Sul (FAPERGS), have a formal Intellectual 
Property policy  document.  It  was  also  verified  that  the  Fundação  de  Amparo  à 
Pesquisa do Estado de São Paulo and Fundação de Amparo à Pesquisa do Estado 
de  Minas  Gerais  have  a  significant  number  of  patent  deposits  in  contrast  to  the 
research  support  foundations  located  in  the  North  region  of  Brazil  that  only  the 
foundation  established  in  the  State  of  Pará  participated  in  co-ownership,  however, 
presented quantitative equal to 1 as a result.",nacional,1,0,0,0,0,0,contexto,
IFBA,oai:repositorio.ifba.edu.br:123456789/144,"Tecnologias, Informação, Saúde e Educação",2022,por,"Reis, Caroline Dias Paim de Souza (Org)",IFBA,geral,.,nacional,0,0,0,0,0,0,contexto,
IFMG,oai:repositorio.ifmg.edu.br:20.500.14387/3048,Análise da percepção da comunidade acadêmica sobre a cultura empreendedora no IFMG Campus Ribeirão das Neves,2026,por,"Silva, Thuanne Leal da",IFMG,inovacao_instituto_publico,"Uma cultura empreendedora em uma instituição é um importante impulsionador de atividade de empreendedorismo e inovação. Entretanto, a percepção sobre a cultura pode variar de acordo com as ações que são desenvolvidas e até mesmo com o envolvimento das pessoas nessas ações. Nas Instituições de Ensino não é diferente, a percepção do alunado sobre a cultura de inovação e empreendedorismo pode variar de contexto para contexto. Neste sentido, esta pesquisa busca analisar a percepção da comunidade acadêmica sobre a cultura empreendedora no IFMG campus Ribeirão das Neves. Para se alcançar os objetivos propostos foi feita uma pesquisa de abordagem mista que envolveu a aplicação de questionários a 105 pessoas. Os resultados mostram que a maioria dos respondentes percebem importantes atividades relacionadas ao empreendedorismo e inovação. Entretanto, é necessário maior envolvimento dos discentes em atividades relacionadas.",nacional,2,0,0,0,0,0,contexto,IFMG Campus Ribeirão das Neves Uma cultura;IFMG campus Ribeirão das Neves. Para se
IFMG,oai:null:20.500.14387/2979,O uso da inteligência artifical no processo de recrutamento e seleção,2026,por,"Nascimento, Isabela Siqueira",IFMG,geral,"Este estudo analisa a transição do modelo tradicional de Recrutamento e Seleção (R&S) para o digital, com foco central no papel da Inteligência Artificial (IA) como ferramenta estratégica no setor de Recursos Humanos. O objetivo geral da pesquisa consistiu em analisar o uso da IA nos processos de recrutamento e seleção, identificando seus benefícios e limitações frente às exigências de um mercado globalizado e tecnologicamente avançado. Metodologicamente, a pesquisa classifica-se como de natureza básica e abordagem qualitativa, utilizando o procedimento de revisão bibliográfica narrativa com caráter exploratório e descritivo. O levantamento fundamentou-se em obras de autores clássicos, como Chiavenato, e em publicações científicas recentes em bases de dados como SciELO e Google Acadêmico. Os resultados indicam que a implementação de ferramentas de IA, como algoritmos de Machine Learning e Processamento de Linguagem Natural (NLP), proporciona ganhos significativos em agilidade, redução de custos operacionais e assertividade na triagem de currículos, superando a morosidade dos processos manuais. Plataformas como Gupy e LinkedIn são destacadas como pilares desse ecossistema digital. Contudo, a pesquisa revela limitações críticas, notadamente o viés algorítmico — que pode reproduzir preconceitos históricos —, a opacidade nas decisões (efeito caixa-preta) e desafios relativos à privacidade de dados em conformidade com a Lei Geral de Proteção de Dados (LGPD). Conclui-se que, embora a IA atue como um potente catalisador de eficiência e inovação, sua aplicação exige uma supervisão humana ética e criteriosa. O equilíbrio entre a automação tecnológica e a sensibilidade humana é indispensável para garantir processos seletivos justos, inclusivos e alinhados aos valores organizacionais, mitigando o risco de desumanização nas contratações.",nacional,2,0,0,0,3,0,contexto,
IFMG,oai:null:20.500.14387/2955,Modelos de gestão empresarial no Futebol Mineiro: um estudo comparativo entre o Cruzeiro Esporte Clube (SAF) e o Clube Atlético Mineiro (Holding/SAF) no período de 2022 a 2025,2026,por,"Silva, João Vitor Da Rocha",IFMG,geral,"O futebol brasileiro consolidou-se, nas últimas décadas, como um fenômeno esportivo, social e econômico de grande relevância, exigindo estruturas administrativas compatíveis com sua crescente complexidade organizacional e institucional. Este estudo teve como objetivo analisar de que maneira diferentes modelos de estruturação administrativa, a SAF no Cruzeiro Esporte Clube e o modelo de holding seguido de transição para SAF no Clube Atlético Mineiro influenciaram a sustentabilidade institucional e organizacional, a governança corporativa e o desempenho esportivo no período de 2022 a 2025. A pesquisa adotou abordagem qualitativa, de caráter descritivo e comparativo, fundamentada em pesquisa bibliográfica e documental, sendo classificada como Estudo de Caso Documental Comparativo.A análise foi orientada por um Modelo Analítico de Gestão Profissional no Futebol, estruturado a partir de cinco dimensões centrais: estrutura organizacional, governança corporativa, profissionalização da gestão, relação com stakeholders e sustentabilidade institucional. Os resultados evidenciaram que a simples adoção de uma nova forma jurídica não garante, por si só, estabilidade organizacional ou competitividade esportiva. No caso do Cruzeiro, a conversão à SAF em um contexto de colapso administrativo possibilitou maior reorganização institucional, fortalecimento da governança e maior previsibilidade organizacional ao longo do período analisado. Em contraste, o Atlético Mineiro apresentou um processo de empresarização marcado por estrutura híbrida, elevada dependência de investidores e instabilidade institucional, mesmo diante de receitas elevadas.Concluiu-se que a sustentabilidade institucional no futebol brasileiro depende menos do modelo jurídico adotado e mais da qualidade da gestão profissional, da continuidade administrativa e da consolidação de práticas de governança, transparência e planejamento estratégico, elementos fundamentais para o reposicionamento competitivo e organizacional dos clubes no cenário esportivo contemporâneo",nacional,1,0,0,0,1,0,nucleo,
IFMG,oai:null:20.500.14387/2983,Análise comparativa do balanço financeiro de 2021 a 2024 do América-MG: uma perspectiva de sustentabilidade econômica,2026,por,"Oliveira, Ryan Samarony de Jesus",IFMG,geral,"O presente estudo realiza uma análise comparativa do balanço financeiro do América-MG entre 2021 e 2024, com enfoque na sustentabilidade econômica do clube dentro do modelo de Sociedade Anônima do Futebol (SAF). A pesquisa evidencia o cenário financeiro do clube antes e após a implementação da SAF, considerando indicadores como liquidez, endividamento, patrimônio líquido e receitas operacionais. Os resultados apontam que, entre 2021 e 2022, o América-MG enfrentou déficits significativos e aumento de passivos, resultado de custos operacionais elevados e do processo de constituição da SAF. A partir de 2023, observa-se uma reorganização financeira com redução de dívidas, maior controle contábil e atração de investidores. Em 2024, o clube apresentou seu primeiro superávit no período analisado, reforçando a eficácia da gestão profissionalizada e transparente, consolidando um modelo de governança sustentável. O estudo demonstra que a adoção da SAF permitiu ao América-MG equilibrar desempenho esportivo e estabilidade financeira, servindo como referência para outros clubes brasileiros que buscam aliar competitividade e sustentabilidade econômica.",nacional,1,0,0,0,1,0,nucleo,
IFMG,oai:repositorio.ifmg.edu.br:20.500.14387/2378,Modelagem de Aplicativo de Delivery para Economia Solidária,2025,Português,"Corrêa, Luís Fernando da Silva",IFMG,economia_solidaria,"Este trabalho apresenta a proposta de um modelo de sistema de delivery colaborativo, desenvolvido como alternativa às plataformas privadas tradicionais. O objetivo é oferecer uma solução de fácil replicação por cooperativas, associações comunitárias ou outras formas de organização baseadas na economia solidária, com menor custo operacional e foco na valorização da economia local. A metodologia adotada incluiu análise comparativa de aplicativos existentes, levantamento de requisitos e elaboração de protótipos com base em dados coletados por meio de formulários aplicados a consumidores, empreendedores e entregadores. Como resultado, foi obtida uma documentação visual e conceitual, que pode servir como base para o desenvolvimento de soluções comunitárias mais justas, transparentes e sustentáveis.",nacional,3,0,1,1,0,2,nucleo,
IFMG,oai:null:20.500.14387/2304,Avaliação de conformidade com os requisitos da NR 10 - Segurança em Instalações e Serviços em Eletricidade: estudo de caso em uma indústria alimentícia,2025,Português,"Cardoso, Henrique Martins",IFMG,geral,"O avanço tecnológico e a crescente complexidade dos processos de trabalho aumentaram os riscos ocupacionais, reforçando a relevância da Segurança do Trabalho para a proteção dos trabalhadores e a promoção de ambientes laborais seguros. No Brasil, as Normas Regulamentadoras (NRs), instituídas em 1978, representam um marco nesse contexto, com destaque para a NR-10, que regula a segurança em instalações elétricas, atividades de alto risco presentes em diversos setores industriais. Este estudo avaliou a conformidade de uma unidade fabril do setor alimentício com os requisitos da NR-10, analisando aspectos técnicos, documentais e de governança relacionados à segurança elétrica. O levantamento das condições existentes identificou 11 não conformidades, incluindo a ausência de projeto elétrico, inadequações em áreas classificadas com risco de explosão e a falta de aprovação formal de procedimentos de trabalho por profissionais habilitados. Apesar das lacunas, constatou-se um alto nível de segurança, respaldado por medidas de controle implementadas e boas práticas adotadas. O estudo apresenta recomendações para corrigir os desvios identificados e fortalecer a gestão da segurança elétrica, promovendo prevenção de acidentes, conformidade normativa e melhoria contínua do ambiente de trabalho. Além disso, propõe um modelo de auditoria roteirizado aplicável a outros casos, contribuindo para a criação de um ambiente de trabalho mais seguro e alinhado às exigências normativas.",nacional,1,0,0,0,0,0,nucleo,
IFMG,oai:null:20.500.14387/2691,Da cor ao nome: como a arte em mosaico e a gastronomia contemporânea podem  contribuir para o processo autoral,2025,Português,"Vizotto, Aila Esteves",IFMG,geral,"A gastronomia contemporânea tem se consolidado como campo multifacetado e interdisciplinar, podendo influenciar e ser influenciada por diferentes campos do saber, a arte aparece nesse cenário relacionando-se estreitamente com a gastronomia. A partir desse contexto, o trabalho tem como objetivo geral apresentar como a arte dos mosaicos pode inspirar a criação de um prato autoral, incorporando conceitos da gastronomia contemporânea, de modo a compreendê-la como uma expressão artístico-cultural. Para tal finalidade, tem como objetivos específicos analisar a relação entre a arte e a gastronomia contemporânea, identificar elementos da arte dos mosaicos que possam ser aplicados como referência conceitual e estética na gastronomia, investigar a culinária mineira, apresentar os conceitos de Slow food e Comfort food, e como foram aplicados na construção do prato. A pesquisa adota uma abordagem qualitativa de caráter exploratório, fundamentada em levantamento bibliográfico e na experimentação prática. O referencial teórico aborda a aproximação entre arte e gastronomia, a tradição da culinária mineira vinculada ao conceito de Comfort food e as propostas do movimento Slow food, centradas em valores de sazonalidade, sustentabilidade e valorização de alimentos regionais. O processo prático foi inspirado no mosaico “O pavão”, de André Vizotto, articulando fragmentos de elementos visuais e gastronômicos para compor uma experiência sensorial, estética e simbólica. O desenvolvimento teórico-prático resultou no prato, “Cores e nomes” que transita entre tradição e inovação, ao revisitar a canjiquinha com carne suína em novas texturas e apresentações, incorporando também memórias afetivas e referências culturais. Conclui-se que a gastronomia contemporânea, ao dialogar com a arte, reafirma seu caráter interdisciplinar e expressivo, podendo constituir-se como veículo de identidade, memória e pertencimento, além de promover reflexões sobre consumo consciente e democratização do acesso à alimentação e à arte.",nacional,2,0,0,0,0,0,contexto,
IFMG,oai:null:20.500.14387/2553,Transição energética no transporte público brasileiro metodologia de estudo sobre infraestruturas de recarga para ônibus elétricos,2025,Portugês,Gilson de Souza Pereira Junior,IFMG,geral,"Este estudo apresenta uma abordagem metodológica para a análise de infraestruturas de recarga de ônibus elétricos no contexto da transição energética do transporte público brasileiro. O trabalho aborda aspectos técnicos, operacionais e estratégicos, oferecendo insights sobre os desafios e oportunidades para a implementação de soluções de recarga sustentáveis e eficientes nos sistemas urbanos de transporte coletivo.",nacional,0,0,0,0,0,0,contexto,
IFMG,oai:null:20.500.14387/2784,"IFMG Extramuros: educação, tecnologias e gestão : volume 1",2025,por,,IFMG,inovacao_instituto_publico,"IFMG EXTRAMUROS: Educação, Tecnologias e Gestão nasceu da ideia de publicar as pesquisas desenvolvidas no campus de Ribeirão das Neves. Este projeto relaciona-se diretamente à proposta dos Institutos Federais que,
por meio das três áreas fi nalistas: Pesquisa, Ensino e Extensão, busca exercer a Educação Profi ssional e Tecnológica (EPT), cuja proposta é compreender as bases da organização do trabalho como princípio educativo, estando a pesquisa a serviço da educação emancipadora. Nesse sentido, um dos objetivos dos Institutos é superar a dicotomia sobre o trabalho intelectual e manual, por meio dos fundamentos científi cos dos processos do mundo do trabalho. Vale ressaltar que ser uma instituição de EPT faz dos Institutos um agente social com papel preponderante para a cidadania, já que a EPT se debruça sobre os valores de uma educação integral ao se comprometer com uma educação politécnica e omnilateral.",nacional,1,0,0,0,0,0,nucleo,IFMG EXTRAMUROS;IFMG Extramuros
IFMG,oai:repositorio.ifmg.edu.br:20.500.14387/1805,Tecnologias sociais para agricultura familiar: uma revisão sistemática da literatura,2024,Português,"Silva, Rafaiana Cristina Sousa",IFMG,tecnologia_social,"Este estudo focou na análise da tecnologia social aplicada à agricultura familiar. Apresentou como problemática e questões norteadoras: o que a literatura científica indica sobre o uso de tecnologia social para a agricultura familiar? Quais são as tendências do estudo desta temática? Desse modo, o presente estudo teve como objetivo geral analisar as publicações sobre as tecnologias sociais para a agricultura familiar, por meio da revisão sistemática da literatura na Plataforma Periódicos CAPES. Para tal, foi realizada uma análise bibliográfica por meio de uma abordagem sistemática da literatura, este estudo também se configurou como um estudo descritivo. Para a coleta de dados, foi criado um protocolo de pesquisa e a plataforma utilizada foi Periódicos Capes, com o termo de busca “tecnologias sociais para agricultura familiar”, sem limite de tempo estipulado e em idioma português. A coleta ocorreu de 12 a 22 de abril de 2024. A partir do refinamento da pesquisa e aplicação dos parâmetros de exclusão, foram selecionados 11 artigos para este estudo. Efetuou-se a leitura completa dos 11 artigos e análise de conteúdo e categorização destes. Os resultados, primeiramente, foram analisados de acordo com a categorização geral, que indicaram os anos de 2020 e 2022 como os anos que mais teve números de publicação ao mostrar o número de artigos publicados anualmente. As principais classificações Qualis CAPES dos periódicos dos artigos selecionados foi a B3 com maior predominância, o que demonstrou boa qualidade científica e acadêmica. Já em relação à metodologia adotada nestes estudos, verificou-se que a abordagem qualitativa foi predominante, e quanto aos objetos de estudos dos artigos foram em sua maioria das regiões Sul e Nordeste. Na análise da fundamentação teórica, a obra mais referenciada entre os estudos foi o estudo de Mattos e Farias Júnior (2011) sobre o Biodigestor. As categorias criadas foram: tecnologia biodigestor, tecnologia social hídrica, agroecologia, mecanização agrícola, apicultura e papel do agente público na tecnologia social. Conclui-se que, apesar de muitas tecnologias sociais disponíveis, elas são encontradas de maneira dispersa na literatura devido à especificidade de aplicação de cada uma. A revisão sistemática realizada para este estudo concluiu que as publicações são recentes e apresentaram baixo volume de artigos científicos abordando especificamente tecnologias sociais para a agricultura familiar. A tendência dos estudos focou em tecnologias relacionados ao uso do biodigestor, tecnologias hídricas, agroecologia, mecanização agrícola, apicultura e na importância do papel do agente público na implementação dessas tecnologias.",nacional,2,0,1,0,0,0,nucleo,
IFMG,oai:repositorio.ifmg.edu.br:20.500.14387/1919,"A abertura do mercado livre de energia via comercializador varejista sob a ótica da sustentabilidade: certificado de energia renovável, economia e calculadora de viabilidade",2024,Português,"Matos, Thiago Filipe de",IFMG,geral,"O mercado livre de energia brasileiro permite, desde 1999, a negociação de preços de energia entre agentes geradores, comercializadores e consumidores, desde que alguns requisitos regulatórios sejam atendidos, o que criou um nicho de mercado restrito às empresas de médio e grande porte. Em 2022, o Ministério de Minas e Energia publicou a Portaria nº 50 de 2022, garantindo o direito a todos os consumidores de alta tensão (grupo A) de poderem migrar para o ambiente de livre contratação desde janeiro de 2024. Devido a essa autonomia, novas empresas podem ter acesso à energia limpa, renovável, sustentável, certificada e com zero emissão de carbono, além de reduzirem significativamente seus custos financeiros com energia elétrica. Porém, a legislação do setor e os métodos para se calcular os ganhos financeiros são pouco disseminados e de difícil compreensão para quem não é da área de comercialização de energia. Dessa forma, essa dissertação tem por objetivo explicar como uma empresa pode reduzir seus custos no consumo de energia e zerar suas emissões de CO2 nesse segmento, através do Certificado de Energia Renovável. Essa oportunidade está aderente ao Objetivo de Desenvolvimento Sustentável nº 07 da Organização das Nações Unidades e às melhores práticas ambientais, sociais e de governança. Dois artigos são apresentados neste trabalho como capítulos. O primeiro artigo, no capítulo 2, aborda o que é o certificado de energia renovável (REC) por meio de uma revisão sistemática da literatura. A certificação do consumo de energia elétrica proveniente de fontes renováveis permite às empresas zerarem suas emissões de gases do efeito estufa. O segundo artigo, no capítulo 3, explica a nova legislação, os critérios e cálculos para aquisição de energia renovável no mercado livre de energia, através do comercializador varejista. Uma metodologia de cálculo com fórmulas matemáticas é apresentada com o intuito de simplificar e popularizar o conhecimento. Por fim, complementado o estudo apresentado, é apresentado um Produto Técnico-Tecnológico (PTT): um programa de software desenvolvido em Python, denominado Calculadora Mercado Livre, para aplicar o conhecimento apresentado através de um sistema acessível e que gera um estudo a partir de dados inseridos pelo usuário e tarifas homologadas pela Agência Nacional de Energia Elétrica (ANEEL) automaticamente atualizadas.",nacional,2,0,0,1,1,1,nucleo,
IFMG,oai:null:20.500.14387/1402,"Uma Análise sobre a Gestão de Riscos nos Institutos Federais de Educação,  Ciência e Tecnologia",2023,Português,"Terra, Juliano Mendonça",IFMG,inovacao_instituto_publico,"Esse estudo teve como objetivo elicitar a percepção dos responsáveis pela gestão de riscos dos institutos federais, sobre as práticas adotadas, identificação dos principais riscos, desafios da implantação e impactos e contribuições decorrentes da implantação da gestão de riscos. A aplicação da pesquisa nos institutos federais se deu pela relevância da autarquia no cenário educacional nacional, singularidade do desenho organizacional e inexistência de estudos específicos sobre a gestão de riscos nessa autarquia federal. A metodologia envolveu a realização de um censo, o qual envolveu a aplicação de um questionário desenvolvido por Araújo (2019) a todos os responsáveis pela gestão de riscos dos trinta e oito institutos federais, obteve-se uma taxa de respostas de 75% (27 respondentes e 2 institutos declararam não ter iniciado a implantação da gestão de riscos), na sequencia foi realizada uma análise exploratória e descritiva dos dados. Entre os principais resultados, há evidências de um esforço relevante da 
administração dos institutos federais para a implantação da gestão de riscos, sendo que os responsáveis diretos percebem sua importância e potencial, entretanto, constataram-se diversas e importantes fragilidades no status atual de implantação, como a falta de mapeamento de processos, possíveis capacitações ineficientes, excesso de demandas dos servidores, falta de engajamento e desconhecimentos de ferramentas tecnológicas que facilitam a gestão de riscos. Outro resultado importante, é a indicação que as instituições têm uma preocupação maior com riscos operacionais do que com riscos financeiros. Ao analisar as fragilidades na implantação da gestão de riscos nos institutos federais, observou-se a possibilidade de que a administração dessas instituições apresente condições precárias para atender à exigência legal de implementação da gestão de riscos. No entanto, além dessa finalidade, outros aspectos como a sobrecarga de demandas, a falta de mapeamento de processos e a ausência de um modelo de gestão de pessoas adequado também podem ser considerados como indicadores de recursos precários e capacidade administrativa limitada para alcançar os objetivos e finalidades dos institutos federais.",nacional,1,0,0,0,0,0,nucleo,
IFMS,oai:repositorio.ifms.edu.br:123456789/471,Xeque mate! potencialidades pedagógicas da utilização do jogo de xadrez no ensino médio integrado à educação profissional em uma perspectiva interdisciplinar,2025,Portugues,"Silva, Geni Ester Boschetti da",IFMS,inovacao_instituto_publico,"Neste trabalho, investiga-se sobre o jogo de xadrez como recurso pedagógico que pode ser utilizado como possibilidade de interdisciplinaridade, visto que este é um dos princípios orientadores para a construção de um currículo integrado, modalidade de ensino que tem tido foco nos Institutos Federais - IFs. O lócus da pesquisa é o Instituto Federal de Mato Grosso do Sul IFMS, busca se implementar a interdisciplinaridade, motivo que justifica a pesquisa, tendo em vista que se trata da construção do conhecimento sobre recurso pedagógico que pode ser um tema gerador da interdisciplinaridade. Assim, o objetivo geral desta pesquisa é “Identificar possibilidades pedagógicas de utilização interdisciplinar do jogo de xadrez no Ensino Médio Integrado à Educação Profissional, como possibilidade de integração curricular”. No percurso metodológico, fez se a revisão de literatura sobre o jogo de xadrez e investigou se como o xadrez é utilizado no IFMS; para tanto, realizaram se entrevistas semiestruturadas com professores que já realizaram atividades com o jogo de xadrez no contexto do IFMS. Para a análise construção dos dados coletados por meio da entrevista, serviu de base a análise de conteúdo de Bardin (1977). Esta pesquisa é de natureza qualitativa/aplicada, na medida em que resultou no desenvolvimento de um Produto Educacional, que consiste em um E-book, contendo materiais e práticas pedagógicas que podem ser utilizados por professores que desejam explorar potencialidades do xadrez como ferramenta pedagógica, demonstrando o potencial interdisciplinar do referido jogo. O E-book foi disponibilizado aos docentes do IFMS, os quais foram convidados para avaliar o produto educacional, a fim de que se realizem ajustes, melhorias e refinamentos para então a versão final do Produto Educacional ser disponibilizada ao público em geral.",nacional,1,0,0,0,0,0,nucleo,IFMS. Para a análise construção dos dados;IFs. O lócus da pesquisa é o Instituto
IFMS,oai:repositorio.ifms.edu.br:123456789/458,Recursos e estratégias de aulas em laboratórios para estudantes com baixa visão na Educação Profissional e Tecnológica,2025,Portugues,"Cardoso, Luiz Roberto",IFMS,inovacao_instituto_publico,"O presente trabalho visa o estudo da política de inclusão para estudantes com necessidades educacionais específicas. Em especial, pretende-se desenvolver um recurso pedagógico para auxiliar os docentes do Campus Campo Grande, do Instituto Federal de Mato Grosso do Sul, que lecionam para estudantes com deficiência de baixa visão. Estes discentes, nas aulas de laboratórios, normalmente, ficam impossibilitados de alcançarem o máximo do seu desenvolvimento possível, devido ao fato de que estes laboratórios não estão adaptados para receberem este aluno por falta de recursos pedagógicos e tecnologias assistivas, portanto, não há um ambiente inclusivo. Para tanto buscar-se-á um aprofundamento na literatura existente, que ampara esse tipo de inclusão. Trata-se de uma pesquisa qualitativa, de revisão bibliográfica e análise documental, com a finalidade de melhorar a acessibilidade dos alunos de baixa visão nos ambientes dos laboratórios, como orientação aos docentes nas aulas práticas, e buscar estimulá-los a serem participativos nas aulas. Para isso, far-se-á uma busca nos documentos institucionais: Projeto Político Pedagógico (PPC) e o Regimento Interno do Núcleo de Atendimento às Pessoas com Necessidades Específica (NAPNE) dos cinco Institutos Federais pesquisados, de como estão sendo ministradas as aulas de laboratórios e quais tecnologias assistivas e recursos pedagógicos estão sendo utilizados. Portanto, na prática de ensino da educação inclusiva, sendo o docente mediador da relação aluno-aprendizagem para educandos deficientes e não deficientes. Pensando nesta inclusão, o produto educacional é uma cartilha em forma de História em Quadrinhos, contribuindo para uma melhor interação entre o professor e o aluno no processo de ensino e aprendizagem",nacional,1,0,0,0,2,0,nucleo,Instituto Federal de Mato Grosso do Sul
IFMS,oai:repositorio.ifms.edu.br:123456789/473,"Gestão e disponibilização da produção técnico-científica dos institutos federais de educação, ciência e tecnologia por meio de repositórios institucionais",2025,Portugues,"Porto, Vera Lúcia Solano Feitosa",IFMS,inovacao_instituto_publico,"Não obstante o tempo de criação do Instituto Federal de Educação, Ciência e Tecnologia de Mato Grosso do Sul (IFMS), que completou 10 anos em 2018, sua comunidade acadêmica e seu corpo docente têm se destacado por meio de significativas pesquisas científicas. Essas produções, por sua vez, poderiam estar mais amplamente disponíveis para a sociedade, em especial se considerarmos o potencial de diversos recursos tecnológicos possibilitados pela internet, os avanços constantes das Tecnologias da Informação e Comunicação (TIC) e as contribuições do Movimento do Acesso Aberto para a democratização de acesso ao conhecimento científico. Para solucionar problemas como estes, muitas instituições de ensino estão fazendo uso de Repositórios Institucionais (RI). Os repositórios tornaram-se ferramentas úteis às instituições de ensino, pois possibilitam reunir, organizar, preservar e disponibilizar a produção intelectual da instituição nos mais diversos formatos. Nesta pesquisa, inicialmente, buscamos responder às seguintes perguntas: de que maneira o IFMS disponibiliza sua produção técnico-científica? A maneira atual consegue atender às necessidades da comunidade acadêmica? A partir disso, objetivou-se implantar um repositório digital (DSpace©) no campus Coxim do IFMS, como projeto experimental. A metodologia adotada neste trabalho é a pesquisa exploratória, com abordagem qualitativa, do tipo bibliográfica e documental. Foram coletados dados por meio da aplicação de quatro questionários com os seguintes objetivos: identificar como se dá o processo de coleta, organização, disponibilização e a efetiva usabilidade dos Trabalhos de Conclusão de Curso (TCC) no IFMS; avaliar a possível necessidade e interesse da comunidade acadêmica por um Repositório Institucional; analisar o impacto de um repositório experimental instalado no campus Coxim; aplicar e analisar um produto educacional, o Compila.IF, site desenvolvido por meio desta pesquisa e disponível gratuitamente pelo endereço eletrônico compilaif.wixsite.com/website. O produto educacional tem por objetivo disponibilizar o acesso aos RI implantados nos IF, poupando tempo dos pesquisadores e interessados nas pesquisas desenvolvidas nessas instituições, bem como trazer informações de como depositar, nesses repositórios, dicas de pesquisa que podem facilitar e otimizar o tempo dos usuários nessas plataformas e em outras bases de pesquisas, além de sugestões aos profissionais da informação e docentes para que promovam e potencializem o uso dos RI. Os resultados desta pesquisa demonstram que há a necessidade de se instituir procedimentos padronizados para a gestão e disponibilização dos TCCs pelas bibliotecas do IFMS. A solução apontada para essa questão seria a adoção do trabalho de forma sistêmica, ou seja, a implantação do Sistema de Bibliotecas do IFMS, uma vez que são dez bibliotecas na Instituição que executam as mesmas atividades, e isso poderia facilitar a relação entre os gestores, bibliotecários e, especialmente, com os usuários. Conclui-se, principalmente, que há a necessidade de implantação de um RI no IFMS, quer seja pelo interesse dos estudantes, quer seja pelos professores e principalmente para os bibliotecários, que poderão auxiliar fortemente na disseminação das produções técnico-científicas produzidas na Instituição.",nacional,1,1,0,0,0,0,nucleo,IFMS disponibiliza sua produção técnico-;IFMS. A solução apontada para essa questão;Instituto Federal de Educação
IFMS,oai:repositorio.ifms.edu.br:123456789/475,Desenvolvimento de um aplicativo educacional para visita técnica: uma proposta para aplicação no ensino médio integrado,2025,Portugues,"Dutra, Elizandra Pequeno",IFMS,inovacao_instituto_publico,"Os Institutos Federais têm como objetivo ofertar Educação Profissional e Tecnológica, em todos os seus níveis e modalidades, formando e qualificando os indivíduos para atuação profissional nos diversos setores da economia. O Ensino Médio Integrado (EMI) é uma das modalidades de ensino oferecidas nestas instituições, que utilizam diversas práticas pedagógicas no processo de ensino e aprendizagem. Dentre essas, está a realização de visitas técnicas, que oportunizam aos estudantes aliar a teoria com a prática, permitindo uma experiência direta com o mundo do trabalho, além de contribuir com a complementação didático pedagógica das disciplinas. A presente pesquisa teve como objetivo analisar os procedimentos utilizados no Instituto Federal de Mato Grosso do Sul para promover a realização de visitas técnicas no EMI avaliando assim a percepção dos docentes sobre a realização de visita técnica nos cursos integrados de nível técnico, desenvolvendo um aplicativo educacional para auxiliar em todas as fases da promoção, organização e realização destas visitas sendo que, a da validação deste produto educacional ocorreu com os docentes da instituição. O estudo é de natureza qualitativa e envolveu as seguintes etapas: levantamentos bibliográficos; buscas e leituras não sistemáticas de publicações sobre temas ligados ao desenvolvimento de aplicativos e a realização de visitas técnicas no EMI; percepção dos docentes; aplicação de um questionário em docentes para analisar suas concepções em relação à visita técnica como recurso pedagógico; desenvolvimento do aplicativo educacional descrevendo detalhes sobre a escolha e desenvolvimento do software informativo, bem como a interação estudante /professor /estudante, fornecendo uma lista de empresa/instituição disponíveis para a visitação e a análise do questionário aplicado aos docentes após a utilização do aplicativo. De modo geral, a aplicação do questionário apontou que os docentes compreendem a importância da visita técnica como recurso metodológico, todavia, houve relatos enfatizando que a execução é cansativa e muito trabalhosa. Todos os docentes que responderam ao questionário relataram que um aplicativo educacional poderia auxiliar na organização e realização de uma visita técnica. Em relação ao aplicativo desenvolvido e aplicado, em razão da pandemia causada pelo vírus Covid-19, houve um prejuízo em relação a sua utilização em uma visita real. Porém, a testagem realizada apontou que o aplicativo é interessante e possui funcionalidades que facilitam a execução das visitas técnicas.",nacional,1,0,0,0,0,0,nucleo,Instituto Federal de Mato Grosso do Sul para promover a
IFMS,oai:repositorio.ifms.edu.br:123456789/453,Conhecer para incluir: uma proposta formativa sobre transtorno do espectro autista (TEA) para servidores do IFMS,2025,Portugues,"Araujo, Gustavo Medina",IFMS,inovacao_instituto_publico,"Este estudo de mestrado teve, como motivação, uma premissa pessoal e profissional. Dessa forma, destaca-se o Transtorno do Espectro Autista (TEA), tema em questão, que está inserido no convívio familiar do pesquisador, que, frequentemente, busca caminhos para inclusão do seu filho no ambiente de ensino. O autor, como assistente de aluno no Instituto Federal de Mato Grosso do Sul (IFMS) - campus Aquidauana, percebeu a necessidade de familiarizar-se com os conceitos sobre o TEA do ponto de vista da inclusão escolar. Assim, trazemos como objetivo geral: compreender como está a inclusão escolar de estudantes com TEA no IFMS, campi Campo Grande e Três Lagoas, bem como desenvolver e avaliar um curso de formação on-line sobre TEA na perspectiva da inclusão escolar, no âmbito da EPT, para servidores do IFMS. Em relação ao problema de pesquisa, foi levantada a seguinte questão: Trabalhar conceitos sobre TEA na perspectiva da inclusão escolar, por meio de uma proposta formativa para servidores do IFMS, pode contribuir para inclusão de estudantes com TEA? Sobre a fundamentação teórica, temos a Teoria Histórico-cultural de Vigotski. Dessa maneira, trabalhamos alguns conceitos, tais como: atividades mediadas, processo de formação de conceitos e Zona de Desenvolvimento Proximal (ZDP). No que diz respeito ao método, o estudo é exploratório, cuja finalidade é aplicada, com base em uma abordagem qualitativa. Para a análise de dados, utilizamos os preceitos da Análise de Conteúdo de Bardin. O estudo dos relatórios mostrará a relevância de adaptações curriculares, práticas educativas inclusivas; como o ensino colaborativo – união de saberes em prol da inclusão escolar. Para tal, é indispensável que os servidores sejam capacitados sobre o tema e que sejam incentivados os debates na instituição. O fato de não haver profissionais da educação especial, como mostram os relatórios do Núcleo de Apoio às Pessoas com Necessidades Educacionais Específicas (NAPNE), impossibilitou uma assistência especializada, que poderia auxiliar nas dificuldades dos estudantes. Como Produto Educacional (PE), optamos por produzir um curso on-line de 30 horas na modalidade Curso Livre, usando a plataforma Moodle do IFMS. O curso contém em seu escopo estudos sobre o TEA, inclusão escolar e história e política dos Institutos Federais. Quarenta servidores inscreveram-se no nosso curso livre, mas 26 concluíram, o que representou um aproveitamento de 65%. O resultado deste estudo mostra que o nosso curso livre foi eficiente para aquisição do conhecimento e para momentos de reflexão e debates sobre a temática. Cabe referir que 20 estudantes que iniciaram o curso com pouco ou nenhum conhecimento sobre o TEA, tiveram média de 9,4 na avaliação final, sendo 10 nota máxima. Além disso, todos os cursistas concluintes confirmaram que o curso proporcionou momentos de reflexão e 96,15% consideraram aplicar o conhecimento adquirido no ambiente escolar. O nosso trabalho, junto a outras ações promovidas pelos Institutos Federais, tem estimulado discussões sobre o TEA. Participamos de eventos em que o nosso projeto juntou-se a outras ações que, de alguma forma, trouxeram o tema para a escola. Também fomos responsáveis por três artigos científicos e um projeto de extensão.",nacional,1,0,0,0,0,0,nucleo,IFMS Este estudo de mestrado teve;IFMS. Em relação ao problema de pesquisa;IFMS. O curso contém em seu escopo estudos;Instituto Federal de Mato Grosso do Sul
IFMS,oai:repositorio.ifms.edu.br:123456789/492,Conhecendo as bases conceituais da educação profissional e tecnológica no Brasil: uma oficina pedagógica fundamentada em metodologias ativas e dialogicidade,2025,Portugues,"Moraes, Atila Alixandre de",IFMS,inovacao_instituto_publico,"A presente pesquisa teve como objetivo aplicar um curso de extensão por meio de uma oficina pedagógica fundamentada em metodologias ativas e dialogicidade sobre as bases que norteiam a Educação Profissional e Tecnológica no Brasil. A história da educação no Brasil é marcada pela dualidade entre o ensino técnico para os pobres e o propedêutico para os ricos. No entanto, o decreto 5.154 publicado em 2004 possibilitou a retomada da oferta do ensino médio profissional de forma integrada colocando em evidência o ensino brasileiro como política pública, modalidade de ensino que conjuga a formação básica à técnica e rompe a dualidade histórica registrada na Educação Profissional Brasileira (EPT), fomentando ao mesmo tempo o ensino da cultura geral e da formação profissional. Porém, parte dos ingressantes dos cursos técnicos integrados, estudantes de licenciaturas, população em geral e até mesmo docentes que atuam na EPT apresentam divergência de compreensão sobre o que seria uma formação técnica de nível médio integrada e sua efetiva aplicabilidade no ambiente escolar. Desse modo, atividades pedagógicas que venham a minimizar essa lacuna contribuem para ampliação e concretização dos conhecimentos referentes às bases conceituais que permeiam o ensino integrado ofertado nos Institutos Federais. O curso de extensão teve como tema central a Educação Profissional e Tecnológica no Brasil e foi realizada no Instituto Federal de Educação do Mato Grosso do Sul (IFMS) campus Coxim com uma carga horária total de oito horas. A oficina pedagógica foi organizada em três momentos: contextualização, planificação e reflexão. O primeiro foi a discussão da temática por meio da apresentação expositiva com auxílio de músicas que abordam o tema. No segundo, a planificação, os envolvidos mensuraram o problema pelo diálogo e elaboração colaborativa de atividades apoiadas em metodologias ativas e dialogicidade sobre as perspectivas dos mesmos em relação ao ensino técnico no Brasil e como este pode contribuir para uma formação integral do indivíduo. Por último, na reflexão, quando a sistematização do conhecimento é elencada, os participantes descreveram em grupo, suas impressões sobre a temática e socializaram com os demais. De modo geral, houve indícios de que a metodologia utilizada na aplicação da oficina colaborou com o entendimento sobre a história, bases conceituais, características dos cursos e perspectivas da educação profissional ofertadas nos Institutos Federais fundamentada em metodologias e práticas que proporcionem a integração. Espera-se que o produto educacional, oriundo desta pesquisa, estimule a utilização de ferramentas pedagógicas que promovam a interação e a formação integral dos estudantes.",nacional,1,0,0,0,0,0,nucleo,Instituto Federal de Educação do Mato Grosso do Sul
IFMS,oai:repositorio.ifms.edu.br:123456789/516,Curso - iniciação ao empreendedorismo,2025,português,"Silva, Priscila Veloso",IFMS,geral,"Este curso é um produto educacional originado no processo investigativo da pesquisa intitulada ""Empreendedorismo e inovação para o ensino técnico integrado: uma possibilidade pedagógica"", desenvolvida por Priscila Veloso Silva, sob a orientação do Prof. Dr. Fabricio César de Paula Ravagnani, no Mestrado Profissional em Educação Profissional e Tecnológica do Instituto Federal de Mato Grossodo Sul (ProfEPT/IFMS).",nacional,2,0,0,0,0,0,contexto,Instituto Federal de Mato Grossodo Sul
IFMS,oai:repositorio.ifms.edu.br:123456789/435,Organização de espaços pedagógicos na educação profissional e tecnológica: um olhar sobre a segurança do trabalho no uso de laboratórios no ensino médio integrado à educação profissional,2025,Portugues,"Cerqueira, Braulio Gaudencio",IFMS,inovacao_instituto_publico,"Esta dissertação, desenvolvida no contexto do Mestrado Profissional em Educação Profissional e Tecnológica (EPT) dos Institutos Federais, sob curadoria do grupo de pesquisa Currículo Integrado e Educação Profissional Tecnológica do Mato Grosso do Sul, tem o objetivo geral de identificar o grau de relevância de manual de segurança para Espaços Pedagógicos do tipo laboratórios de ensinos, contendo informações para o uso de laboratórios dos cursos Técnicos Integrados ao Ensino Médio em Mecânica e Eletrotécnica do Instituto Federal de Mato Grosso do Sul (IFMS), Campus Campo Grande, utilizados para promoção do ensino, pesquisa e extensão. Como problema de pesquisa, foram consultados dados oficiais brasileiros do Anuário Estatístico de Acidentes do Trabalho entre 2012 e 2022, que revelam ser o uso de máquinas e equipamentos a principal causa de acidentes no trabalho, sendo a faixa etária entre 18 e 24 anos a segunda mais acometida. Idades estas compatíveis com a dos estudantes matriculados e recém-egressos do IFMS. Como questão norteadora do estudo: “A construção de um manual com recomendações de Segurança e Saúde no Trabalho (SST) para a organização e o uso de Espaços Pedagógicos poderia contribuir positivamente na promoção da segurança em laboratórios de ensino da EPT?”. Justifica-se a pesquisa pela escassez de referencial teórico sobre o tema aplicado à EPT. Como procedimento metodológico para a construção do manual, foram feitas entrevistas semiestruturadas, conforme orienta Heloisa Szymanski, com docentes e técnicos do IFMS Campus Campo Grande, que utilizam estes espaços em suas atividades. Posteriormente, foi aplicado o método de análise de conteúdo, temática de Laurence Bardin, para extrair dados e subsidiar a construção do manual. Após a elaboração o manual, foi, mais uma vez, posto para apreciação dos participantes numa entrevista de validação. Os resultados das entrevistas de validação consolidaram os resultados finais da pesquisa, que demonstrou majoritária aderência e relevância do PE no planejamento e na efetivação de ações para as melhorias das condições de SST nestes Espaços Pedagógicos.",nacional,1,0,0,0,0,0,nucleo,IFMS Campus Campo Grande;IFMS. Como questão norteadora do estudo;Instituto Federal de Mato Grosso do Sul
IFMS,oai:repositorio.ifms.edu.br:123456789/450,O ensino de função polinomial de primeiro grau para alunos surdos: um olhar sobre o ensino médio integrado,2025,Portugues,"Menezes, Isabela Marinho",IFMS,inovacao_instituto_publico,"A legislação brasileira assegura que os direitos das pessoas surdas sejam garantidos. Contudo, fornecer o direito à educação de qualidade a qualquer pessoa, representa algo muito mais complexo, em comparação, na realidade, ao que a lei preconiza. Incluir significa conviver, aprender, e oportunizar o acesso com respeito e autonomia. Construímos uma sequência didática inclusiva aos alunos surdos que cursam o Ensino Médio Integrado, com o enfoque no conceito matemático de função polinomial de primeiro grau. A presente pesquisa reflete sobre a figura do docente como elemento fundamental para que essa inclusão escolar, de fato, seja uma realidade, sobretudo no que tange a interação com o profissional tradutor e intérprete de Libras. Questionamos: como a orientação sobre recursos visuais pode ampliar a qualidade de ensino e aprendizagem de função polinomial de primeiro grau à alunos surdos do ensino médio? Para tanto, nosso objetivo geral visa contribuir com a acessibilidade do ensino de função polinomial de primeiro grau para alunos surdos do Ensino Médio Integrado por meio de um Guia de orientações aos professores de Matemática, sustentado por práticas inclusivas. A pesquisa operacionaliza-se a partir de uma investigação qualitativa, com revisão bibliográfica, realização de entrevistas semiestruturadas, preenchimento de formulário no Google Forms e construção de um material auxiliar. Investigamos sete docentes de Institutos Federais brasileiros que atuam com estudantes surdos. Como produto educacional elaboramos um Guia de Apoio aos professores de Matemática, com orientações que os auxiliem na criação e adaptação das atividades, considerando as especificidades das pessoas surdas, no que tange à exploração do canal viso-espacial nas aulas. Esse material passou pela validação de professores surdos que contribuíram, inclusive, com a abordagem de suas dificuldades no ensino de alunos surdos. Acreditamos que o trabalho favorece a inclusão dos alunos surdos e principalmente a formação dos professores que trabalham com esses alunos, que nem sempre encontram fontes na literatura para orientá-los a como lecionar para esses alunos na sala regular. Essa dissertação contribui com a garantia do acesso e, principalmente da adoção dessa perspectiva bilíngue na educação, com base no ensino da Língua Brasileira de Sinais (Libras) como a primeira língua e a língua portuguesa como a segunda língua das pessoas surdas, fomentando a criação de novos materiais voltados à comunidade surda, bem como, o reconhecimento de sua língua, identidade e cultura.",nacional,2,0,0,1,0,1,nucleo,
IFMS,oai:repositorio.ifms.edu.br:123456789/439,Empreendedorismo e inovação para o ensino técnico integrado: uma possibilidade pedagógica,2025,Portugues,"Silva, Priscila Veloso",IFMS,inovacao_instituto_publico,"Este trabalho se insere na Linha de Pesquisa Práticas Educativas em Educação Profissional e Tecnológica (EPT) e no macroprojeto “Propostas metodológicas e recursos didáticos em espaços formais e não formais de ensino na EPT”. O objetivo principal foi mapear práticas pedagógicas do ensino de Empreendedorismo e Inovação ofertadas pelo Instituto Federal de Educação, Ciência e Tecnologia de Mato Grosso do Sul – IFMS, Campus Campo Grande e identificar a percepção dos estudantes do Ensino Médio Integrado (EMI) quanto à oferta da temática de Empreendedorismo e Inovação na matriz curricular e de que forma um Curso Online Aberto e Massivo (MOOC) de iniciação neste tema poderia estimular a participação dos estudantes em iniciativas empreendedoras e de cunho inovador ofertadas pelo campus, contribuindo assim para o desenvolvimento de características e atitudes empreendedoras ao longo da sua trajetória educacional. Para o desenvolvimento da pesquisa foi utilizada uma abordagem quanti-qualitativa, fundamentada na criação de um produto educacional, cuja realização aconteceu em cinco etapas: 1) definição do objetivo geral do curso, 2) identificação das necessidades de aprendizagem dos estudantes e professores pesquisadores, 3) elaboração, 4) testagem e 5) verificação do curso. As três primeiras etapas foram organizadas por meio de uma revisão sistemática (bibliográfica e documental), além de sondagem utilizando questionário fechado (formulário eletrônico), que foi aplicado junto aos estudantes dos EMI do IFMS - campus CG, independentemente de já terem cursado a disciplina de Empreendedorismo e Inovação, sendo esta contemplada no núcleo articulador da formação politécnica. Os resultados obtidos explicitaram que, embora exista um número limitado de investigações que abordem o tema empreendedorismo nos cursos MOOC, destinados a estudantes do EMI, a avaliação do produto educacional desenvolvido, quando aplicado aos estudantes demonstrou ser viável a sua oferta no currículo enquanto formação complementar. O mesmo também ficou evidenciado quando da sua análise feita pelos professores, a partir da convergência entre o conteúdo do curso e as demandas educacionais dos estudantes. Assim sendo, é fundamental entender as habilidades empreendedoras como componentes cruciais no processo de aprendizagem, especialmente quando incorporadas em uma abordagem inovadora de Educação Profissional e Tecnológica (EPT), a partir da reflexão e análise crítica das práticas utilizadas nas aulas de Empreendedorismo e Inovação, fomentando maior envolvimento dos estudantes, tendo em vista que estas habilidades foram delineadas e destacadas como imperativas no enfrentamento dos desafios inerentes ao atual mundo do trabalho.",nacional,2,0,0,0,0,0,contexto,IFMS - campus CG;Instituto Federal de Educação
IFMS,oai:repositorio.ifms.edu.br:123456789/463,Feira de ciências: uma investigação do processo de avaliação,2025,Portugues,"Azevedo, Euricleia de Souza",IFMS,inovacao_instituto_publico,"Os Institutos Federais oferecem educação profissional na perspectiva de formação integral que reconheça o estudante em todas suas dimensões, habilitando-o a participar ativamente como agente transformador, tendo o trabalho por princípio educativo e a ciência como princípio pedagógico. Nesse contexto, assumimos as Feiras de Ciências como importantes espaços sociais, científicos e culturais. Tendo em vista a importante relação entre a proposta de formação assumida pelos Institutos Federais e as Feiras de Ciências, uma vez que estas contribuem para o alcance daquela, esta pesquisa buscou identificar a percepção dos envolvidos na Feira de Ciência e Tecnologia de Campo Grande (Fecintec) sobre a finalidade do evento, que é voltado à educação básica, do ensino fundamental II ao médio. A investigação qualitativa acerca do processo de avaliação presencial dos trabalhos na Fecintec apontou as principais fragilidades e potencialidades sobre o processo de avaliação na Feira e reforçou, ainda, as múltiplas contribuições que o evento oferece aos estudantes e instituições escolares, estimulando o desenvolvimento de pesquisas desde o ensino fundamental e ampliando a alfabetização científica nas escolas. Os dados obtidos foram analisados utilizando a técnica de análise de conteúdo, fundamentada em Bardin. Os resultados corroboram a importância da Fecintec enquanto espaço social, científico e cultural, assim como sua contribuição para educação científica no ensino básico. Todavia, demonstram a necessidade de formação para os avaliadores e adequação do espaço físico. Ficou evidente que o modelo de avaliação adotado na Fecintec é característico de exame, sendo classificatório, seletivo e excludente, em descompasso com a proposta de formação dos Institutos Federais.",nacional,1,0,0,0,0,0,nucleo,
IFMS,oai:repositorio.ifms.edu.br:123456789/447,O empreendedorismo com base na teoria de Vygotsky: uma proposta para estudantes do ensino técnico integrado ao ensino médio,2025,Portugues,"Menezes, Lizandra Almeida de",IFMS,geral,"De modo geral, entre os estudantes brasileiros é comum uma certa falta de compreensão sobre o tema empreendedorismo, fato este que motivou a realização desta pesquisa. Em resumo, foi desenvolvido o conceito de empreendedorismo como processo de iniciativa para a implementação de novos negócios e/ou mudanças e análises em empresas já existentes, e como fonte de criação de valor por pessoas e organizações, demonstrando-o como principal fator promotor do desenvolvimento econômico e social de um país, e deixando assim de lado a simples ideia de que ser empreendedor é somente “abrir um negócio”. Diante desta abordagem, espera-se compreender a atuação do docente no que diz respeito ao ensino prático de empreendedorismo no ensino médio integrado do IFMS. Buscou-se verificar a real percepção que o aluno tem sobre o que é ser empreendedor, mostrando na prática como se faz uma análise deste ambiente e que ser empreendedor não é somente ter um negócio. O objetivo deste estudo foi investigar a evolução conceitual dos estudantes do Ensino Médio Integrado do IFMS sobre empreendedorismo e inovação e seus desdobramentos, desenvolvendo atitudes empreendedoras, como fonte de promoção do desenvolvimento econômico, renda e melhoria da qualidade de vida, demonstrando suas competências e impacto no cenário econômico brasileiro. A pesquisa se classifica como qualitativa, de natureza aplicada, com objetivos de caráter descritivo exploratório. Foram realizadas aulas expositivas, uma vez por semana, durante cinco semanas, com a participação de no máximo 15 (quinze) alunos, constituído de cinco grupos com três alunos, podendo ter no mínimo 10 (dez) alunos, para que se tenha no mínimo cinco duplas, para que tenha esse número de estudantes. Pode-se verificar que houve uma evolução conceitual na percepção do que é ser empreendedor, bem como conhecimentos de outros temas abordados.",nacional,2,0,0,0,0,0,contexto,IFMS sobre empreendedorismo e inovação e;IFMS. Buscou-se verificar a real percepção
IFPB,oai:repositorio.ifpb.edu.br:177683/3370,Projeto de lei municipal para incentivo ao registro e gest?o de marcas como alternativa para o empoderamento econ?mico das mulheres empreendedoras,2023,pt,"Lima, Danielle Alves Lucena",IFPB,geral,"A ordem patriarcal de g?nero e suas consequ?ncias sociais, econ?micas e pol?ticas constituem
verdadeiro entrave ? a??o feminina na produ??o e distribui??o de bens e servi?os. Destarte, o
fortalecimento do empreendedorismo feminino ? via de alcance do empoderamento
econ?mico das mulheres, em clara afirma??o de direitos. O objetivo geral deste estudo ?
analisar possibilidades de fortalecimento do empreendedorismo feminino no Brasil a partir do
fomento ao registro e gest?o de marcas. A op??o metodol?gica da pesquisa reside no m?todo
indutivo, ao analisar-se as caracter?sticas do empreendedorismo feminino e n?vel de difus?o,
nesse campo, dos conhecimentos relacionados ? propriedade intelectual, para se inferirem
conclus?es gerais, identificando mecanismos que viabilizem a dissemina??o da cultura de
prote??o da propriedade intelectual, como fator de desenvolvimento econ?mico e via de
empoderamento feminino. Para tanto, recorreu-se aos m?todos de procedimento qualitativo e
anal?tico, em uma pesquisa explorat?ria e descritiva. A partir de ent?o, a t?tulo de resultados,
foram desenvolvidos dois produtos tecnol?gicos. O primeiro ? um artigo cient?fico
propositivo da correla??o entre registro e gest?o de marcas e o fortalecimento da a??o
empreendedora de mulheres no Brasil. Em complemento, o segundo produto tecnol?gico
consiste em uma proposta de projeto de lei municipal para isentar de Imposto Predial e
Territorial Urbano (IPTU), por tempo determinado, mulheres empreendedoras titulares de
marcas no exerc?cio da atividade empresarial ou fora deste.",nacional,1,0,0,0,0,0,contexto,
IFPB,oai:repositorio.ifpb.edu.br:177683/1834,A import?ncia do intraempreendedorismo para gest?o de micro e pequenas empresas durante a pandemia da COVID-19,2022,pt,"Paula, Camila da Silva",IFPB,geral,"No atual cen?rio econ?mico, marcado pela alta competitividade e pela crise causada pela pandemia da Covid-19 em diferentes contextos mundiais, as organiza??es t?m buscado inovar e realizar mudan?as a fim de se manterem competitivas no mercado e mitigar os efeitos negativos causados pela pandemia. Diante desse cen?rio desafiador, o intraempreendedorismo surge como uma pr?tica vi?vel e efetiva de inova??o. Este trabalho tem como objetivo central identificar a import?ncia do intraempreendedorismo para fomentar pr?ticas de inova??o em micro e pequenas empresas durante a pandemia da Covid-19. Para tanto, foram desenvolvidos estudos de casos, de abordagem quali-quantitativa e de objetivo explorat?rio e descritivo. Foi utilizada uma amostragem n?o probabil?stica intencional, composta por 03 empresas distintas, lotadas na cidade de Jo?o Pessoa - PB. Os dados foram coletados atrav?s da aplica??o de question?rios, os quais foram respondidos por 02 grupos de respondentes, um composto pelos gestores e outro composto pelos colaboradores das organiza??es estudadas. A an?lise dos dados foi feita atrav?s de m?todos de estat?stica descritiva e pelo c?lculo do Ranking M?dio. No que diz respeito ao perfil sociodemogr?fico dos gestores, foi constatado que eles s?o pessoas adultas, maioritariamente do sexo masculino e possuem tempo de servi?o na empresa variando entre 1 a 5 anos, j? os colaboradores, s?o pessoas jovens e adultas, predominantemente do sexo feminino e tamb?m possuem tempo de servi?o nas empresas pesquisadas variando entre 1 a 5 anos. Em rela??o ao perfil das organiza??es, foi constatado que 02 s?o consideradas estabelecidas no mercado e foram herdadas pelos propriet?rios. Em se tratando da import?ncia do intraempreendedorismo, os resultados apontaram que os gestores e os colaboradores consideram o intraempreendedorismo totalmente importante. Os resultados tamb?m demonstraram que foram feitas diversas a??es intraempreendedoras durante o per?odo pand?mico, das quais, destacaram-se as a??es intraempreendedoras relacionadas ao aprimoramento e implementa??o de servi?os online, a??es de implementa??o de medidas de prote??o contra a dissemina??o do coronav?rus e a??es visando a redu??o de custos. Tais a??es promoveram mudan?as significativas nestas empresas, principalmente, em rela??o ao atendimento e vendas online e nas rotinas de processos internos. Por fim, espera-se que o presente estudo possa contribuir em futuras pesquisas sobre este tema, bem como, para os micro e pequenos empres?rios que, por ventura, estejam buscando exemplos de outras empresas para auxili?-los nas tomadas de decis?es que possam minimizar os efeitos negativos causados pela pandemia da Covid-19 em seus estabelecimentos.",nacional,0,0,0,0,2,0,contexto,
IFPB,oai:repositorio.ifpb.edu.br:177683/1267,Desenvolvimento de um produto de software e um processo para an?lise de dados sobre propriedade intelectual para o Estado da Para?ba,2021,pt,"Nascimento, Jos? Vanderson Cunha",IFPB,geral,"O avan?o tecnol?gico nos ?ltimos anos estimulou as organiza??es a se posicionarem
estrategicamente e competitivamente frente a nova realidade em um mundo cada vez mais globalizado e integrado. In?meros dados s?o gerados diariamente, onde estes precisam ser estruturados e transformados em informa??es, proporcionando aos gestores decis?es mais assertivas e estrat?gicas. As Institui??es Cient?fica, Tecnol?gica e de Inova??o - ICTs atrav?s de seus N?cleos de Inova??o Tecnol?gica - NITs tem criado mecanismos de uma melhor ger?ncia dos dados criados diariamente atrav?s das cria??es tecnol?gicas na academia. No entanto, em um contexto fora dessas institui??es que em sua maioria ? p?blica, percebe-se que existe um trabalho de gest?o individual de cada institui??o. Logo, foi objeto deste trabalho integrar as informa??es das ICTs do estado da Para?ba atrav?s de um software integrado a um site, onde al?m deste, se desenvolveu uma marca mista e um estudo preliminar para elabora??o de um pedido de patente de processo. Para isso foi utilizado o software Power BI? para transformar os dados brutos em informa??es, bem como outros programas para desenvolvimento do site e a marca. O software desenvolvido concentra informa??es sobre propriedade intelectual do Estado da Para?ba, entre outras regi?es. Al?m de potencializar as tecnologias protegidas nas ICTs do estado atrav?s de suas vitrines tecnol?gicas.",nacional,3,0,0,0,0,0,nucleo,
IFPB,oai:repositorio.ifpb.edu.br:177683/1569,Gest?o do manual t?cnico em libras: Sinal?rio para a modalidade handebol nas aulas de educa??o f?sica,2021,pt,"Paix?o Neto, Emannuel da",IFPB,inovacao_instituto_publico,"A L?ngua Brasileira de Sinais foi reconhecida como uma l?ngua oficial do Brasil e, se
somou a outras mais atuais, que sempre passaram pelo campo da legisla??o. Considerando a
educa??o de surdos, e em especial nos Institutos Federais, vem ocorrendo a??es contra a
exclus?o dessa parcela da sociedade a fim de garantir a cidadania, atrav?s seus direitos
lingu?sticos. Neste caso, o uso da tecnologia pode ser bastante ?til na aquisi??o das
compet?ncias lingu?sticas e na comunica??o de pessoas surdas, uma vez que existe uma gama

de recursos dispon?veis para esta finalidade, como manuais, cartilhas, softwares, jogos, e-
books, dicion?rios, etc. O projeto tem como objetivo a confec??o de um Manual T?cnico em

LIBRAS (em vers?o digital e impressa) enquanto material did?tico e instrucional que versa
sobre um sinal?rio de termos espec?ficos em LIBRAS para as aulas de educa??o f?sica
referentes ? modalidade de handebol. A pesquisa foi de natureza aplicada, atrav?s da
abordagem qualitativa utilizando como m?todo explorat?rio a pesquisa bibliogr?fica com o
intuito de estabelecer uma linguagem especifica para a modalidade handebol que atenda tanto
alunos surdos como professores de educa??o f?sica. Inicialmente, ocorreu a forma??o da
equipe e em seguida foram promovidas cinco etapas para definir a cria??o do manual t?cnico.
No que se refere ? gest?o do produto tecnol?gico do Manual, foi realizado o upload e cadastro
na Biblioteca Digital Internet Archive, sendo registrado como Recurso Educacional Aberto
(REA) fazendo uso da licen?a p?blica Creative Commons (CC BY NC SA). Os resultados
demonstraram que a cria??o do Manual T?cnico em LIBRAS: Sinal?rio para a Modalidade
Handebol nas Aulas de Educa??o F?sica, ? uma iniciativa que pode minimizar as barreiras

lingu?sticas entre professores de educa??o f?sica e alunos surdos, pois atrav?s deste, poder-se-
ia compreender os princ?pios b?sicos do esporte, bem como, possibilitar aos professores e

t?cnicos, trabalhar os conte?dos de forma mais abrangente durante as aulas. Quanto ? prote??o,
a utiliza??o do Registro da Propriedade Intelectual (PI) derivada do produto desenvolvido atrav?s do
Creative Communs - Attribution Non-commercial Share Alike (BY-NC-SA) possibilita mapear os
processos de direitos autorais da elabora??o do manual que est? disponibilizada na Plataforma Internet
Archive Library. Logo, o manual produzido se bem utilizado, pode ser usado como uma
ferramenta capaz de melhorar a participa??o, reduzir conflitos, alinhar a??es e desempenho
nas atividades pr?ticas, al?m de oferecer uma linguagem acess?vel ?s pessoas envolvidas que
interagem e procedem para estruturar a pr?tica do Handebol nas institui??es de ensino.",nacional,2,1,0,0,0,0,nucleo,
IFPB,oai:repositorio.ifpb.edu.br:177683/1612,Produ??o e utiliza??o de biossorventes utilizando endocarpo do spondias mombin l. (CAJ?) para o tratamento de efluentes: Estudo da viabilidade de prote??o,2021,pt,"Silva, Maria Elenice Pereira da",IFPB,geral,"Fatores como aumento da popula??o, desenvolvimento socioecon?mico e altera??es no
modo de consumo tem aumentado a demanda pelo uso da ?gua. Estat?sticas sobre o
consumo sustent?vel e a conserva??o das ?guas possuem dados preocupantes, sendo
necess?rio uma consci?ncia ambiental urgente. O desenvolvimento de uma sociedade
de modo sustent?vel d?-se quando ela respeita o ecossistema no qual se vive, atendendo
as necessidades presentes e preservando-o para as gera??es futuras. Este trabalho tem
como objetivo a produ??o e utiliza??o de biossorventes utilizando o endocarpo do
Spondias mombin L (caj?) para o tratamento de efluentes aquosos contendo
contaminantes como corantes, metais pesados, ?leos e graxas, atrav?s da t?cnica de
adsor??o. O biossorvente produzido de modo in natura, foi capaz de remover
contaminantes com percentual de 98% para corantes. Para levantamento das
informa??es foram utilizadas as palavras-chave Spondias mombim, endocarpo,
biomassa, adsor??o e caro?o, em portugu?s e ingl?s. As buscas de anterioridade
referentes ? artigos acad?micos/cient?ficos foram realizadas nas bases Web of Science,
Scopus e Scielo. Com rela??o ?s bases de dados sobre patentes, foram utilizadas as
plataformas do INPI, Patenscope e Patentsinspiration. Neste inter?m, foi redigido o texto
do pedido de patente para solicitar registro junto ao INPI. Diante dos resultados
encontrados, conclui-se que o endocarpo do fruto Spondias mombin L. possui excelente
capacidade adsortiva, podendo ser considerado uma tecnologia vi?vel, econ?mica, de
f?cil acesso e uso.",nacional,2,0,0,0,0,0,contexto,
IFPB,oai:repositorio.ifpb.edu.br:177683/1676,Estudo de viabilidade da tecnologia blockchain aplicado ? transpar?ncia no repasse de royalties nas plataformas streaming de m?sica,2021,pt,"Ara?jo, Gild?rcia Silva Guedes de",IFPB,geral,"O presente trabalho trata de um estudo sobre a viabilidade da tecnologia Blockchain
aplicada ? transpar?ncia no repasse de royalties nas plataformas streaming de
m?sica, cuja problem?tica est? diretamente relacionada ? derrocada em termos de
retornos financeiros que os atores da Ind?stria Musical t?m sofrido desde a queda das
vendas de m?sica em suporte f?sico, atrav?s de CDs e DVDs. As plataformas
streaming de m?sica t?m ganhado popularidade, mas, em paralelo, t?m gerado
pol?mica quanto aos royalties repassados aos artistas. De acordo com os dados do
relat?rio de 2020 da Federa??o Internacional da Ind?stria Fonogr?fica, as receitas das
plataformas streaming em 2019 tiveram um aumento de 22.9%, e uma arrecada??o
que chegou a 11,4 bilh?es de d?lares/ano. Todavia, os repasses dos royalties
continuam sem o devido controle, e sem a transpar?ncia necess?ria. Para dirimir a
pol?mica, ap?s revis?o da literatura e de bases de patentes, verificou-se o atual
est?gio de maturidade dos contratos inteligentes, e com a colabora??o de uma equipe
de pesquisadores e desenvolvedores de software, criou-se um simulador, por meio de
um contrato inteligente (smart contract), atrav?s da tecnologia Blockchain com objetivo
de quantificar o n?mero de vezes que a m?sica do artista ? reproduzida, dando assim
maior ?ndice de transpar?ncia e automatiza??o no repasse financeiro. Al?m disso,
busca-se a valida??o jur?dica da Ind?stria Musical, sendo uma alternativa para o
controle de pagamento aos artistas e o adequado recebimento dos royalties.",nacional,2,0,0,0,1,0,contexto,
IFPB,oai:repositorio.ifpb.edu.br:177683/1677,"Proposta de minuta de marco normativo para ado??o de personalidade jur?dica, em forma de  funda??o de apoio, pela coordenadoria inova??o tecnol?gica da UEPB",2021,pt,"Prazeres, Yedda Alexandra Freire de Albuquerque",IFPB,geral,"A Lei no 13.243, aprovada em janeiro de 2016, que ficou conhecida como o Novo Marco Legal
da Ci?ncia, Tecnologia e Inova??o modificou v?rias legisla??es relevantes e relacionadas ao
tema da Inova??o. No que diz respeito aos N?cleos de Inova??o Tecnol?gica ? NIT, as
mudan?as foram no sentido de fortalecimento do seu papel dentro da Institui??o, trazendo como
uma das principais mudan?as a permiss?o para que os NIT pudessem assumir personalidade
jur?dica. Diante disso, o objetivo deste trabalho foi propor a minuta de um marco normativo de
ado??o de personalidade jur?dica, na forma de funda??o de apoio, pelo NIT da Universidade
Estadual da Para?ba, a INOVATEC/UEPB. Para o cumprimento deste objetivo foi identificada
a posi??o da UEPB a partir dos n?meros de dep?sitos de patentes e apresentado o hist?rico e a
forma de estrutura??o da INOVATEC/UEPB, al?m da an?lise da viabilidade da ado??o de
personalidade jur?dica, atrav?s do estudo das legisla??es nacionais e das Resolu??es internas da
UEPB acerca do tema. Inicialmente foi constatado a possibilidade legal da INOVATEC/UEPB
assumir a configura??o jur?dica na forma de funda??o de apoio, desde que fossem observadas
algumas regras de constitui??o. No entanto, ap?s emiss?o de parecer da Procuradoria Jur?dica
da UEPB, foi observado um impedimento em ?mbito estadual, visto que no Estado da Para?ba,
ainda n?o existe Lei que regulamente sobre o credenciamento, fiscaliza??o e funcionamento das
funda??es de apoio ?s ICT estaduais. Assim, faz-se necess?rio que a INOVATEC/UEPB
busque por mecanismos que possibilitem ultrapassar esse impedimento, portanto, vislumbra-se
como poss?vel caminho para resolu??o deste entrave que o credenciamento da Funda??o
INOVATEC seja feito pela pr?pria institui??o apoiada. Outra maneira de resolver os gargalos
atuais existentes na INOVATEC/UEPB ? a verifica??o da possibilidade da INOVATEC/UEPB
assumir outras configura??es jur?dicas como, por exemplo, as associa??es e as organiza??es
sociais. Dessa forma, considera-se que os resultados produzidos neste estudo foram importantes
pois contribuiu para revelar a posi??o da UEPB na produ??o tecnol?gica do Estado da Para?ba,
demonstrando como ? feita a gest?o da Inova??o na institui??o e principalmente colocou em
evid?ncia a necessidade de se regulamentar sobre a cria??o de funda??es de apoio e todos os
seus tr?mites (credenciamento, controle, fiscaliza??o e desenvolvimento de atividades) no
?mbito estadual.",nacional,2,0,0,0,0,0,contexto,
IFPB,oai:repositorio.ifpb.edu.br:177683/1737,Estrutura??o e implanta??o de processo de gest?o da inova??o em ind?stria t?xtil na cidade de Campina Grande/PB,2021,pt,"Lucena, ?talo",IFPB,geral,"A estrutura??o dos planos estrat?gicos e operacionais na ind?stria t?xtil remete a uma 
sistem?tica de produ??o iniciada na Revolu??o Industrial, e em uma vis?o mais 
aprofundada, pode-se dizer que, com pouca diferen?a ao longo dos s?culos, quando se 
trata de inova??o. Neste ?nterim, tem-se inovado mais frequentemente o produto e de 
forma pontual, mas a gest?o dos processos, de modo geral, ainda carece de absorver 
conceitos sobre inova??o mais aprofundada. Entretanto, a ind?stria pode estar 
desperdi?ando uma oportunidade de alavancar-se atrav?s da valoriza??o do processo 
criativo que prov?m dos pr?prios funcion?rios, o que se comprovou ap?s a an?lise do 
retorno financeiro de curto prazo (m?dia de 04 meses). Por vezes, observamos que 
estes funcion?rios podem adquirir o know-how sobre a operacionaliza??o de uma 
m?quina, otimiza??o de um processo ou aplica??o de uma melhoria numa pe?a 
espec?fica, que vai al?m do esperado, cuja propriedade intelectual pode ter sido 
desperdi?ada, pela pr?pria empresa, por falta da gest?o da inova??o. Este estudo 
buscou descrever o processo para promover o est?mulo a criatividade e fatores 
relacionados ao fomento da inova??o, al?m de entender a evolu??o do engajamento 
dos funcion?rios ao programa de inova??o implantado. Al?m de avaliar os impactos 
relacionados a implanta??o de um n?cleo de PD&I na pr?pria empresa que, por vezes, 
foram suportadas por parcerias com as academias locais, atrav?s da valoriza??o da 
equipe laboral, mas tamb?m gerando ganhos econ?micos para a empresa. Ao observar 
as dificuldades em se tratar o tema inova??o, por ser funcion?rio desta empresa 
estudada, elegeu-se esta ind?stria t?xtil em Campina Grande/PB para a implementa??o 
de um projeto piloto, que evoluiu por mais dois anos, al?m do primeiro ano de 
prototipagem utilizando uma metodologia com horizonte tecnol?gico replic?vel e 
escal?vel. Dentre os ganhos mais significativos, destacam-se: melhoria significativa do 
entendimento sobre inova??o por parte dos funcion?rios, a cria??o de um manual para 
operacionalizar o processo de implanta??o da cultura da inova??o, dissemina??o de 
conhecimento via workshops utilizando o m?todo design sprint, melhoria no processo 
de gest?o estrat?gica, uma base de ideias coletadas ao longo dos ciclos observados e 
um retorno financeiro m?dio de quatro meses sobre os investimentos realizados.",nacional,1,0,0,0,1,0,contexto,
IFPB,oai:repositorio.ifpb.edu.br:177683/1041,"Do c?rcere ? liberta??o: forma??o em direitos humanos das detentas da unidade Maria J?lia Maranh?o, Jo?o Pessoa/PB",2020,,"Oliveira, Virg?nia Maia de Ara?jo",IFPB,geral,"O sistema penitenci?rio brasileiro possui diversas ?reas que merecem aten??o e necessitam ser reformuladas, destacando-se a educa??o. Desse modo, ? patente a necessidade de termos um olhar especial para o nosso sistema prisional, ainda mais se considerarmos que os(as) cidad?os(?s) ali inseridos(as) retornar?o ao conv?vio social ap?s o devido cumprimento da pena. Assim, a proposta educativa que foi elaborada pela presente pesquisa foi pensada para ?atuar? nesse contexto de mulheres encarceradas no sistema penitenci?rio paraibano, que ir?o retomar a vida em sociedade ap?s o cumprimento da pena e necessitam entender n?o s? quais s?o os seus direitos enquanto cidad?s, mas tamb?m respeitar os direitos dos outros. O objetivo deste estudo foi contribuir com a forma??o human?stica dessas mulheres em cumprimento de medida de priva??o da liberdade na penitenci?ria feminina Maria J?lia Maranh?o, localizada na idade
de Jo?o Pessoa, Para?ba, por meio do desenvolvimento de oficinas educativas pautadas na aprendizagem dos direitos humanos. Metodologicamente, o trabalho consistiu em uma pesquisa aplicada com enfoque qualitativo, tendo, ainda, um car?ter explorat?rio, sendo realizados levantamentos bibliogr?ficos e documentais. A amostragem caracterizou-se como probabil?stica por acessibilidade, tendo ocorrido a satura??o te?rica. No que se refere ? coleta de dados, ocorreu pela observa??o participante e pela entrevista individual semiestruturada. J? o tratamento dos dados foi realizado por meio da an?lise do discurso, seguindo a linha francesa de Michel P?cheux. Conv?m ressaltarmos que a an?lise dos dados permitiu compreender que h? uma car?ncia educativa das detentas com rela??o aos direitos humanos, sendo necess?rio e ?til implementar a??es educativas para a promo??o desses direitos, contribuindo, assim, com a forma??o humana dessas mulheres. Al?m da necessidade e da utilidade do ensino e aprendizagem dos direitos humanos, constatou-se, por meio do diagn?stico, que as detentas t?m interesse em aprender mais sobre a referida tem?tica. Por fim, concluiu-se que ? poss?vel contribuir com a forma??o humana das mulheres encarceradas por meio do ensino e da aprendizagem dos direitos humanos, que abordar a referida tem?tica ? ?til e necess?rio, podendo-se desenvolver a??es formativas para esse p?blico, melhorando seus conhecimentos educacionais, al?m do interesse que existe, por parte dessas detentas, em aprender sobre liberdade, cidadania, igualdade, direitos humanos de uma forma geral.",nacional,2,0,0,0,0,0,contexto,
IFPB,oai:repositorio.ifpb.edu.br:177683/536,Risco de cr?dito e comportamento financeiro de potenciais empreendedores: uma aplica??o com potenciais clientes de Programas de Empreendedorismo,2019,pt,"Carvalho, Maria das Gra?as Bezerra de",IFPB,geral,"Diante de um ambiente mercadol?gico com alta competitividade, os gestores necessitam cada vez mais tomar decis?es de modo ?gil, no entanto, essa tomada de decis?o deve se dar de modo consciente e embasando para que n?o haja comprometimento do futuro da empresa. Deste modo, ? essencial que o gestor desenvolva pr?ticas cotidianas que envolvam uma gest?o de riscos eficaz, j? que quanto mais mapeados e analisados, menor ser? o risco de executar determinada atividade. Sendo assim, a presen?a do gerenciamento de riscos apresenta-se como uma das principais ferramentas estrat?gicas de uma empresa, principalmente em institui??es financeiras, que trabalham constantemente com conceitos de risco de cr?dito, esses que envolvem a possibilidade de a institui??o financeira n?o receber o valor de um empr?stimo, podendo ser considerado como a taxa de inadimpl?ncia esperada.Em virtude deste cen?rio, este Trabalho de Conclus?o de Curso, de cunho quantitativo, tem como objetivo a identifica??o das vari?veis podem explicar a rela??o entre o comportamento financeiro de potenciais benefici?rios do Empreender Para?ba e o seu risco de cr?dito. Para coleta de dados optou-se pela aplica??o de question?rio, formulado por 24 perguntas, aplicadas indiretamente por meio da ferramenta do Google Docs. A tabula??o de dados foi realizada atrav?s do software Microsoft Office Excel 2007. A an?lise de dados, por sua vez, foi feita atrav?s do software SPSS. Participaram da pesquisa124 potenciais empreendedores. No entanto, ? interessante destacar que a amostra obtida n?o se relaciona a base de dados da Secretaria Executiva do Empreendedorismo ? respons?vel por operacionalizar o Programa Empreender Para?ba, sendo considerada, portanto uma amostra potencial benefici?ria, tendo em vista que todo empreendimento necessita de um investimento monet?rio inicial. Sendo assim, os resultados obtidos na pesquisa est?o restritos a amostra utilizada, n?o cabendo generaliza??es. Os resultados obtidos evidenciam que vari?veis como maior quantidade de filhos, maior n?mero de dependentes financeiros, maior investimento inicial e maior quantidade restante de parcelas de financiamento de ve?culos ou de empr?stimos banc?rios influenciam positivamente a situa??o de inadimpl?ncia.
Palavras-chave: Comportamento financeiro, Gerenciamento de riscos.",nacional,0,0,0,0,2,0,contexto,
IFPB,oai:repositorio.ifpb.edu.br:177683/222,"Sistema de Gera??o de Energia El?trica Monof?sica Baseado em M?quina de Indu??o Trif?sica Desequilibrada com um Capacitor de Minimiza??o de Desequil?brio e Conversor, de Tr?s Bra?os de Chaves Duais, Conectado a Rede de Distribui??o de Concession?ria de Energia El?trica",2016,,"Dias, Jos? Artur Alves",IFPB,geral,Sistema de gera??o de energia el?trica monof?sica conectada ? rede de distribui??o que possui processo de fabrica??o mais simples e de custo de produ??o menor em compara??o com outras alternativas j? patenteadas.,nacional,2,0,0,0,0,0,contexto,
IFPE,oai:repositorio.ifpe.edu.br:123456789/1919,A educação das relações étnico-raciais no Ensino Médio Integrado: sentidos construídos pelos estudantes,2025,pt_BR,"Castro, Fernanda Paula dos Santos",IFPE,emancipacao_inovacao;inovacao_instituto_publico,"This professional master's research aimed to understand the meanings students construct about ethnic-racial diversity based on curricular practices in Technical Courses in Internet Computing and Administration, integrated into high school, at a Professional and Technological Education (EPT) institution. The specific objectives are to characterize the curricular policies for the education of ethnic-racial relations, based on the institutional documents of the Federal Institute of Pernambuco (IFPE), understand how curricular practices contribute to the construction of meanings about ethnic-racial diversity by students, and develop a Guide on Critical Racial Literacy for IFPE staff as an educational product. This is a qualitative study with a narrative approach. The first stage involved conducting bibliographic research in databases to survey the state-of-the-art studies on the education of ethnic-racial relations in high school and integrated high school. A scarcity of productions on the topic in the context of EPT was noted, especially when considering productions that listen to students. In the second stage, narrative interviews were conducted with the students. The recorded accounts were transcribed in detail. We then classified the content into two groups: non-indexed material, related to experiences with race and racism, and indexed material, related to experiences with Ethnic-Racial Relations Education (ERER) in curricular practices. From this, we identified the meanings of the narratives and developed theoretical categories that allowed us to understand how the participants constructed meanings about ethnic-racial diversity in the context analyzed. Four students participated in the study, two from each course, selected through a simple draw. Finally, a documentary study was conducted to analyze educational policies aimed at Basic Education and EPT, as well as the Pedagogical Projects of the Technical Courses Integrated with High School in Administration and Internet Computing. The analysis aimed to identify how the documents express parameters related to intercultural education and diversity. The research findings demonstrate that the institution already adopts educational practices based on respect for students' knowledge, promoting a democratic, participatory education committed to building an anti-racist society. However, the study also revealed that ERER does not occur in a coordinated and interdisciplinary manner, which is consistent with other studies on the fragility of this integration in school practices. To break this fragmentation, investing in technical training is not enough; it is essential that everyone involved in the educational process also engage politically and pedagogically. The research findings supported the development of the Educational Product (EP) entitled ""Critical Racial Literacy Guide."" This guide aims to train staff working in Integrated Secondary Education (EMI) and EPT to develop educational practices aligned with an anti-racist perspective, promoting critical racial literacy through pedagogical workshops with students. The PE was evaluated by three teachers, four administrative staff, and three students. The evaluators considered the PE content important and relevant, presenting it as a valuable pedagogical tool capable of stimulating curricular practices that contribute to decolonial education. Overcoming racism must be a commitment for all who seek to build a more egalitarian Brazil. Therefore, we emphasize that this study emerges as an important contribution to the advancement of an education based on transformation and an educational practice that seeks to decolonize and deconstruct practices rooted in Eurocentric and colonizing culture",nacional,2,0,0,1,0,1,nucleo,IFPE staff as an educational product. This
IFPE,oai:repositorio.ifpe.edu.br:123456789/1764,Tecnologias web mais utilizadas no desenvolvimento de websites do setor público,2025,pt_BR,"Nascimento, Evandro José do",IFPE,geral,"With the growth of information technology, it became essential that companies invest
in innovation to remain competitive. The objective of this research is to unveil the
technologies used in Brazilian public websites, providing information to citizens. From
the discovery of the technologies used by government websites, the illustrative
graphics showed the main technologies used in a categorized way, explaining the data
previously acquired. After analyzing 130 public sector websites with the support of the
Builtwith tool, it was possible to identify the main programming languages, frameworks
and web servers most used in Brazilian public websites. The results indicate that public
websites still use many legacy technologies. However, the extracted data
demonstrated many technologies, making it easier to explore these tools concisely and
accurately.",nacional,2,0,0,0,0,0,contexto,
IFPE,oai:repositorio.ifpe.edu.br:123456789/1732,Matemática Financeira no ensino médio: uma proposta de intervenção,2025,pt_BR,"Silva, Maria Beatriz Costa",IFPE,geral,"In this work, we approach how financial education is an important factor for the personal
development of all people, even more so for the entrepreneurial subject. There is a
considerable amount of young entrepreneurs that are gaining strength in Brazil, and that is why
it is important to pay attention to how the school is dealing with this reality. Our goal is to identify
the importance of financial mathematics for young high school graduates to have critical
financial thinking, in addition to addressing how these studies can contribute to the daily lives of
rural people, who have had entrepreneurship applied to their financial reality for a long time.
early. As a method, we bring approaches on financial mathematics, entrepreneurship and
teaching financial mathematics in the classroom, in addition to proposing a didactic sequence
that can be applied to third-grade high school students. We conclude, therefore, that thinking
about financial education should be a concern already addressed in the school environment,
since we are facing educational practices concerning the development of fundamental skills for
the studies and practices of mathematics.",nacional,0,0,0,0,0,0,contexto,
IFPE,oai:repositorio.ifpe.edu.br:123456789/1770,Mapeamento dos cursos de enfermagem nos Institutos Federais do Brasil,2025,pt_BR,"Santos, Juliana Honorio dos",IFPE,inovacao_politicas_publicas;inovacao_instituto_publico,"Studies indicate that conducting a survey of Nursing courses within Federal Institutes
(FIs), is of strategic importance, enabling the identification of gaps in the course
offering, as well as offering the possibility of strengthening cooperation between the
various institutions and regions that make up the federal education network. In tihs
context, the objective of this study was to map the availability of Nursing programs in FIs across Brazil. This is a descriptive study that used the Interactive Map of the
Federal Network to locate and identify Nursing courses offered by all FIs in the country.
A total of 15 FIs offering Nursing programs were found. The data were organized and
analyzed descriptively using Microsoft Excel. The results revealed an unequal
distribution of courses and available seats across regions: the Northeast region
concentrates the highest number of Nursing courses (33.33%) and campuses
(37.50%), while the Central-West region has the lowest number of courses (6.67%)
and campuses (8.33%). Approximately 833 vacancies were identified for technical
courses, 139 for undergraduate programs, and 185 for postgraduate studies annually.
Among the identified campuses, three offer bachelor's degrees, four offer postgraduate
programs, and 18 offer technical courses. All programs are delivered in a face-to-face
format. The average workload is 1,728 hours for technical courses, 4,668.3 hours for
bachelor's degrees, and 778 hours for postgraduate programs. The average course
duration is 26 months for technical courses, 60 months for bachelor's degrees, and
18.5 months for postgraduate programs. It is concluded that the Northeast region has
the highest number of FIs and campuses offering Nursing courses in Brazil. Most of
these campuses are located in inland areas. All programs are offered in person, and
the number of vacancies, faculty, and course workload vary depending on the
institution.",nacional,2,0,0,0,0,0,nucleo,
IFPE,oai:repositorio.ifpe.edu.br:123456789/1949,Ensino Médio Integrado nos Institutos Federais: uma proposta de jornada formativa teórico-prática para professores/as,2025,pt_BR,Letícia da Mota Monteiro,IFPE,tecnologia_social;inovacao_politicas_publicas;inovacao_instituto_publico,"Este livro digital apresenta uma proposta de Jornada Formativa sobre o Ensino Médio Integrado (EMI)1 nos Institutos Federais (IFs) destinada aos/às professores do Instituto Federal de Educação, Ciência e Tecnologia de Pernambuco (IFPE) – Campus Garanhuns. Constitui-se como o Produto Educacional vinculado à dissertação intitulada “Formação Continuada nos Institutos Federais: os Encontros Pedagógicos e suas contribuições didático-pedagógicas para a prática docente no Ensino Médio Integrado na percepção de professores/as do IFPE – Campus Garanhuns”, desenvolvida no âmbito do Programa de Pós-Graduação em Educação Profissional e Tecnológica (ProfEPT) e vinculada à linha de pesquisa Práticas Educativas em Educação Profissional e Tecnológica e ao macroprojeto Práticas Educativas no Currículo Integrado.
O desenvolvimento de um Produto Educacional atende a exigência da Coordenação de Aperfeiçoamento de Pessoal de Nível Superior (CAPES) para os programas profissionais de Pós-Graduação. Os Produtos Educacionais, conforme o Documento da Área de Ensino da CAPES (Brasil, 2019a), são os resultados tangíveis de uma pesquisa e voltados a responder uma pergunta, resolver um problema ou atender uma necessidade que derive da prática profissional.
Dentre as tipologias de Produtos Educacionais aceitas pela área de Ensino da CAPES2, o Produto Educacional desenvolvido enquadra-se como curso de formação profissional. De acordo com o Relatório do Grupo de Trabalho Produção Tecnológica da CAPES (Brasil, 2019b, p. 19), o curso de formação profissional pode ser “[…] Atividade docente de capacitação, em diferentes níveis realizada; Atividade de capacitação criada, em diferentes níveis; Atividade de capacitação organizada, em diferentes níveis […]”. O Produto Educacional desenvolvido, por ser uma proposta de formação continuada, enquadra-se na categoria “atividade de capacitação criada, em diferentes níveis”, acima referenciada.
De acordo com Rizzatti et al. (2020), a validação dos Produtos Educacionais é realizada por meio da identificação de “[…] evidências que permitam avaliar a adequação e a interpretação de resultados desse (produto/processo) a partir de critérios previamente
1
O EMI surgiu enquanto possibilidade por meio do Decreto nº 5.154/2004 (Brasil, 2004), o qual determinou que a Educação Profissional e Tecnológica pudesse ser ofertada integrada ao Ensino Médio, por meio de um único currículo. Esta oferta havia sido impedida anteriormente na reforma do Ensino Médio promovida pelo Decreto nº 2.208/97 (Brasil, 1997).
2
De acordo com Rizzatti et al. (2020), são dez tipologias de Produtos Educacionais aceitas pela área de Ensino da CAPES: (1) material didático/instrucional; (2) curso de formação profissional; (3) tecnologia social; (4) software/aplicativo; (5) eventos organizados; (6) relatório técnico; (7) acervo; (8) produto de comunicação; (9) manual/protocolo; e (10) carta/mapa ou similar.
7
estabelecidos.” (Rizzatti et al., 2020, p. 6). Segundo os autores, a aplicação do Produto Educacional não é uma etapa obrigatória nos cursos de Mestrado Profissional.
O processo de validação do Produto Educacional deve ser realizado em duas instâncias, sendo a primeira pelos/as participantes, por meio de instrumentos qualitativos ou quantitativos, e a segunda pela banca de defesa da dissertação. Desse modo, este Produto Educacional, em formato de livro digital, foi validado, em primeira instância, pelos/as participantes da pesquisa, que puderam avaliar e contribuir com a proposta. Posteriormente, após refinamento e finalização da proposta, o Produto foi validado, em segunda instância, pela banca de defesa da dissertação.
Este livro digital, ao apresentar uma proposta de jornada formativa fundamentada em pressupostos teórico-metodológicos alinhados aos fundamentos do EMI nos IFs, pretende fortalecer o compromisso com a qualidade do trabalho docente no EMI. Além disso, o Produto Educacional desenvolvido pode favorecer impactos significativos também entre os/as demais servidores/as dos IFs. Ao propor reflexões teórico-práticas sobre o EMI nos IFs, esta proposta busca favorecer a compreensão dos fundamentos e finalidades dessa política educacional, incentivando a ressignificação das práticas pedagógicas e o fortalecimento da concepção de formação integral dos/as estudantes, bem como do Projeto Político-Pedagógico dos IFs.
Este Produto Educacional repercute para além da dimensão individual da formação, configurando-se como uma estratégia potencial de política institucional voltada à qualificação do EMI e à consolidação de uma educação pública, integral e socialmente referenciada. Esperamos, portanto, que o Produto contribua para fomentar reflexões e promover a formação coletiva dos/as professores/as e dos/as servidores/as dos IFs, constituindo-se como instrumento de transformação e intervenção no contexto educacional em que se insere.",nacional,3,0,1,0,0,0,nucleo,IFs. Ao propor reflexões teórico-práticas;Instituto Federal de Educação
IFPE,oai:repositorio.ifpe.edu.br:123456789/1538,Redução do custo setorial com o inserto Somx 084005 um MC 5020 utilizado na usinagem do furo da caixa satélite de um diferencial: um estudo de caso,2025,pt_BR,"Silva, Anderson Torres de Lima",IFPE,geral,"n the current scenario of national and international industries, there is a need for 
innovation aiming at aspects such as continuous growth, entry into different markets, 
and adaptation to the current needs of society. The use of quality tools is imperative in 
this scenario to ensure competitiveness and achieve short and long-term success, in 
addition to other advantages derived from the tools such as: technological 
development, cost reduction, market demands, global competition, and sustainability. 
For this case study in a metallurgical industry, quality tools were used to identify areas 
for improvement in the process and make decisions to reduce the breakage of inserts 
used in the calibration of a differential satellite box used in the GM Onix. This study
has a methodology that involves mapping the entire production line and, through the 
analysis of PQCDS indicators - Production, Quality, Cost, Delivery, and Health - along 
with quality tools such as GUT, Pareto, Ishikawa, 6M'S, and brainstorming to analyze
situations and data, make decisions. Through these MASP tools, the root cause of the 
problem was detected, solutions were proposed and put into practice, and thus 
success was achieved in reducing insert breakage. Through the implemented 
improvement, all other CNC lathes in the factory will be able to use the same 
methodology to identify the problem in advance and act accordingly. The method to 
identify and correct the problem can be carried out by employees of the organization 
in their routine activities without the need for investments; thus, the work performed 
was considered low-cost, in addition to the economy generated by the reduction in 
monthly acquisition of inserts.",nacional,2,0,0,0,2,0,contexto,
IFPE,oai:repositorio.ifpe.edu.br:123456789/1196,Avaliação do uso da tecnologia social biodigestor na agricultura de base,2024,pt_BR,"Neves, Júlia Rebeca do Nascimento",IFPE,tecnologia_social,"In Brazil, family farming is considered the main responsible for food production. Therefore, 
among the sustainable technologies developed to provide improvements to family-based 
agriculture, biogas is found as an alternative to the use of liquefied petroleum gas (LPG) 
for cooking food. Therefore, the objective of this study was to evaluate how the use of the 
biodigester helps in the production of family agriculture to strengthen it. To this end, the 
research used qualitative and quantitative methods through bibliographical research to 
later carry out the field survey, using semi-structured interviews to obtain data. 58 
interviews were collected and carried out with farming families living in municipalities in 
the states of Bahia, Goiás, Minas Gerais and Santa Catarina. The results indicated that 
the use of biodigester social technology provides an increase in the income of farming 
families and contributes to the production of biofertilizer for crops. Furthermore, it was also 
found that the non-use or deactivation of the biodigester is related, above all, to the need 
for maintenance of the equipment. Therefore, the biodigester as a social technology plays 
an important role in economic growth and improving the lives of farming families, 
contributing to the multifunctionality and environmental services provided to the entire 
society by this sector that require attention and inclusion by public authorities in the 
processes. of sustainable development.",nacional,3,0,1,0,0,0,nucleo,
IFPE,oai:repositorio.ifpe.edu.br:123456789/1326,"Educação física no ensino médio integrado em agroecologia: um estudo com jovens estudantes do Instituto Federal de Educação, Ciência e Tecnologia de Alagoas (IFAL) – Campus Maragogi.",2024,pt_BR,"Corrêa, Cynthia Roberta dos Santos Monteiro Jorge",IFPE,inovacao_instituto_publico,"In the decade of the 1980s of the 20th century, the 'Coletivo de Autores' (Author's collective),
based on the Historical Dialectical materialism, purposed a Critical-Overcoming Physical
Education for schools (EFE, in Portuguese), which is an approach centred around the themes
of body culture. In the Federal Institutes (IFs, in Portuguese), the secondary education
integrated into technical education (EMI) strives to strengthen the integral education of students
by combining general and specific knowledge. In such context, in this research, we have as a
general goal to analyse the Physical Education (PE) subject as viewed by the students of an
integrated high school course in the Federal Institute of Education, Science and Technology of
Alagoas (IFAL) – Campus Maragogi. The following authors were used as study references:
Ramos (2003, 2012, 2014, 2021), Saviani (1989, 1991, 2007), Moura (2017), Borowski (2019),
Oliveira (2006) and Soares et al (1992, 2009). This qualitative research was developed in two
stages, considering that the second one was developed only after the initial assessment of the
first stage. The participants were young students in the first, second and third years of the
integrated course. In the first stage, we used the Design-Story with Theme (DE-T) technique
and had ten (10) students as participants. In the second stage, in which a subgroup of five (5)
of the early participating students joined us, a semi structured interview was conducted. In the
analysis, we used the technique of categorical content thematic analysis. Results show that the
young students present multiple views on EFE in the EMI: as a form of social and self-image
acceptance; as a promoter of self-care and health; as generative for high performance athletes
and not reduced to sport only. The participants mostly evidence views that resemble those the
Critical-Overcoming approach pose and that approximate the perspective of integral formation
as defended in the EMIs at IFs. The results evidence that students view EFE in EMI differently,
such as a form of making social and self-image acceptance possible; comprehension of sports
in the perspective of leisure, health and interaction that prepare them physically and socially for
the demands of other subjects. Attending the demand of professional master's degree courses,
we developed, as an Educational Product, a Didactic Sequence (SD) in shape of a short course
to favour the construction of theoretical-practical knowledge about racket sports using the
Critical-Overcoming approach. Young students from the EMI courses in Campus Maragogi
participated in the short course. The evaluation of the course was done through forms; the
analysis of the information was done through categorical content thematic analysis. The
participants revealed that they increased their knowledge around the sports content, in general,
and racket sports, more specifically, as well as they could categorize the methodology used in
the Critical-Overcoming approach as positive. This paper, besides contributing to the
knowledge production on the theme and developing an Educational Product that contributes to
the integral formation of the EMI students, could favour new considerations and sensitivities
on the importance of PE in integral formation of EMI students.",nacional,1,0,0,0,0,0,nucleo,IFs. The results evidence that students;Instituto Federal de Educação
IFPE,oai:repositorio.ifpe.edu.br:123456789/1305,30 Réis: rede social educacional com foco na orientação vocacional,2024,pt_BR,"Dias, Karina Teixeira",IFPE,geral,"This article discusses the development of the educational social network 30 RÉIS. The
MVP of 30 RÉIS and this article are partial requirements for obtaining the title of
Specialist in Development, Innovation and Emerging Technologies. Social networks
are virtual spaces where the users interact by sending messages and sharing content.
There are several social networks on the market, each with a specific purpose and
target audience. The 30 RÉIS social network is focused on sharing information about
courses, especially undergraduate courses, and educational institutions. In addition to
offering its users a vocational guidance service. This service will enable personalized
vocational guidance, focused on the contractor's profile. In a second moment, 30 RÉIS
will offer the professional guidance service, this being intermediated by professionals
with of expertise in the subject that the contractor intends to invest in. In addition to
personalized services, 30 RÉIS offers several functionalities that allow the user to
make a more assertive choice about which course to take and at which institution.
Access to this type of information culminates in a more assertive choice of course and
career to invest in, reducing frustrations and dropouts. Through 30 RÉIS, risks are
minimized and, consequently, there is a greater possibility of professional success,
personal satisfaction and a decrease in university dropouts.",nacional,2,0,0,0,1,0,contexto,
IFPE,oai:repositorio.ifpe.edu.br:123456789/767,Desenvolvimento metodológico para avaliação de desempenho ambiental em processos de usinagem de metais,2022,pt_BR,"Câ m a r a , J é s s i c a M o n f o rt P e r e i r a",IFPE,geral,"The growing concern of industrial companies with environmental issues is noticeable, aiming
not only to improve their image before their stakeholders, but also to reduce waste in
production processes and, consequently, in manufacturing costs. In this scenario, innovation is
essential for improving the environmental performance of organizations and the consequent
increase in their competitiveness. However, the strategic innovation process must be guided,
aiming to concentrate efforts on activities that add value and provide more significant results
in view of the defined objectives. In this way, it becomes relevant to use tools that enable the
assessment of the environmental performance of industrial operations, and direct an action
focused on the processes that have the greatest potential for improving their environmental
efficiency. In the present study, a methodology was developed to evaluate the environmental
performance of metal machining operations that allows the comparison between the different
operations that makes up the production flow of the same product or different products. The
objective of the proposed methodology is to identify the topics of lowest environmental
efficiency of each operation and, consequently, guide the decision-making process for the
environmental adequacy of the machining operations under analysis, through the reduction of
waste and the environmental impacts caused by the performed activities. This methodology
was developed based on the Analytic Hierarchy Process (AHP) method which is a tool that
helps decision making that involves multi-criteria analysis. Once the methodology in question
was defined, it was used to quantify the environmental performance indices of the machining
operations present in the production flow of a product in the automotive chain, in order to
demonstrate its applicability. With such data, a project to improve the machining operation
was implemented, which presented the worst environmental performance index and, later, the
methodology developed was used to reassess the environmental performance of this
operation, in order to evaluate the effectiveness of the actions taken to improve its process
performance",nacional,2,0,0,0,1,0,contexto,
IFPE,oai:repositorio.ifpe.edu.br:123456789/799,Contribuições de Gramsci e Freire à formação humana integral: reflexões sobre o Ensino Médio Integrado à Educação Profissional,2022,pt_BR,,IFPE,inovacao_instituto_publico,"This master's research work sought to discuss the conceptions of human formation, adopted in integrated high school courses with the professionalizing, adopted at the Federal Institute of Technological Education of Pernambuco. References in the writings of Marx and Gramsci were found in several documents of this institute, in which the category work in evidence and autonomy in Paulo Freire appears. So, trying to understand these facts, we analyzed opinions of students from the last periods of the Integrated Technical course in Buildings, campus Recife, from Federal Institute of Pernambuco. Most of the theoretical assumptions adopted in this study occurred with the rich production of Antônio Gramsci, mainly in relation to the dual and classist character of the school, work as an educational principle and the role of the educating State. Other intellectuals also related to gramscian theory approach the discussion in relation to Youth, Integrated High School to Professional Education and the Integrated Curriculum. In the methodological course, we conducted a qualitative research using questionnaires with teachers and students and also with interviews, specifically with students. In the results, in relation to teachers, we can affirm that in some circumstances, contributions to integral education are observed, however, in several others, we observe postures of maintenance mechanistic attitudes. We also mention a small continuing formation. In relation to students, we can affirm that understanding about the world of work is generally quite restricted. We also perceive, in part, the little relationship between general and professional education. After analyzing the theoretical categories, mainly in the relation theory and practice and conception of the world of work, the distance of a dialectical praxis in pedagogical works was evidenced. Finally, this work produced a booklet as an educational product, which aims to support the understanding of teachers from Federal Institutes, to be worked mainly in schools",nacional,1,0,0,0,0,0,nucleo,
IFPE,oai:repositorio.ifpe.edu.br:123456789/142,A disciplina de Língua Inglesa no Ensino Médio Integrado: perspectivas de desenvolvimento de uma consciência intercultural crítica,2020,pt_BR,"Santos, Daiana Sales de Freitas",IFPE,inovacao_instituto_publico,"At present, English language teaching has demanded some reconfigurations, mainly discussing the proposal of a more critical language teaching. In this new context of teaching-learning, it yearns for conscious pedagogical practices committed to a critical project anchored by the conception of language as culture in order to enable the formation of citizens empowered by a critical intercultural awareness in the integrated high school of Federal Institutes. It is presented as guiding question in this investigative work: What conceptions of English language teaching can anchor pedagogical practices capable of contributing to the development of a critical intercultural awareness in the integrated high school of a Federal Institute? Thus, we sought to understand the various conceptions that cross the teaching of English language in integrated high school of a Federal Institute from the pedagogical practices presented by the narratives, with emphasis on the possibility of developing a critical intercultural awareness. The theoretical framework that guides this research is represented by the studies by Kramsch (1993; 1998) that presents the concept of language as culture, by Critical Pedagogy (GIROUX, 1997); (MCLAREN, 1997), by Liberating Pedagogy (FREIRE, 1979a; 1979b; 1987; 1992; 1993; 1996; 2000), and for studies in the field of Critical Applied Linguistics (RAJAGOPALAN, 2003); (PENNYCOOK, 1994; 1995). The conceptual bases of high school integrated with Vocational and Technological Education and the conception of integral human formation are also considered. Narrative research was used as an investigative method, using narrative interview as a technique for data construction, based on the model presented by Schütze (1977 apud JOVCHELOVICH; BAUER, 2002). These interviews were conducted with three English-speaking integrated high school teachers. The analytical process proceeded with a narrative analysis grounded on the methodology developed by Ribeiro and Lyra (2008) based on the studies by Ricoeur (1994). The discussion and analysis covered important themes related to the objectives of this research. The results of this study showed that even in the face of the diversity of teaching conceptions presented by the narratives of the investigated teachers there are perspectives for the development of a critical intercultural awareness in the teaching of English in the context of integrated high school of the Federal Institute. The study also revealed the need to promote knowledge and the continuous discussion about critical, intercultural and integral human conceptions in the formative process of English language teachers. In order to offer theoretical and methodological contributions to the teaching of English in the context under study, a didactic sequence was developed as an educational product, inserting activities capable of contributing to the development of a critical intercultural awareness. Testing and evaluation of this product took place through a conversation circle with the campus English teachers being studied.",nacional,1,0,0,0,0,0,nucleo,
IFRR,oai:repositorio.ifrr.edu.br:123456789/358,A percepção dos alunos quanto à relevância social da EPT,2026,pt-BR,"Santos Júnior, José Leandro dos",IFRR,geral,"Este estudo analisa a percepção dos alunos da Educação Profissional e Tecnológica 
(EPT) quanto à relevância social de sua formação. A pesquisa, de caráter documental, buscou 
compreender como os estudantes relacionam os conhecimentos adquiridos às demandas sociais 
contemporâneas, tais como a sustentabilidade, a inclusão digital e a inovação. A revisão de 
literatura evidenciou que a EPT é reconhecida como prática social transformadora, articulando 
formação técnica e cidadania. Como afirma Gentil (2013), a educação profissional contribui 
diretamente para o desenvolvimento socioeconômico e para a inclusão social. Os resultados 
apontam que os alunos percebem a EPT como estratégica para o desenvolvimento integral, 
embora persistam desafios relacionados à exclusão digital, à formação docente e à infraestrutura 
escolar.",nacional,2,0,0,1,0,1,contexto,
IFRR,oai:repositorio.ifrr.edu.br:123456789/298,Inovação digital e governança: a contribuição do open data e o atendimento omnichannel para a eficiência e transparência na gestão pública,2026,pt-BR,"Silva, Larissa Araújo",IFRR,geral,"Os investimentos em recursos tecnológicos na gestão pública são essenciais para modernizar o Estado e contribuir diretamente para a melhoria do atendimento à população, oferecendo maior agilidade e facilitando o acesso às informações. A tecnologia da informação é hoje a base indispensável para toda forma de organização e inovação (Castells, 1999). Este estudo tem como objetivo principal analisar a relevância e os impactos do uso de ferramentas tecnológicas na gestão pública, buscando responder à problemática: Como os recursos tecnológicos impactam a eficiência e a transparência na gestão pública?. A metodologia adotada é a revisão bibliográfica teórico-analítica, explorando o uso de TICs e, especificamente, as contribuições do Open Data (Dados Abertos), que potencializa a colaboração popular e a transparência, e o atendimento Omnichannel, que unifica os canais de comunicação para garantir acessibilidade e qualidade na prestação de serviços. Os resultados demonstram que a tecnologia, quando bem aplicada, promove maior rendimento nos atendimentos, otimização dos processos e redução da burocracia, fortalecendo a eficiência, a transparência e a confiança para o cidadão. Contudo, a implementação dessas soluções enfrenta desafios significativos, como a carência de infraestrutura, a necessidade de capacitação dos servidores e a garantia da segurança da informação. Conclui-se que os recursos tecnológicos são instrumentos estratégicos de transformação, indispensáveis para consolidar uma administração pública mais moderna, eficiente e alinhada às demandas da sociedade contemporânea.",nacional,3,0,0,0,2,0,nucleo,
IFRR,oai:repositorio.ifrr.edu.br:123456789/304,Uso das tecnologias digitais: recurso pedagógico como práticas no ensino e formação do docente,2026,pt-BR,"Firmino, Anderson de Oliveira",IFRR,geral,"This article aims to analyze the use of digital technologies and pedagogical practices in teacher training. To achieve this objective, qualitative research was conducted addressing the concepts and foundations of education, the use of technology with an emphasis on teacher training, and pedagogical practices in the current context. Exploratory bibliographic research will be conducted with a theoretical foundation, textual production, and an ethnographic approach. We begin with the hypothesis that teacher training is optimized through technological resources to support pedagogical practices with digital tools and experiences within the teaching and learning process in education. The evident presence of digital technologies in our daily educational lives demands new approaches to the teaching and learning process. The use of active methodologies combined with technological resources has established itself as an alternative for teacher training, promoting innovative pedagogical practices aligned with the demands of contemporary society. The results indicate that, although there has been significant progress in the incorporation of digital technologies in schools, barriers remain related to infrastructure, cultural resistance, and the lack of continuing education that meets teachers' needs. Therefore, it is essential to develop training pathways that combine theory and practice, fostering the development of digital and pedagogical skills. The social relevance of this research lies in contributing to the understanding of teacher education as a whole, highlighting the importance of innovation and ongoing training as essential strategies for consolidating transformative pedagogical practices in the educational landscape.",nacional,2,0,0,0,0,0,contexto,
IFRR,oai:repositorio.ifrr.edu.br:123456789/459,Integração da cultura digital na educação profissional e tecnológica (ept) para a formação de competências em indústria 4.0,2026,pt-BR,"OLIVEIRA, Ana Fátima Lima de",IFRR,inovacao_politicas_publicas,"A transformação digital tem provocado impactos significativos nos processos produtivos e educacionais, especialmente com o avanço da Indústria 4.0. Nesse cenário, a Educação Profissional e Tecnológica (EPT) assume um papel estratégico na formação de profissionais aptos a atuar em ambientes automatizados e digitais. Este trabalho objetiva analisar a relevância da integração da cultura digital na EPT para o desenvolvimento de competências aplicáveis pelo novo contexto industrial. A pesquisa tem natureza bibliográfica, com abordagem qualitativa. Os resultados indicam que a adoção de metodologias ativas, tecnologias digitais e a formação contínua dos docentes são importantes significativamente para a formação de profissionais críticos, inovadores e adaptáveis. A justificativa fundamenta-se na necessidade de superar o desemprego estrutural, a exclusão digital e a perda de competitividade da indústria. Teoricamente, a pesquisa se ancora nos conceitos de formação omnilateral e politécnica (Saviani, Frigotto), que defendem o trabalho como princípio educativo e a educação integral do ser humano. As categorias de análise utilizadas são infraestrutura (recursos tecnológicos e conectividade), formação docente (competência digital e metodologias ativas) e currículo (integração de competências digitais e interdisciplinaridade). Entende-se que a articulação crítica dessas dimensões, mediada por políticas públicas consistentes, fortalece a EPT como base para uma economia digital inclusiva.",nacional,2,0,0,0,1,0,contexto,
IFRR,oai:repositorio.ifrr.edu.br:123456789/272,Transformação digital e governança pública:  análise do impacto da inteligência artificial e computação em nuvem na eficiência e transparência dos serviços no século XXI.,2026,pt-BR,"Marques, Julia Michele Santos",IFRR,inovacao_politicas_publicas,"Digital transformation has been crucial for modernizing the public sector in this  century, bringing important changes to how services are offered to the population. This study examines the impact of emerging technologies, such as cloud computing, artificial intelligence, and e-governance, on the efficiency, transparency, and accessibility of public services. Its central objective is to discuss the main themes and elements that shape the influence of digital transformation on the efficiency of public  services. Using a qualitative approach and bibliographic research, the analysis discusses how these innovations promote process automation, improve citizen service, and strengthen information security, highlighting the importance of the legal frameworks that support this evolution. The results indicate the contribution of AI to optimization and point out the ethical challenges of the General Data Protection Law (LGPD).",nacional,4,0,0,0,2,0,nucleo,
IFRR,oai:repositorio.ifrr.edu.br:123456789/331,Impactos da nova  lei de licitações nos municipios de pequeno porte,2026,pt-BR,"Encarnação, Ciderlando Silva da",IFRR,geral,"The enactment of Law No. 14,133/2021, known as the New Law on Public Procurement and Administrative Contracts, marked a milestone in the modernization of the legal framework governing public procurement in Brazil. Its central objective is to enhance transparency, standardize procedures, and strengthen administrative governance. However, its application raises questions regarding effectiveness in small municipalities, which make up the majority of Brazilian territory and face structural, budgetary, and technological limitations. This article aimed to analyze the main impacts of Law No. 14,133/2021 on these municipalities, discussing advances, challenges, and practical implications. Methodologically, the study adopts a qualitative, exploratory, and documentary approach, based on normative analysis, literature review, and examination of reports and case law related to the implementation of the law. The results show that, although the new legislation brings significant advances such as strengthening planning through the Annual Procurement Plan, the creation of the National Public Procurement Portal (PNCP), and greater accountability of public and private agents, small municipalities face serious obstacles to its effective implementation. Among these, the lack of trained personnel, technological fragility, high compliance costs, and cultural and political barriers stand out. It is concluded that, for the new law to produce the desired effects, technical and financial support from the Union and the states is indispensable, as well as the strengthening of inter-municipal consortia and continuous training programs.",nacional,1,0,0,0,0,0,nucleo,
IFRR,oai:repositorio.ifrr.edu.br:123456789/429,A informática na formação técnica de professores indígenas : contribuições para a inserção no mundo do trabalho,2026,pt-BR,"ALMEIDA, Maria Djanira de",IFRR,geral,"This research aimed to analyze the contributions of information technology to the technical training of Indigenous teachers and their insertion into the world of work. The specific objectives were to understand the role of Professional and Technological Education (PTE) in this process, identify the digital competencies developed, and reflect on pedagogical practices that integrate technology and Indigenous culture. The study is characterized as a bibliographic research with a qualitative approach and interpretative data analysis, organized into thematic categories. The defined categories were: Professional and Technological Education in the training of Indigenous teachers; Information technology and the development of digital competencies; Digital technologies and intercultural pedagogical practices; and Information technology and insertion into the world of work. The results showed that information technology plays an important role in the professional qualification of Indigenous teachers, supporting the development of digital competencies, strengthening pedagogical practices, and expanding professional opportunities. The theoretical references analyzed demonstrated that digital technologies can contribute to more inclusive, critical, and culturally contextualized educational processes, valuing traditional knowledge and strengthening Indigenous cultural, identities. It was also found that PTE, when articulated with digital technologies, contributes to comprehensive, emancipatory, and citizenship-oriented training. The research also identified challenges related to technological infrastructure, access to Information and Communication Technologies, and the need for continuous training for Indigenous teachers. It is concluded that information technology should not be understood merely as a technical tool, but as an instrument of social inclusion, cultural strengthening, and insertion into the world of work, contributing to greater autonomy and protagonism of Indigenous teachers in the contemporary educational context.",nacional,1,0,0,0,0,0,nucleo,
IFRS,oai:dspace.ifrs.edu.br:123456789/2143,Política monetária no Brasil: uma abordagem descritiva da última década,2025,por,"Ártico, Diogo",IFRS,inovacao_politicas_publicas,"Este trabalho tem como objetivo descrever a instabilidade macroeconômica enfrentada pelo Brasil no período de 2014 a 2023, buscando compreender como a alternância de governos com visões econômicas divergentes, as políticas conduzidas pelo Banco Central do Brasil (BACEN),  os escândalos de corrupção e as crises globais contribuíram para esse cenário. O campo de 
estudo abrange a economia brasileira, com foco em política fiscal, monetária e institucionalidade. Metodologicamente, a pesquisa baseou-se em análise documental e revisão bibliográfica, complementadas por estudos de dados econômicos, como Produto Interno Bruto (PIB), inflação, taxa de juros e indicadores de confiança. Os resultados indicam que a falta de 
continuidade em estratégias econômicas de longo prazo, aliada à volatilidade política e aos  impactos de crises externas, geraram um ambiente de incerteza e desconfiança no mercado, dificultando o crescimento sustentável. Conclui-se que a ausência de alinhamento entre os 
poderes Executivo e Monetário e as deficiências institucionais agravaram os desafios  econômicos do país, evidenciando a necessidade de políticas públicas consistentes e de maior transparência na governança. A pesquisa destaca ainda a importância de estudos futuros para aprofundar o papel das reformas estruturais e da governança econômica no fortalecimento da 
estabilidade macroeconômica brasileira.",nacional,3,0,0,0,3,0,nucleo,
IFRS,oai:dspace.ifrs.edu.br:123456789/2305,Manual de boas práticas de uma tecnologia social: caso do projeto de extensão das hortas escolares agroecológicas no município de Viamão-RS,2025,por,"Palhano, Patrícia Pereira",IFRS,economia_solidaria;tecnologia_social,"O Projeto de Extensão das Hortas escolares agroecológicas, coordenado e articulado
pelo Programa Núcleo de Estudos em Agroecologia e Produção Orgânica
(EcoViamão) do Instituto Federal do Rio Grande do Sul (IFRS), Campus Viamão, desenvolve,
juntamente com outros atores sociais, um conjunto de ações que buscam
auxiliar as escolas no processo de implantação e no desenvolvimento de hortas escolares,
no município de Viamão. Neste sentido, as hortas escolares são consideradas como uma Tecnologia Social
com grande potencial de reaplicação, já que são utilizadas como laboratórios ao
ar livre, capazes de promover a educação ambiental, a sustentabilidade, a alimentação
saudável e o cooperativismo nas escolas onde estão inseridas.
Por conseguinte, este Manual de Boas Práticas de uma Tecnologia Social: Estudo
de Caso do Projeto de Extensão das Hortas escolares agroecológicas no Município
de Viamão foi desenvolvido para ser utilizado como ferramenta de disseminação das
atividades realizadas nas hortas escolares, sendo resultado do trabalho de conclusão
de curso de mestrado em Propriedade Intelectual e Transferência de Tecnologia
para a Inovação, do ponto focal Instituto Federal de Educação, Ciência e Tecnologia
do Rio Grande do Sul- IFRS do Campus de Porto Alegre.
Almeja-se que as experiências vivenciadas em 39 escolas participantes apresentem
com clareza as principais características e práticas presentes no projeto,
contribuindo para reaplicação e disseminação em outras realidades nas quais esta
Tecnologia Social possa se fazer presente.",nacional,8,0,1,1,0,1,nucleo,IFRS do Campus de Porto Alegre;Instituto Federal de Educação;Instituto Federal do Rio Grande do Sul
IFRS,oai:dspace.ifrs.edu.br:123456789/1977,"Variáveis influenciadoras, desafios e estratégias da inovação aberta : uma revisão sistemática da literatura",2025,por,"Oliveira, Paula Schaparini",IFRS,geral,"O presente trabalho aborda a inovação aberta como um modelo essencial para organizações que buscam competitividade em ambientes de rápidas mudanças, embora ainda seja pouco compreendido. O estudo analisa as variáveis influenciadoras, desafios e estratégias para a adoção da inovação aberta com base em publicações recentes. Trata-se de uma pesquisa qualitativa, exploratória, pautada em revisão sistemática da  literatura e análise de conteúdo conforme Flick (2009). Foram analisadas publicações de 2019 a 2024 nas bases ScienceDirect, Emerald e Scopus, utilizando os termos “open innovation” e “management challenges”. Os resultados identificaram que variáveis como cultura organizacional, liderança e infraestrutura tecnológica influenciam a implementação da inovação aberta. A pesquisa conclui que estratégias como o desenvolvimento de uma cultura colaborativa e uso de plataformas digitais podem ajudar a superar barreiras associadas à inovação aberta, contribuindo para a identificação de um padrão de variáveis e desafios enfrentados pelas organizações.",nacional,4,1,0,0,1,0,nucleo,
IFRS,oai:dspace.ifrs.edu.br:123456789/1730,Psicodinâmica do trabalho: percepções de prazer e sofrimento no trabalho docente em uma instituição de ensino federal,2024,por,"Santos, Amanda Costa dos",IFRS,inovacao_instituto_publico,"O presente artigo analisou as percepções de prazer e sofrimento no trabalho comuns
aos/às docentes do Instituto Federal do Rio Grande do Sul. Adotou-se como método um estudo
quantitativo e de pesquisa correlacional, por meio de levantamento Survey. Obtiveram-se 84
respostas de docentes dos campi Alvorada, Canoas, Osório, Porto Alegre, Restinga, Viamão e
Rolante. Além de questões demográficas, o instrumento de coleta utilizou a Escala de Indicadores

de Prazer e Sofrimento no Trabalho (EIPST) desenvolvida por Evaristo, Mota e Batista-dos-
Santos (2020) para medição de prazer e sofrimento relacionados a diversos aspectos laborais. A

partir dos resultados da análise da escala, foi possível inferir que os fatores de prazer no trabalho
obtiveram médias sensivelmente maiores do que as variáveis de sofrimento no trabalho. Dentre
as variáveis de prazer no trabalho, sobressaíram-se o sentimento de orgulho pelo trabalho
realizado e a percepção de assistência aos colegas, quando necessário. Dentre as variáveis de
sofrimento, predominaram o sentimento de sobrecarga de trabalho, de esgotamento emocional e
de stress. Cabe ressaltar que tais variáveis são apontadas em diversos estudos como preditoras de
adoecimento e, portanto, são indicadores que devem ser melhor observados pela instituição, dado
o risco sobre a saúde dos(as) docentes.",nacional,0,0,0,0,1,0,contexto,Instituto Federal do Rio Grande do Sul. Adotou-se como
IFRS,oai:dspace.ifrs.edu.br:123456789/1139,Motivos do microempreendedorismo em Alvorada-RS,2024,por,"Bastos, Deivid Augusto Dias",IFRS,inovacao_politicas_publicas,"A pesquisa buscou compreender alguns microempreendedores no município de Alvorada,
localizado no estado Rio Grande do Sul, evidenciando se as iniciativas empreendedoras se
dão por necessidade exclusiva de subsistência familiar, por visão de oportunidade de

ascensão social ou outros motivos específicos de cada caso em sua individualidade. Utilizou-
se uma abordagem qualitativa de pesquisa, através da pesquisa de campo. Para isso, foram

feitas entrevistas abertas com dez empreendedores dos principais bairros do município,
selecionados por conveniência, que demonstraram que um dos principais fatores que leva ao
empreendimento em determinadas áreas é a facilidade de acesso ao conhecimento. Ainda que
o estudo possa não representar quantitativamente a realidade do município em sua totalidade,
acredita-se que o perfil dos empreendedores, bem como os motivos que levam ao
microempreendedorismo, reflete um cenário padrão e recorrente em Alvorada. Observou-se
que os empreendedores locais são em sua grande maioria apostadores de negócios, pois não
há um planejamento anterior acerca daquilo que se pretende fazer, o que resulta na não
formalização dos negócios. Constatou-se que o estímulo da maioria no grupo é em
decorrência da necessidade e que a grande maioria não deseja retornar à atividade com
vínculo empregatício, mantendo a preferência de seguir como microempreendedores. É
perceptível que a maioria dos microempreendedores obtiveram o retorno financeiro esperado
de seus negócios, inclusive com perspectiva de crescimento. Contudo, evidencia-se a falta de
fomento e incentivo municipal ao empreendedorismo e inovação e o não direcionamento de
políticas públicas voltadas para a necessidade real dos microempreendedores com o objetivo
de reverter a realidade do município quanto aos motivos que levam ao surgimento de novos
empreendedores. Incentivar a qualificação e inovação é uma opção viável de se fomentar o
empreendedorismo por oportunidade em vez de necessidade. É necessário que se dê
conhecimento e ferramentas para que a inovação ocorra e transforme a sociedade, caso
contrário corre-se o risco de se continuar com um mercado estagnado e propenso a um
declínio social.",nacional,4,0,0,0,2,0,nucleo,
IFRS,oai:dspace.ifrs.edu.br:123456789/1513,Tratamento de sementes de soja visando controle de Scleriotinia sclerotiorum,2024,por,"Gatti, Pedro Henrique",IFRS,geral,"O fungo Scleriotinia sclerotiorum, agente causal de mofo-branco na cultura da soja,
encontra-se distribuído em todo território brasileiro atingindo cerca de 10 milhões de hectares.
Sementes infectadas por micélio dormente estão entre as causas do aumento da área infestada.
Assim, a prática de tratamento de semente é uma alternativa para minimizar a sua disseminação.
Dada a escassez de informações sobre o tema, este estudo objetivou verificar o efeito de
fungicidas de diferentes princípios ativos sobre a viabilidade do patógeno, bem como a
possibilidade de formação de escleródios em substrato, e sobre o poder germinativo da semente.
Para isso, escleródios de Scleriotinia sclerotiorum foram repicados e cultivados em meio BDA
para a obtenção de colônias puras, nas quais 50 sementes de soja por placa de Petri foram
mantidas por 24 h para que ocorresse a infecção externa das sementes. Após, as sementes foram
submetidas ao tratamento de sementes com 6 fungicidas, a saber: Carbendazim, Carboxin +
Thiram, Thiabendazole + Fludioxonil + Metalaxil-m, Tiodicarbe + Imidacloprido. Foram
acrescidos ao estudo, a condição de sementes sem infecção de Sclerotinia sclerotiorum e
sementes infectadas com Sclerotinia sclerotiorum e sem tratamento de sementes. A
porcentagem germinação das sementes foi determinada aos 6, 15 e 30 dias após o tratamento
de sementes, com 4 repetições de cada unidade experimental, através do teste de germinação
com uso de papel para geminação e acondicionamento em incubadora BOD a 25°C. Aos 6 dias
após o tratamento de sementes, houve a semeadura em vasos plásticos com areia esterilizada,
os quais foram acondicionados em incubadora BOD a 25 °C, com um fotoperíodo de 12 horas
luz, no 15o dia foi feita a massa seca da parte aérea das plantas e mantidos por 38 dias, até que
as unidades experimentais foram destruídas e a areia peneirada visando quantificar os
escleródios formados no substrato. O modelo experimental utilizado foi o DIC (delineamento
inteiramente casualizado), onde os resultados foram submetidos à análise da variância pelo teste
F (p<0,05) e quando significativo, as médias das varíaveis quantitativas foram submetidas à
análise de regressão e as médias das variáveis qualitativas submetidas ao teste de Tukey ou
Scott Knott (p<0,05). A presença do patógeno afetou a germinação das sementes de soja.
Nenhum dos tratamentos estudados foi capaz de erradicar o fungo, pois em todos os tratamentos
houve produção de escleródio no substrato. O tratamento com carbendazin foi o mais eficiente,
sendo capaz de evitar, até o 15° dia de armazenamento das sementes tratadas, a queda da
germinação das sementes armazenadas e diminuir a incidência do patógeno nas sementes
germinadas. Ainda, esse tratamento apresentou maior matéria seca de planta e sem diferir de
Thiabendazole + Fludioxonil + Metalaxil-m, foram os tratamentos que resultaram em menor
produção de escleródios no substrato.",nacional,2,0,0,0,0,0,contexto,
IFRS,oai:dspace.ifrs.edu.br:123456789/718,Política institucional para os cursos de Ensino Médio Integrado do IFRS: uma proposta de avaliação participativa e emancipatória,2022,,"Keller, Fabiana de Oliveira",IFRS,inovacao_instituto_publico,"A pesquisa que trata da Política Institucional para os Cursos de Ensino Médio Integrado do IFRS (PIEMI-IFRS) com vistas ao desenvolvimento de uma proposta de avaliação institucional participativa e emancipatória desse documento, ocorreu no âmbito do Programa de Mestrado Profissional em Educação Profissional e Tecnológica (ProfEPT), do Campus Porto Alegre do Instituto Federal de Educação, Ciência e Tecnologia Rio Grande do Sul (IFRS), na Linha de Pesquisa Organização e Memórias dos Espaços Pedagógicos em Educação Profissional e Tecnológica (EPT). O problema de pesquisa teve a seguinte questão: quais os elementos necessários para que a Avaliação Institucional Participativa contribua para o acompanhamento da
consolidação da PIEMI-IFRS? O objetivo geral da pesquisa foi investigar os processos de avaliação institucional necessários ao acompanhamento da consolidação da PIEMI-IFRS com vistas ao desenvolvimento de dois produtos educacionais para auxiliar nesse processo. Em termos metodológicos, a pesquisa pode ser classificada como aplicada, de abordagem qualitativa e caracterizada como exploratória. Os instrumentos de coleta de dados foram: análise do referencial teórico; análise documental da legislação nacional a respeito da temática da EPT; documentos institucionais do IFRS (PIEMI-IFRS; Programa de Autoavaliação do IFRS); e entrevistas semiestruturadas, que visaram investigar a relação entre a oferta de cursos de EMI e a PIEMI-IFRS nos anos de 2019 e 2020 em três campi do IFRS. Os participantes da pesquisa foram os pedagogos, docentes da área geral e técnica que atuam nos cursos de EMI ofertados pelos campi Alvorada, Ibirubá e Veranópolis. O
referencial teórico é composto de autores que discutem a formação humana integral no âmbito da EPT e, em especial, no EMI. Compreende o EMI como um movimento contra-hegemônico que visa superar a dualidade estrutural, tendo como base a formação humana integral dos estudantes. Nesse contexto é que se coloca a PIEMIIFRS, marcando o posicionamento da Instituição e orientando para o fortalecimento desta forma de oferta no IFRS. A partir dos dados coletados nas entrevistas, os resultados apontaram para a necessidade de tornar o conteúdo textual da PIEMI-IFRS mais conhecido pela comunidade do IFRS. O produto educacional em formato de Vídeo buscou preencher a lacuna na divulgação da PIEMI-IFRS. Além disso, o conteúdo das entrevistas e a análise documental, apoiada no referencial teórico da Abordagem do Ciclo de Políticas e teóricos da Avaliação Institucional Participativa e da Avaliação Emancipatória, trouxeram subsídios para a criação de um produto educacional em formato de Guia que contém a Proposta de Avaliação Participativa e Emancipatória da PIEMI-IFRS, apresentando um roteiro para auxiliar nesse processo. Tais produtos foram avaliados positivamente pelos participantes da pesquisa e servidores integrantes das Pró-reitorias de Ensino e de Desenvolvimento Institucional do IFRS. Os avaliadores consideraram os Produtos Educacionais adequados para a consolidação da PIEMI-IFRS no âmbito da instituição, as sugestões dadas foram acolhidas para a qualificação dos produtos. Os resultados da pesquisa apontaram para a necessidade de maior divulgação da PIEMI-IFRS, com vistas à consolidação do Ensino Médio Integrado como a maneira de firmarmos o posicionamento do IFRS de forma contrária à precarização da educação brasileira. O Guia poderá contribuir para o estabelecimento de um processo avaliativo crítico e formativo, de forma consolidar coletivamente a proposta de Formação Humana Integral no IFRS.",nacional,2,0,0,0,0,0,nucleo,IFRS com vistas ao desenvolvimento de dois;IFRS de forma contrária;IFRS mais conhecido pela comunidade do;IFRS no âmbito da instituição;IFRS nos anos de 2019 e 2020 em três campi;IFRS. A partir dos dados coletados nas;IFRS. Além disso;IFRS. IFRS;IFRS. O produto educacional em formato de;IFRS. Os avaliadores consideraram os;IFRS. Os participantes da pesquisa foram;Instituto Federal de Educação
IFRS,oai:dspace.ifrs.edu.br:123456789/689,Perfil socioeconômico das startups de Caxias do Sul entre 2019 e 2020,2022,por,"Campagnaro, Divane",IFRS,geral,"O empreendedorismo e inovação estão presentes em vários momentos da história e um novo mercado surge com as startups. Startup é definido por empresa recém-criada, com um modelo escalável, repetível, lucrativa, ter flexibilidade e rapidez para atender o mercado com um produto novo ou processo e possuem um alto risco. Conhecer esse ecossistema, seus indicadores socioeconômicos e o panorama da cidade e do país possibilitam estabelecer oportunidades, riscos e tendências para o futuro. Este trabalho objetiva analisar esses indicadores socioeconômicos da cidade qualitativo-descritiva. Em relação aos dados, realiza-se a coleta de informações através dos relatórios de mapeamento das comunidades disponibilizados para download pelo site da Associação Brasileira de Startups (ABSTARTUPS), abrangendo as startups de Caxias do Sul respondentes aos mapeamentos. Após estratificação, avaliação e análise dos dados, objetiva-se identificar qual o perfil socioeconômico da cidade, o qual apresentou um perfil majoritariamente masculino com idade acima da média nacional, um amadurecimento tanto nas fases do ciclo da startup quanto no faturamento anual e uma tendência para novos modelos de negócios e públicos alvo. Em relação às contribuições deste estudo, observou-se a possibilidade de investimentos em novos modelos e públicos, bem como novos horizontes para empreendedores iniciarem startups na cidade.",nacional,2,0,0,0,4,0,contexto,
IFRS,oai:dspace.ifrs.edu.br:123456789/437,Tecnologias digitais na educação: uma inovação como diretriz para a cidadania,2021,por,"Santos, Bruna Silva dos",IFRS,inovacao_politicas_publicas,"As diversas transformações que a evolução tecnológica vem desencadeando na sociedade atual, em especial nos ambientes educacionais, são as motivações da presente pesquisa. A complexidade dos problemas contemporâneos com fortes matizes de relevância social nos impele a buscar formas de compreender e lidar com a dinamicidade plural expressa na contemporaneidade em prol de uma sociedade mais equânime. Considerando esse contexto, emerge a questão norteadora desta investigação: “Como a adoção de tecnologias digitais podem auxiliar os processos de desenvolvimento de políticas públicas educacionais em uma perspectiva inovadora para o fortalecimento da cidadania?”. Desse modo, com o intento de alcançar respostas, foi traçado como objetivo geral analisar as possibilidades das tecnologias digitais como um dos alicerces às políticas públicas que fomentem processos inovadores capazes de proporcionar aos sujeitos que compõem o ecossistema escolar vivenciar sua cidadania. Para tanto, a pesquisa está organizada com natureza aplicada, de método observacional, com abordagem qualitativa, de caráter descritivo e exploratório, utilizando da técnica de pesquisa bibliográfica e documental, combinada com o estudo de campo, baseado no instrumento de coleta de dados por meio de entrevistas semiestruturadas. No que se refere ao campo empírico, o estudo abrange o projeto “Jovem RS conectado no futuro”, direcionado à Rede Estadual de Educação Básica do Rio Grande do Sul. As intervenções citadas foram registradas através da gravação em áudio das entrevistas, que foram transcritas e utilizadas durante as análises. Sendo assim, essa investigação oferece benefícios ao encontrar caminhos para demonstrar o potencial inovador do uso crítico das tecnologias digitais, nos processos de políticas públicas educacionais, voltadas para o fomento da cidadania. Os resultados deste estudo subsidiaram o desenvolvimento do produto denominado de “Diretrizes para a consolidação de políticas públicas educacionais”, que está apresentado em duas facetas, uma textual, através do capítulo 5 desta dissertação, e outra interativa, com a apresentação do conteúdo sendo realizada por meio de uma hipermídia. O produto tem a pretensão de apresentar diretrizes que permitam a reflexão a respeito de alguns pressupostos fundamentais para que as políticas sociais tornem-se mais fortes, bem como, salvaguardá-las das volúveis trocas de governos e gestores. De forma mais especifica, quanto às tecnologias digitais, elas destacam-se nas diretrizes quarta e quinta, a saber, “Envolvimento social” e “Inovação na cidadania”. Essas diretrizes trazem à luz as possibilidades de uso das tecnologias digitais para a consulta popular, participação da construção, discussão, avaliação e fiscalização de políticas públicas, como também, na comunicação a partir de lugares de fala e feedback entre os cidadãos e o Estado, além de outras ações.",nacional,4,0,0,0,0,0,nucleo,
IFRS,oai:dspace.ifrs.edu.br:123456789/463,Política de Propriedade Intelectual do Serviço Nacional de Aprendizagem Industrial do Rio Grande do Sul (SENAI-RS): um olhar sobre a retribuição dos inventores,2021,,"Santos, Fernanda Barboza dos",IFRS,geral,"No Brasil, a partir de 1943, com o advento da Consolidação das Leis do Trabalho, já podem ser observados na legislação dispositivos que disciplinam as invenções desenvolvidas por empregados. Desde então, as relações de trabalho evoluíram bastante, fazendo com que a legislação precisasse se modernizar. Da promulgação da Lei nº 9.279/1996 até hoje, muitas mudanças são introduzidas e, com elas, também se faz necessário revisar as Políticas de Propriedade Intelectual das Instituições de Ciência e Tecnologia. O presente trabalho se propôs a gerar conhecimentos para embasar a construção da nova forma de retribuição financeira dos inventores do Serviço Nacional de Aprendizagem Industrial do Rio Grande do Sul (SENAIRS), com o objetivo de promover o reconhecimento dos pesquisadores, estimular a pesquisa e incrementar o portfólio de projetos de inovação e patentes da Instituição. De caráter exploratório, utilizou uma abordagem qualitativa e as técnicas de levantamento bibliográfico e pesquisa documental. Identificou os principais marcos na legislação nacional sobre Propriedade Intelectual e Inovação, analisou o tratamento dado aos inventores em outros países e em Instituições de Ciência e Tecnologia gaúchas, além de realizar entrevistas, por meio de formulário eletrônico, com os pesquisadores dos Institutos de Inovação e Tecnologia do SENAI-RS. Os resultados estão apresentados na forma de uma norma regulamentadora, construída com base na atual Política de Propriedade Intelectual da instituição e de um artigo sobre o papel dos Núcleos de Inovação Tecnológica. A proposta de revisão e alteração da Política modifica o modelo de retribuição dos inventores hoje adotado, e o artigo investiga a percepção dos pesquisadores em relação aos preceitos constantes na Política de Propriedade Intelectual da Instituição, em especial aos relacionados à retribuição dos inventores. Com a adoção da proposição de alteração da retribuição dos pesquisadores elaborada, espera-se ampliar o reconhecimento hoje dado aos pesquisadores da Instituição, fomentando o desenvolvimento de um número ainda maior de projetos de inovação, contribuindo, assim, para o atingimento da missão da Instituição de aumentar a competitividade das indústrias brasileiras.",nacional,5,0,0,0,1,0,nucleo,
IFRS,oai:dspace.ifrs.edu.br:123456789/174,"Conselho de Campus: espaço de representatividade, formação política e educação informal",2019,por,"Oliveira, Henrique Leonardi de",IFRS,inovacao_instituto_publico,"Esta investigação teve a finalidade de analisar e propor aportes que incentivem a participação da comunidade acadêmica do IFRS - Campus Porto Alegre no Conselho de Campus (CONCAMP) que, além de ser considerado um órgão que colabora com o aperfeiçoamento do processo educativo e zela pela execução das políticas do IFRS, pode contribuir para a formação política de seus integrantes por meio de um processo de educação informal. Foi realizada no Instituto Federal de Educação, Ciência e Tecnologia do Rio Grande do Sul (IFRS) ? Campus Porto Alegre, a respeito de seu CONCAMP. Foram envolvidos alguns dos atuais membros deste conselho, sendo três técnicos administrativos, dois professores, dois estudantes e um membro da comunidade externa. Além desses, ex-membros do referido Conselho participaram da investigação na proporção: quatro técnicos administrativos, um professor e um estudante. Por fim, outros sujeitos foram incluídos, sendo três técnicos administrativos, um professor e um estudante que nunca atuaram no CONCAMP, nem mesmo como suplentes. Constituída numa abordagem qualitativa, foi produzida por meio de análise documental em textos da legislação educacional e regulamentos relacionados ao CONCAMP do IFRS - Campus Porto Alegre. Também foram realizadas entrevistas abertas semiestruturadas com os sujeitos citados anteriormente e aplicados questionários com questões abertas e fechadas gerando apontamentos sobre suas experiências, dificuldades, facilidades, aprendizados, com relação ao envolvimento com o CONCAMP. Com esses procedimentos, além de pesquisa bibliográfica sobre os fundamentos da gestão democrática, foi realizada a análise dos dados obtidos, produzindo este artigo e um produto educacional em formato de material textual, composto de modelo de política institucional e campanha informativa, já que concluiu-se pela necessidade de intervenção no aumento da participação no CONCAMP, principalmente do segmento dos estudantes e que a formatação do Conselho do Campus Porto Alegre poderia sofrer algumas alterações nas suas dinâmicas, composição e funcionamento, mesmo que represente conquista democrática frente a instâncias semelhantes em outros Institutos Federais ou Universidades públicas quanto à gestão democrática. Após validação do produto educacional junto a membros da comunidade do Campus Porto Alegre, foram realizadas melhorias estéticas e conceituais no material textual, tornando-o relevante para estimular a participação da comunidade na principal esfera de gestão democrática dos campi de uma instituição federal de educação profissional e tecnológica, contribuindo assim na formação dos sujeitos nela atuantes.",nacional,1,0,0,0,0,0,nucleo,IFRS - Campus Porto Alegre no Conselho de;IFRS - Campus Porto Alegre. Também foram;Instituto Federal de Educação
IFRS,oai:dspace.ifrs.edu.br:123456789/180,O papel educativo dos comitês de ética em pesquisa com seres humanos nos Institutos Federais: contribuições para a formação profissional e tecnológica,2019,por,"Bendati, Maria Mercedes de Almeida",IFRS,inovacao_instituto_publico,"Os Comitês de Ética em Pesquisa (CEPs) integram um sistema coordenado pela Comissão Nacional de Ética em Pesquisa, do Conselho Nacional de Saúde, que avalia aspectos das pesquisas com seres humanos, voltado à proteção dos participantes. A atuação dos CEPs possui também um caráter educativo, dirigido à formação de seus membros e às suas instituições. Nos Institutos Federais de Educação, Ciência e Tecnologia (IFs), as atribuições de ensino, pesquisa e extensão requerem também considerar a ética em pesquisa na formação integral, na Educação Profissional e Tecnológica (EPT). O presente estudo tem o objetivo de compreender o papel educativo dos CEPs dos IFs na formação continuada em ética em pesquisa na EPT e em especial no que tange às pesquisas em Ciências Humanas e Sociais. O produto educacional consiste em uma proposta de ensino para os membros de CEP, na forma de sequência didática, que aborda a Resolução CNS n.° 510/2016, dirigida à área de Ciências Humanas e Sociais. Esta pesquisa está caracterizada como um estudo de caso, de caráter descritivo e de abordagem qualitativa. Para a coleta de dados, foi enviado por e-mail um questionário semi- estruturado para 179 membros dos 20 CEPs de Institutos Federais atuantes em 2018. A avaliação do produto educacional foi através de três encontros presenciais com 25 membros de CEP do Rio Grande do Sul e Santa Catarina. As respostas recebidas dos participantes (30 de 14 Estados brasileiros e 25 dos encontros presenciais) foram analisadas através da Análise Textual Discursiva (ATD). Em relação à formação do integrante de CEP, o estudo indicou que o processo ocorre de forma gradual, com a inserção gradativa desse profissional no espaço de discussão ética. Foram identificados dois momentos no processo educativo: o individual, no qual o integrante adquire as ferramentas para a sua atividade, e o coletivo, no qual interage com outros membros e amplia o seu conhecimento. A avaliação final do material de ensino mostrou que a sequência didática produzida pode colaborar, de forma adequada e satisfatória, para a formação continuada dos membros de CEP. O estudo destaca a importância do papel educativo do CEP, voltado para os seus próprios integrantes e para a formação integral na EPT.",nacional,1,0,0,0,0,0,nucleo,IFs na formação continuada em ética em
IFSC,oai:repositorio.ifsc.edu.br:1/1376,A coordenação pedagógica em cursos de qualificação profissional na Universidade Corporativa da Polícia Rodoviária Federal,2026,Português Brasil,"Bezerra, Héber Araújo",IFSC,geral,"O objetivo geral desta pesquisa é contribuir para o aperfeiçoamento da gestão dos cursos de qualificação profissional da Universidade Corporativa da Polícia Rodoviária Federal (UniPRF) por meio da elaboração de um produto educacional que organize e oriente a atuação da coordenação pedagógica (CP). Foi desenhada como pesquisa qualitativa, aplicada, exploratória e descritiva, delineada como estudo de caso, com a constituição do corpus a partir de pesquisa bibliográfica, documental e de campo, mediante a aplicação de questionário aos coordenadores pedagógicos na UniPRF. A interpretação dos dados foi realizada conforme a Análise de Conteúdo. Os achados relacionados aos objetivos específicos da pesquisa foram: 1) A CP na EPT tem responsabilidades em pelo menos cinco áreas distintas: Planejamento e acompanhamento do projeto político pedagógico; Planejamento pedagógico e desenvolvimento dos processos de ensino e aprendizagem; Formação continuada e desenvolvimento profissional; Avaliação institucional e de aprendizagem; Apoio administrativo e assessoramento da Direção; 2) A educação corporativa na UniPRF segue a Política Nacional de Desenvolvimento de Pessoas, tem como unidade central a UniPRF e unidades descentralizadas em todas as Unidades Federativas e pretende estruturar programas educacionais, trilhas de conhecimento e aprendizagem e ações educativas em diversos níveis, tipos e modalidades. O corpo de instrutores não é lotado na UniPRF e atua mediante convocação específica; 3) A CP é exercida mediante designação temporária e específica da estrutura de governança dos cursos. Coordena as atividades pedagógicas e acompanha as didáticas de apoio e disciplinares. Não é exigida formação específica mas tem responsabilidade sobre as atividades de: Planejamento pedagógico e acompanhamento dos processos de ensino e aprendizagem; Atualização de instrutores; Avaliação institucional e de aprendizagem; Administração e logística; e Articulação, integração e gestão de relações; 4) Na percepção dos sujeitos da pesquisa, os papéis essenciais da CP são o planejamento, o acompanhamento e a avaliação de aprendizagem, o suporte ao corpo docente e a articulação dos agentes da ação educativa; as maiores dificuldades são as faltas de formação específica, de tempo para planejamento e preparação das atividades de ensino, de recursos materiais, de clareza nos documentos, de adesão ao planejamento, de equipe pedagógica em tamanho adequado e de autonomia, a complexidade do processo formativo, a gestão das relações e o excesso de atribuições; e os saberes necessários para atuação na CP são os conhecimentos pedagógico, disciplinar, contextual, normativo e institucional, habilidades gerenciais e de relações interpessoais, entre outros saberes e exigências. Por fim, foi elaborado o Guia de Atividades da Coordenação Pedagógica dos Cursos de Qualificação Profissional na UniPRF, para contribuir para a sistematização da atuação das equipes de coordenação pedagógica, atendendo à necessidade identificada ao longo da pesquisa. O Produto Educacional foi elaborado a partir das atividades realizadas pelos coordenadores pedagógicos, na tipologia de guia, em formato digital, distribuído, avaliado e aprovado, tendo a sua adoção recomendada por um grupo de especialistas, integrantes do público alvo.",nacional,2,0,0,1,0,1,nucleo,
IFSC,oai:repositorio.ifsc.edu.br:1/2295,Autoconsumo coletivo em comunidades de energia: análise de modelos de partilha dos benefícios baseado no contexto dos mercados de eletricidade Português e Brasileiro,2026,Português Brasil,"Silva, Juliana Loureiro Valentim",IFSC,geral,"Atualmente, a transição para uma economia de baixo carbono e o desenvolvimento de sistemas sustentados por fontes renováveis são reconhecidos como prioridades estratégicas a nível global, estando alinhados às diretrizes internacionais relacionadas às metas da transição energética. Paralelamente, a crescente descentralização da geração de energia têm impulsionado o desenvolvimento de novos modelos de organização do setor elétrico mundial, entre os quais se destacam as Comunidades de Energia Renovável (CER). Essas comunidades promovem o autoconsumo coletivo por meio do compartilhamento da energia gerada localmente, incentivando a participação ativa dos consumidores, o aumento da eficiência energética e a integração de fontes renováveis no sistema. Enquanto países europeus, como Portugal, já dispõem de um enquadramento regulatório consolidado para esse modelo, no Brasil sua aplicação ainda se restringe aos mecanismos atualmente previstos para a Geração Distribuída (GD). Neste contexto, esta dissertação teve como objetivo analisar a aplicação de diferentes métodos de partilha dos benefícios entre os participantes em uma comunidade no contexto do mercado brasileiro de eletricidade, utilizando como referência a experiência regulatória e operacional de Portugal. Para isso, foi desenvolvido um estudo de caso baseado em dados reais de consumo e geração, no qual foram implementadas e avaliadas diferentes metodologias de partilha dos benefícios, bem como estratégias para melhoria do desempenho energético da comunidade. Os resultados demonstraram que as CERs representam uma alternativa tecnicamente viável e promissora para aumentar a eficiência energética, fortalecer a participação ativa dos consumidores e contribuir para a transição energética. Adicionalmente, verificou-se que mecanismos de partilha de energia e de gestão já regulamentados em Portugal podem servir como referência para a evolução do arcabouço regulatório brasileiro, fornecendo subsídios técnicos para a futura implementação das CER no país e para o desenvolvimento de um modelo mais eficiente de gestão da energia.",nacional,0,0,0,0,3,0,contexto,
IFSC,oai:repositorio.ifsc.edu.br:1/496,Desafios do empreendedorismo no âmbito da moda,2026,Português Brasil,"Pereira, Ariane dos Reis",IFSC,geral,"O presente trabalho tem como objetivo discutir pontos relevantes das principais dificuldades que os empreendedores têm ao iniciar um negócio na área de moda, bem como, em quais aspectos sentem maiores obstáculos em que erraram ou acertaram, os pontos positivos e negativos de empreender na moda. Como objetivos específicos buscou-se levantar as dificuldades que mulheres estudantes e profissionais na área da moda acreditam ter na hora de iniciarem seu negócio. Após, buscou-se analisar, por meio da pesquisa bibliográfica, as práticas de comércio justo e a forma como as marcas pensam ao criarem suas coleções de moda. E, por fim, realizou-se um estudo de caso na empresa Meraki Sustentável, com o objetivo de relacionar quais foram os maiores obstáculos que a empreendedora e autora deste trabalho sofreu no início do processo de empreendedorismo, realizando assim uma comparação entre os dados bibliográficos encontrados em relação às dificuldades de empreender na área de moda. Para que este trabalho acontecesse uma pesquisa qualitativa e de natureza básica foi feita, com caráter exploratório. Usado como método o estudo de caso com a marca Meraki Sustentável. A aplicação de um questionário online para a produção de dados primários e os dados secundários foram obtidos por meio da pesquisa bibliográfica, em artigos e periódicos qualificados. Foram relacionadas e comparadas aos dados bibliográficos encontrados, o estudo de caso e as respostas do questionário online. Os resultados obtidos com este estudo indicam que não há uma fórmula a seguir na hora de empreender na moda. Existem caminhos que tornam cada marca única e autêntica, além disso, a pesquisa demonstrou que é possível trabalhar com boas práticas de comércio justo sem perder a essência de um negócio.",nacional,0,0,0,0,0,0,contexto,
IFSC,oai:repositorio.ifsc.edu.br:1/2357,Integração de um algoritmo de previsão de demanda a uma linha de manufatura simulada utilizando tecnologias da Indústria 4.0,2026,Português Brasil,"Cioccari, Gustavo Belmonte",IFSC,geral,"Com o advento da Indústria 4.0, a inclusão de novas tecnologias no processo produtivo é um diferencial muito grande na busca por um produto melhor e mais competitivo. Dentre essas novas tecnologias destaca-se o Machine Learning, que ainda não está muito difundida nas indústrias brasileiras, como mostram pesquisas recentes. Diante disso o objetivo do trabalho será estudar e utilizar algoritmos que indiquem a decisão mais adequada a se tomar na linha de produção, e integrá-los a essa através de protocolos de comunicação utilizados atualmente no ambiente industrial, implementando uma aplicação completa de ponta a ponta empregando tecnologias e conceitos chaves da Indústria 4.0. A fim de atingir esse objetivo estudou-se dois algoritmos de regressão linear para previsão de demanda, Random Forest e Gradient Boost obtendo resultados de 73% e 90% de assertividade, respectivamente, sendo esses satisfatórios para a integração proposta. Além disso, foi desenvolvida uma API para disponibilização dos dados obtidos pela implementação do algoritmo. A integração entre a API e o chão de fábrica se dá através de um middleware, com a função de API Gateway, onde é realizada a comunicação dos dados obtidos via OPC UA para a simulação do processo produtivo projetado. Também foi criado um dashboard para acompanhamento da produção em tempo de execução. Ao final foram realizados testes de comunicação entre as partes desenvolvidas para verificar o funcionamento da integração desejada e alcançou-se o objetivo proposto.",nacional,0,0,0,0,0,0,contexto,
IFSC,oai:repositorio.ifsc.edu.br:1/2167,"O percurso de formação profissional das pessoas com deficiência dos cursos técnicos subsequentes do Instituto Federal de Educação, Ciência e Tecnologia de Santa Catarina",2026,Português Brasil,"Staub, Eliete Santin",IFSC,inovacao_instituto_publico,"A presente dissertação resulta de experiências, na condição de servidora da Rede Federal que atua com o público-alvo da Educação Especial, especificamente na educação básica e na formação técnica para o trabalho. Toma-se como objeto de discussão a preparação e inserção dos estudantes com deficiência no mundo do trabalho. O trabalho objetiva compreender o percurso de formação profissional dos estudantes com deficiência nos cursos Técnicos Subsequentes do IFSC Florianópolis- Continente, analisando as repercussões da reserva de vagas para pessoas com deficiência no ingresso, na permanência e conclusão os referidos cursos e na inserção dos egressos no mundo do trabalho. Metodologicamente, trata-se de uma pesquisa que do ponto de vista da sua natureza é aplicada; do ponto de vista da abordagem do problema é qualitativa; do ponto de vista de seus objetivos é descritiva e, do ponto de vista de seus procedimentos, é documental, bibliográfica e pesquisa de campo. A partir das reflexões encontradas nas pesquisas e referenciais considerados neste estudo buscou-se ampliar os debates por políticas e práticas pedagógicas que promovam a inclusão que, para além da formação profissional, possam contribuir para a inserção no mundo do trabalho e o pleno exercício da cidadania. Como produto educacional desenvolveu-se um módulo de um software para a equipe do Núcleo de Acessibilidade Educacional (NAE). Este módulo tem como objetivo auxiliar o trabalho de acolhimento e acompanhamento da trajetória escolar por meio de registros sistemáticos e possibilitar uma visão retratada desse aluno na instituição. Em posse dos dados registrados a instituição poderá usar esse mapeamento para planejar ações e implementar políticas de ações inclusivas. Como repercussões e resultados deste trabalho, destacam-se que no IFSC, Câmpus Florianópolis-Continente a política de ingresso por meio de reservas de vagas para pessoas com deficiência não é suficiente para garantir a permanência e êxito dos estudantes e inserção no mercado de trabalho. A disseminação do slogan “inclusão social” por meio da formação profissional aligeirada culmina em um processo de “inclusão excludente” tendo como resultado a informalidade no mundo do trabalho e a ilusão do empreendedorismo como uma saída, indicando uma precária formação de leitura crítica consistente da realidade social. Depara-se também com o caráter assistencial dos Institutos, uma vez que atuam como um aparelho estatal para resolver os problemas sociais resultantes da expropriação histórica. Por outro lado, os estudantes públicos da inclusão destacam a importância de estarem ocupando estes espaços, coadunando com a abordagem sociointeracionista que indica que os sujeitos se constituem de forma significativa em função das trocas sociais que estabelecem com o meio que estão inseridos.",nacional,1,0,0,1,3,1,nucleo,IFSC Florianópolis- Continente;Instituto Federal de Educação
IFSC,oai:repositorio.ifsc.edu.br:1/850,Trabalho em altura e terceirização via MEI: análise das condições de segurança e das responsabilidades legais em um estudo de caso,2026,Português Brasil,"Castelo, Laís Queiroz",IFSC,geral,"Os serviços em altura desempenham papel fundamental na construção civil, sendo indispensáveis para a execução de edificações esbeltas, ao mesmo tempo em que requerem rigorosas medidas de segurança, devido ao elevado índice de acidentes associados a essa atividade. Este Trabalho de Conclusão de Curso analisa as implicações legais, administrativas e de segurança da contratação de Microempreendedores Individuais (MEIs) na execução de atividades em altura. O MEI, criado pela Lei Complementar nº 128/2008, visando o incentivo ao empreendedorismo, e não à contratação sistemática para atividades de elevado risco ocupacional, possibilita que trabalhadores autônomos atuem como pessoas jurídicas, sob regime tributário simplificado. A pesquisa, de natureza qualitativa e abordagem exploratória, baseou-se em um estudo de caso aplicado a uma empreiteira de Florianópolis/SC, especializada em reformas prediais, que terceiriza sua mão de obra via MEI para a execução de obras com custo médio de 800 mil reais cada. Foram empregados métodos como análise documental, observação direta e questionário respondido por 24 trabalhadores. Os resultados apontam inconsistências relevantes, como lacunas no processo de supervisão, emissão de Atestados de Saúde Ocupacional (ASO) sem menção à aptidão para trabalho em altura, divergências no fluxo documental e falhas no monitoramento das condições de operação dos balancins elétricos. Verificou-se, também, desconhecimento dos trabalhadores sobre seus direitos e distorções na percepção dos regimes de contratação. Relatos de incidentes em balancim evidenciam a vulnerabilidade desses profissionais diante de vínculos contratuais frágeis. Conclui-se que, embora legalmente viável, a terceirização via MEI em atividades de alto risco requer maior rigor técnico, jurídico e ético por parte das empresas, a fim de equilibrar eficiência administrativa e condições seguras de trabalho. Como contribuição prática, o estudo fornece subsídios técnicos para a estruturação de critérios mínimos de controle, supervisão e conformidade legal na contratação de MEIs para atividades em altura.",nacional,0,0,0,0,2,0,contexto,
IFSC,oai:repositorio.ifsc.edu.br:1/1554,Projeto de melhoria de um túnel pasteurizador,2026,Português Brasil,"Athayde, Anderson Daniel dos Santos",IFSC,geral,Projeto de melhoria aplicando conceitos da indústria 4.0.,nacional,0,0,0,0,0,0,contexto,
IFSC,oai:repositorio.ifsc.edu.br:1/864,Desenvolvimento de diretrizes construtivas em BIM: requisitos para a contratação de projetos no IFSC,2026,Português Brasil,"Pinheiro, Miguel Lopes",IFSC,geral,"O presente trabalho investiga a padronização no planejamento em BIM por meio da elaboração de diretrizes construtivas adaptadas ao contexto do Instituto Federal De Educação, Ciência e Tecnologia de Santa Catarina (IFSC). O estudo fundamenta-se em revisão bibliográfica sobre o que é BIM, as normas relacionadas, em especial a ISO 19650, além de práticas institucionais para o desenvolvimento do estudo de caso, complementada por entrevistas semiestruturadas com profissionais envolvidos no planejamento de projetos da instituição. A pesquisa qualitativa de cunho aplicado adotou a análise temática para codificar cada elemento de uma disciplina para que o documento seja desenvolvido. Com base nos resultados, propõe-se um modelo de documento de diretrizes construtivas que integra políticas, processos e padrões técnicos, visando alinhar as expectativas institucionais e reduzir retrabalhos, conflitos de compatibilização e atrasos na fase inicial dos projetos. O modelo contribuirá para aprimorar a organização, a interoperabilidade dos modelos BIM e a governança da informação nos empreendimentos do IFSC, além de servir como referência para futuras iniciativas públicas em BIM.",nacional,1,0,0,0,0,0,nucleo,IFSC O presente trabalho investiga a;Instituto Federal De Educação
IFSC,oai:repositorio.ifsc.edu.br:1/2275,A práxis pedagógica e a formação integral: um estudo de caso no curso técnico integrado em edificações do IFSC Campus Florianópolis,2026,Português Brasil,"SANTOS, Juan Airton",IFSC,inovacao_instituto_publico,"A Educação Profissional e Tecnológica (EPT), no âmbito dos Institutos Federais, visa à formação integral. Nesse sentido, a práxis pedagógica deve preparar os discentes tanto para a formação específica voltada ao trabalho quanto para uma formação sociopolítica, por meio da consciência das dimensões e contradições que envolvem a categoria trabalho. O objetivo geral desta pesquisa foi investigar a percepção dos discentes, docentes e da coordenação sobre como a práxis pedagógica reflete os princípios da Educação Profissional e Tecnológica na formação integral dos estudantes do Curso Técnico em Edificações do IFSC, Campus Florianópolis. Este projeto enquadra-se na linha de pesquisa Práticas Educativas em Educação Profissional e Tecnológica e insere-se no macroprojeto Práticas Educativas no Currículo Integrado. A fundamentação teórica baseia-se nos fundamentos e princípios da EPT de orientação marxista, a partir de Marx (2023 [1883]), no contexto histórico e ontológico em Lukács (2012 [1963]) e nas bases da EPT em Ciavatta (2014), Frigotto (2008) e Ramos (2014), entre outros autores. No campo das práticas educativas, destacam-se a teoria pedagógica histórico-crítica de Saviani (2007) e a teoria psicológica da aprendizagem sociocultural de Vygotsky. A transposição didática fundamenta-se nos estudos de Gasparin. Em termos metodológicos, trata-se de uma pesquisa de natureza aplicada e transversal, que adota o método de abordagem dialético e o procedimento qualitativo, tendo como modalidade principal o estudo de caso. Como modalidades secundárias, foram utilizadas a pesquisa bibliográfica, a pesquisa de campo e a pesquisa documental. Quanto aos objetivos, a pesquisa caracteriza-se como exploratória, descritiva e explicativa-analítica. A síntese dos resultados, obtida por meio do instrumento questionário, permitiu delinear o perfil socioeconômico dos discentes. Os resultados das entrevistas evidenciam que a compreensão acerca da formação integral e dos princípios da EPT — o trabalho como princípio educativo e a pesquisa como princípio pedagógico — ainda ocorre de forma parcial e fragmentada, sobretudo no que se refere à articulação entre teoria e prática. Com base nos resultados, concluiu-se que as hipóteses elencadas neste trabalho foram confirmadas, demonstrando que a efetivação prática dos princípios da EPT é pouco compreendida pelos discentes da turma investigada e que existem limitações na articulação entre teoria e prática em prol de uma educação omnilateral, especialmente no que diz respeito à pesquisa como princípio pedagógico. A partir desses resultados, foi elaborado um Produto Educacional, enquadrado na categoria (10) — Material didático de comunicação —, assumindo a tipologia de Guia, com o objetivo de auxiliar os discentes na compreensão dos princípios e das finalidades da Educação Profissional e Tecnológica.",nacional,1,0,0,0,0,0,nucleo,IFSC Campus Florianópolis A Educação
IFSC,oai:repositorio.ifsc.edu.br:1/2149,Estratégias da marca hering para o público feminino no instagram,2026,Português Brasil,"Fava, Naira",IFSC,geral,"O presente trabalho analisa as estratégias da marca Hering no Instagram, com foco no direcionamento de suas campanhas para o público feminino. O objetivo principal foi investigar como a marca utiliza estratégias digitais para reforçar sua identidade de moda básica, acessível e versátil. Para tanto, adotou-se uma abordagem qualitativa, por meio da análise de campanhas publicadas no Instagram, considerando elementos como formatos digitais utilizados, linguagem, versatilidade das peças e identificação com situações do cotidiano. Os resultados indicam que a Hering mantém coerência no posicionamento, utiliza eficientemente formatos como Reels e parcerias com influenciadoras, comunica-se de forma clara e acessível e apresenta boa aceitação pelo público feminino. Entretanto, observou-se baixa inovação criativa em alguns conteúdos, dependência de padrões algorítmicos, percepção de pouca diferenciação da marca e apelo mais funcional do que emocional, evidenciando a necessidade de equilibrar consistência de identidade com elementos aspiracionais. Conclui-se que a marca utiliza o Instagram de maneira estratégica, mas há oportunidades para inovação e diversificação do conteúdo, visando atingir diferentes segmentos do público. O estudo contribui para a compreensão do marketing digital no fortalecimento do posicionamento de marca e oferece subsídios para pesquisas futuras sobre comunicação digital no segmento de moda.",nacional,2,0,0,0,1,0,contexto,
IFSC,oai:repositorio.ifsc.edu.br:1/1614,Artes manuais têxteis: oficina teórico-prática: ementa da unidade curricular optativa do curso superior de tecnologia em design de moda IFSC-JAR,2026,Português Brasil,"França, Camila Geremias",IFSC,inovacao_instituto_publico,"Esta pesquisa investiga o ensino das artes manuais têxteis no Curso Superior de Tecnologia em Design de Moda do IFSC Câmpus Jaraguá do Sul - Centro, a partir das bases conceituais da Educação Profissional e Tecnológica (EPT). Parte-se da observação da ressignificação das manualidades têxteis nas últimas duas décadas em contextos sociopolíticos, culturais e mercadológicos, com destaque midiático. Reconhecendo o têxtil como elemento estruturante da moda e considerando a relevância dessas práticas para a formação profissional, identificou-se uma lacuna na sua integração ao currículo de moda da EPT, especialmente em regiões com forte presença industrial como Jaraguá do Sul. O problema que orienta a pesquisa diz respeito à desvalorização histórica das manualidades têxteis enquanto saberes legítimos para a formação de profissionais da moda. A pesquisa tem como objetivo geral compreender como as artes manuais têxteis podem ser integradas ao currículo de moda, contribuindo para a formação humana integral dos estudantes. A fundamentação teórica está ancorada nos referenciais da pedagogia histórico-crítica, a partir das contribuições de Saviani (2011, 2019, 2021), Frigotto (2015, 2021), Ramos (2014, 2016, 2017) e Ciavatta (2005a, 2005b), além de autores que discutem o currículo como espaço de disputa ideológica como Apple (2006, 2009), Lopes e Macedo (2011) e Silva (2010), Articula-se ainda a referenciais dos campos da moda, design e da cultura artesanal têxtil como Lipovetsky (2009), Sant’Anna (2016), Matias (2014), Contino (2017, 2019, 2024), Bryan-Wilson (2017), Parker (2010), Borges (2011) e Borre (2022). A pesquisa adota o estudo de caso de abordagem qualitativa, de natureza descritiva e exploratória, utilizando a Análise Textual Discursiva (ATD) como metodologia, com base na análise do projeto pedagógico do curso e na realização de grupo focal com os docentes do curso. Os resultados indicam que as práticas manuais têxteis aparecem no currículo de forma dispersa e intermitente, associadas a atividades complementares e na extensão, apesar de seu potencial formativo. Como resultado da pesquisa, foi elaborado um produto educacional na forma de Ementa de Unidade Curricular Optativa, concebida como uma oficina teórico-prática. A pesquisa reafirma a importância das artes manuais têxteis como tecnologias que historicamente constituíram o campo da moda, valorizando saberes artesanais, ancestrais, tradicionais e coletivos no ensino de moda. Por fim, destaca a necessidade da dimensão política no ensino de moda, promovendo uma formação técnico-científica crítica, sensível e alinhada à construção de uma educação emancipadora.",nacional,0,0,0,0,1,0,contexto,IFSC Câmpus Jaraguá do Sul - Centro;IFSC-JAR Esta pesquisa investiga o ensino
IFSC,oai:repositorio.ifsc.edu.br:1/525,A moda com propósito em meio a modernidade líquida: harmonia ou contradição?,2026,Português Brasil,"Nascimento, Jaqueline Cardoso do",IFSC,geral,"Este estudo busca realizar uma comparação entre a ideia da Moda com propósito, elaborada por André Carvalhal, e o conceito de Modernidade líquida, de Zygmunt Bauman, a fim de estabelecer suas semelhanças, diferenças, conexões ou relações, e, assim, definir se as duas visões são harmônicas ou contraditórias. Para isso, analisou-se o livro Moda com propósito (2016) e o momento contemporâneo, a partir da obra Modernidade líquida (2001); relacionando ambos os textos, com a finalidade de verificar se há complementaridade e concordância entre estes. Além disso, procurou-se gerar diferentes compreensões sobre o atual enredo de produção e consumo, que ainda é baseado no lucro e na inovação constante. Deste modo, realizou-se uma pesquisa bibliográfica, de natureza básica e exploratória, que foi desenvolvida a partir do gênero teórico, com base no método qualitativo de análise.",nacional,2,0,0,0,0,0,contexto,
IFSP,oai:repositorio.ifsp.edu.br:123456789/3004,"Estudo da produção de etanol em meio suplementado com glicerina bruta (coproduto da produção de biodiesel), através do processo fermentativo com levedura Saccharomyces cerevisiae",2025,,"Cassiano, Patricia Fernandes",IFSP,geral,"Atualmente, novos desafios que conduzam à adoção de práticas para o desenvolvimento e exploração de novos recursos energéticos devem ser enfrentados. Este cenário mundial tem impulsionado pesquisas em novas fontes de energias alternativas de baixo custo, que sejam renováveis para substituição dos combustíveis fósseis. A produção de biocombustíveis, em especial o biodiesel, vem crescendo e se destacando cada vez mais no mercado mundial, devido à mesma ser originada de fontes renováveis. O biodiesel é obtido pela reação de transesterificação de óleos vegetais e álcool na presença de um catalisador, resultando em ésteres de ácidos graxos e glicerina, coproduto do processo. Devido à alta produção de glicerina oriunda do processo de produção do biodiesel, torna-se necessário a busca de alternativas para o aproveitamento deste coproduto de baixa qualidade, agregando valor a conversão de produtos economicamente viáveis e sustentáveis. Várias estratégias baseadas em transformações biológicas estão sendo realizadas para converter o glicerol em produtos mais valiosos. Este trabalho teve como objetivo utilizar a glicerina, coproduto da indústria do biodiesel, como fonte de carbono da levedura Saccharomyces cerevisiae no processo fermentativo para a produção de etanol, como fonte renovável. Foram utilizados dois tipos de meio de cultivo, meio padrão (glicerol, glicose, sulfato de potássio e fosfato de potássio bibásico anidro) e o meio teste (sacarose e glicerinabruta). Ambos foram inoculados com a levedura Saccharomyces cerevisiae (fermento biológico seco instantâneo comercial). Foram avaliadas as concentrações de 0 g, 0,5 g e 1 g de glicerol para o meio padrão e 0 g, 0,7 g e 1,4 g de glicerina bruta no meio teste. O processo fermentativo em batelada foi realizado em frascos de 125 mL, em incubadora BOD a 30 ºC por 48 horas e em incubadora Shaker com agitação contínua de 250 rpm por 48 horas por 30 ºC. Posteriormente as amostras foram centrifugadas para separação da massa úmida e do sobrenadante, o qual foi analisado por cromatografia gasosa para a determinação do teor de etanol. Nos resultados obtidos por cromatografia gasosa observou-se a formação de etanol nos meios. As maiores concentrações de etanol foram de 3,7 % (v/v) no meio teste intermediário de glicerina bruta (MTi) com 0,7 g e agitação, enquanto de 0,9 % (v/v) no meio padrão máximo de glicerina bruta (MPmax) com 1 g e sem agitação. Na quantificação da massa úmida da célula, mostrou-se seu crescimento em todas as amostras, sendo os maiores valores obtidos nas amostras teste e padrão com agitação do meio.",nacional,0,0,0,0,1,0,contexto,
IFSP,oai:repositorio.ifsp.edu.br:123456789/3065,Eficiência e sustentabilidade na gestão dos royalties do petróleo: avaliação da distribuição e aplicação dos recursos nos municípios paulistas de São Sebastião e Ilhabela (2010-2024),2025,,"Silva, Ernesto Donizetti Aparecido da",IFSP,inovacao_politicas_publicas,"A presente dissertação analisa a gestão e a aplicação dos royalties do petróleo
nos municípios paulistas de São Sebastião e Ilhabela, regulamentados pela Lei
nº 9.478/97, e seus impactos no fortalecimento das políticas públicas entre 2010
e 2024. O objetivo geral consiste em avaliar de que maneira esses recursos
contribuíram para o desenvolvimento local, com foco nos investimentos em
infraestrutura e saúde. Como objetivos específicos, busca-se compreender os
fatores técnicos e legais que influenciam a distribuição dos royalties, identificar
as áreas prioritárias de aplicação e avaliar a eficácia dos projetos financiados. A
metodologia adotada combina análise documental, estudo de caso e
triangulação de dados quantitativos e qualitativos. Os resultados indicam que,
apesar da significativa importância dos royalties para o orçamento municipal, a
gestão apresenta fragilidades, como dependência excessiva desses recursos,
ausência de planejamento estratégico de longo prazo e falta de mecanismos
sólidos de governança, como fundos soberanos ativos e autônomos. Ainda
assim, registram-se avanços em infraestrutura urbana, modernização da rede
educacional e ampliação dos serviços de saúde. A pesquisa destaca que a
transparência na gestão dos royalties e o fortalecimento da participação da
sociedade civil são fundamentais para otimizar o uso desses recursos e garantir
sua contribuição efetiva e duradoura para o desenvolvimento socioeconômico.
Por fim, propõe-se a criação de fundos de reserva, estratégias de diversificação
econômica e o aprimoramento dos instrumentos de controle social como
medidas essenciais para assegurar a sustentabilidade da gestão dos royalties
no longo prazo.",nacional,4,0,0,0,2,0,nucleo,
IFSP,oai:repositorio.ifsp.edu.br:123456789/842,Para além do “EVA VIU A UVA”: o colher e o semear sobre o caráter político-pedagógico e o trabalho socioeducativo de assistentes sociais,2024,,"Silva, Williana Angelo da",IFSP,geral,"Esta tese integra e aprofunda a análise sobre o caráter político-pedagógico e o trabalho socioeducativo de assistentes sociais, considerando sua materialização junto à comunidade acadêmica, mediante o tensionamento dos diferentes projetos de educação a partir da experiência de membras do Coletivo de Assistentes Sociais do IFSP. Nesse sentido, foi necessário identificar as implicações, conflitos e influências das contraditórias concepções e projetos de educação que repercutem nas condições de trabalho de assistentes sociais e em sua inter-relação com as/os demais sujeitas/os históricas/os envolvidas/os no processo educativo. Bem como contribuir para a sistematização e análise do trabalho de assistentes sociais do Coletivo de Assistentes Sociais do IFSP, com enfoque nas particularidades do caráter políticopedagógico e do trabalho socioeducativo. Além de identificar a relação dialética entre assistente social e a comunidade acadêmica no exercício de sua dimensão educativa inerente à profissão; e, por último, contribuir para a análise das potencialidades do trabalho socioeducativo na política de educação, pensado a partir dos eixos de atuação e do horizonte das atividades emancipatórias, bem como dos desafios para sua realização. Ou seja, esta pesquisa lança-se no desafio de compreender o que é o político-pedagógico da profissão, que prática educativa está entranhada em nós e o que de fato ousamos de ineditismo no trabalho socioeducativo por parte das profissionais de referência que integram o referido Coletivo. O percurso da pesquisa de abordagem qualitativa foi desenvolvido com base no processo de sistematização de experiências, associado ao uso do memorial como recurso metodológico junto às assistentes sociais de referência. Contamos também com a participação de estudantes egressas/os para contribuir, a partir do memorial de suas experiências de vida e acadêmica, não estritamente relacionadas à interação com as assistentes sociais, mas contando com aspectos importantes das memórias elaboradas para construir ou legitimar parte da caracterização desse complexo campo de trabalho que é a educação profissional e tecnológica; um espaço que reproduz valores, culturas, conflitos, expressões da questão social. Evidenciamos que as condições objetivas experienciadas têm marcado a materialidade do trabalho e afetado o sentido e/ou as condições de efetivação do projeto profissional, ao mesmo tempo em que sofremos os constrangimentos e adoecimentos de nossa condição assalariada, intensificada pelos processos gerencialistas e burocratizantes no processamento do trabalho. Não obstante, o Coletivo tem potencial de gerar acolhida para as/os profissionais e de catalisar as forças nos processos de resistências, no exercício do caráter político-pedagógico e na materialização do trabalho socioeducativo, marcado por inéditos viáveis nas atividades educativas emancipatórias e contra-hegemônicas.",nacional,2,0,0,0,0,0,nucleo,IFSP. Nesse sentido
Lume_UFRGS,oai:www.lume.ufrgs.br:10183/38847,O rural nos planos diretores pós-estatuto da cidade : o caso do Rio Grande do Sul,2012,por,"Oliveira, Carolina Ribeiro de",Lume_UFRGS,geral,"A Lei Federal nº 10.257, de 10 de julho de 2001, regulamentou os artigos 182 e 183 da Constituição da República do Brasil e estabeleceu as “diretrizes gerais da política urbana”. Trata-se do Estatuto da Cidade que, em seu artigo 40, afirma: “o plano diretor, aprovado por lei municipal é o instrumento básico da política de expansão e desenvolvimento urbano”. O parágrafo 2º do referido artigo, entretanto, fixa que “o plano diretor deverá englobar o território do município como um todo”. O território da grande maioria dos municípios brasileiros não é exclusivamente urbano. Porções significativas de muitos desses municípios são utilizadas para atividades do setor primário e, em outros casos, compreendem áreas peculiares por suas características naturais (matas, dunas, mangues, mananciais hídricos, etc.). Portanto, o Estatuto da Cidade, pelo menos de maneira indireta, introduz a necessidade da planificação também das áreas rurais e/ou não-urbanas. É uma importante inovação considerando-se que, no Brasil, os planos diretores tradicionalmente limitaram sua abrangência ao perímetro urbano. Resultado de uma Campanha desenvolvida pelo Ministério das Cidades a partir de 2004, desde então um grande número de planos diretores foi produzido no Brasil. O objetivo central da pesquisa é saber como tais planos abordaram áreas municipais rurais, ou não-urbanas e quais relações levaram a distintos graus de aprofundamento da questão. Para tanto, constrói-se um método de análise, cujo objeto é o texto das leis de uma amostra de municípios centrada no estado do Rio Grande do Sul. Através do cruzamento de dados: os buscados nos planos diretores, versus a caracterização dos municípios investigados – construída a partir de indicadores estatísticos – tem-se a leitura dos graus de aprofundamento atingido na questão das áreas rurais, verificados no estudo.",nacional,4,0,0,0,1,0,nucleo,
Lume_UFRGS,oai:www.lume.ufrgs.br:10183/38849,Fluxo de conhecimento na interação universidade-empresa : uma análise de setores tradicionais e de alta tecnologia no Brasil e na Holanda,2012,por,"Dalmarco, Gustavo",Lume_UFRGS,geral,"O presente estudo tem por objetivo caracterizar o fluxo de conhecimento na interação universidade-empresa, identificando a relação em diferentes setores de diferentes países. O conceito de fluxo de conhecimento é apresentado como um complemento às teorias atuais de interação universidade-empresa, descritas principalmente pelo Triângulo de Sábato e pela Hélice Tripla. Argumenta-se que a interação universidade-empresa vem sendo apresentada pelo papel dos atores e canais de transferência de conhecimento, mas não deixa claro qual ator é responsável por iniciar a interação e o conteúdo de conhecimento transferido. Com isso, o conceito de fluxo de conhecimento é descrito pelo ator responsável por estimular a interação e pelo conteúdo de conhecimento, seja científico ou aplicado, transferido entre atores. A pesquisa foi conduzida pelo método de estudo de caso, em dois setores, horticultura e espacial, de dois países, Brasil e Holanda, totalizando 27 casos. Os resultados demonstram diferenças no fluxo de conhecimento entre os atores, relacionadas principalmente na comparação entre os países, e não tanto quanto aos setores. Os setores de horticultura e espacial holandeses possuem uma estrutura de conhecimento formada por universidades, centros tecnológicos e empresas, que desenvolvem atividades de pesquisa básica e aplicada voltadas à inovação. Como afirmam os entrevistados, comissões do governo aproximam pesquisadores e empresários, estimulando contatos informais e parcerias de desenvolvimento tecnológico. No Brasil, ambos os setores apresentam carências principalmente na geração de conhecimento, seja pesquisa básica, e na a formação de mão de obra. Os entrevistados declaram que os incentivos governamentais à pesquisa são restritos e descontínuos, dificultando o desenvolvimento tecnológico.  Em relação ao fluxo de conhecimento, as interações universidade-empresa na Holanda possuem conteúdo de conhecimento descrito pelo critério pesquisa básica, pesquisa estratégica e pesquisa aplicada. No Brasil, o conteúdo de conhecimento presente no fluxo foi principalmente baseado no critério pesquisa aplicada, e tecnologia corrente. Os entrevistados de ambos os países mencionam que o estímulo ao fluxo ocorre principalmente pelo contato de empresas ou universidades, enquanto o estímulo do governo ocorre através de editais ou incentivos à pesquisa. Conclui-se que a interação universidade-empresa ocorre em ambos os países, porém o fluxo de conhecimento entre os atores reflete diferenças na estrutura científica e tecnológica instalada em cada país. Enquanto a Holanda desenvolve interações voltadas ao desenvolvimento tecnológico, no Brasil as interações buscam principalmente solucionar problemas técnicos, ou atividades de pesquisa aplicada às necessidades das empresas. Esta diferença ocorre pela reduzida capacidade científica das universidades brasileiras, pois as empresas buscam inovações em universidades e centros tecnológicos do exterior, ou desenvolvem internamente. Por fim, o conceito de fluxo de conhecimento demonstra que a Holanda possui uma avançada estrutura de pesquisa, e que comissões do governo formadas por pesquisadores e empresários aproximam os atores e alinham os objetivos tecnológicos. No Brasil, o conceito do fluxo de conhecimento apresenta restrições quanto à estrutura acadêmica de ensino e pesquisa científica, além de recursos governamentais limitados.",nacional,2,0,0,0,0,0,contexto,
Lume_UFRGS,oai:www.lume.ufrgs.br:10183/38958,Design e tecnologia : resgatando ícones de inovação em móveis para escritórios via arqueologia industrial,2012,por,"Gobbi, Manlio Maria",Lume_UFRGS,geral,"O estudo a seguir mostra como a arqueologia industrial pode ser utilizada para resgatar ícones, mais especificamente, de Design. Esta dissertação aborda, especificamente, o caso do Design de móveis, num período compreendido entre as décadas de 40 a 80. Trata-se de todo o histórico, desde o nascimento da idéia, sua implantação no mercado e venda da empresa de mobiliário para escritório das linhas MaGnalínea e MaGnaspazio, que acabaram por se tornar os carros chefe da empresa Manlio Gobbi & Cia Ltda. A empresa veio a se tornar líder do mercado no Rio Grande do Sul a mercê do Design diferenciado de seus produtos e da seriedade da política de marketing, pois se tratava de um produto honesto, transparente e de uma modulação inusitada, no qual havia se conseguido a eliminação do supérfluo em prol da utilização de formas simples, num conceito totalmente inovador para a área de móveis para escritórios. Tal conceito agradou plenamente aos seus usuários, transformando-se num verdadeiro ícone e é utilizado largamente até os dias de hoje. Nesta dissertação é feita uma apreciação profunda do Cenário específico e até político da época. Perpassa-se também a realidade histórica da área moveleira, bem como conceitos dos mais variados que auxiliaram na consecução do projeto. A arqueologia industrial realizada neste estudo possibilitou o entendimento do êxito obtido pela empresa, através de características como diferenciação na padronagem de cores, versatilidade dos móveis (possibilitando ao usuário montar diferentes combinações), utilização de diferentes espécies de madeira e de peças nobres (como madeira mássica, alumínio, cubos em zamac).  Além disso, é mostrado como surgiu e se desenvolveu a idéia inovadora que acabou por transformar a empresa num verdadeiro núcleo de inovações, devido ao fato do grupo de trabalho ser altamente categorizado e entusiasmado com a repercussão positiva de seu trabalho.Como resultado são gerados subsídios importantes para contribuir com a moderna ciência que trata da Arqueologia Industrial.",nacional,2,0,0,0,2,0,contexto,
Lume_UFRGS,oai:www.lume.ufrgs.br:10183/38960,O potencial de aderência do design e da tecnologia frente a matriz industrial do Rio Grande do Sul : estudo de caso do Programa de Pós-Graduação em Design da Universidade Federal do Rio Grande do Sul 2007-2010,2012,por,"Andriotti, Daniel Bittencourt",Lume_UFRGS,geral,"O Estado do Rio Grande do Sul conta com um parque industrial diversificado e uma competência para o desenvolvimento de conhecimento através de universidades e centros de pesquisa, públicos e privados. A Universidade Federal do Rio Grande do Sul - UFRGS, através do Programa de Pós-Graduação em Design e Tecnologia – PGDESIGN, é um ativo fundamental, pois além da geração de conhecimento, vem ampliando sua atuação como agente de inovação, através de parcerias com agentes públicos e da iniciativa privada. A conjugação de competências e foco entre o Programa de Pós – Graduação em Design e Tecnologia da UFRGS - PGDESIGN e a infra-estrutura tecnológica presente através dos Laboratórios vinculados ao programa, efetivamente atesta, em primeiras provas, a potencialidade do que pode representar, em estágios seguintes, o desenvolvimento mais aprofundado de novas soluções tecnológicas, pesquisa e desenvolvimento de novos produtos e processos. Neste sentido, o presente trabalho procurou identificar o potencial de aderência dos resultados do PGDESIGN frente à matriz industrial do Rio Grande do Sul, no período compreendido entre os anos de 2007 e 2010, e a percepção de professores – orientadores e pesquisadores – alunos, acerca de aspectos condizentes à relação com empresas. Como conclusão, esta pesquisa pode constatar que o PGDESIGN da UFRGS é um ativo representativo da Universidade, um ambiente que propõe melhorias tecnológicas e P&D e representa um potencial de ampliação da contribuição para a iniciativa privada. Conta com um nível técnico científico diferenciado, mas seus resultados são direcionados significativamente na forma de artigos e publicações científicas e tecnológicas.  Na análise dos resultados das dissertações no período entre 2007 – 2010 foi possível evidenciar a realização de pesquisas direcionadas para setores representativos da indústria gaúcha, como gemas e jóias, moveleiro e coureiro – calçadista. Por fim, projeta-se a oportunidade para tratamento dos resultados do PGDESIGN com vistas a um maior aproveitamento pela indústria do Rio Grande do Sul.",nacional,2,0,0,0,0,0,contexto,UFRGS - PGDESIGN e a infra-estrutura;UFRGS é um ativo representativo da;Universidade Federal do Rio Grande do Sul - UFRGS;Universidade Federal do Rio Grande do Sul 2007-2010 O Estado
Lume_UFRGS,oai:www.lume.ufrgs.br:10183/39527,Eficiência em estruturas de propriedade concentradas e compensação de executivos : novas evidências para o Brasil,2012,por,"Sonza, Igor Bernardi",Lume_UFRGS,geral,"A questão da separação entre propriedade e controle pode prejudicar o desempenho das empresas. Estruturas mais concentradas possivelmente são mais efetivas para dirimir estes problemas, mas também podem facilitar a expropriação de acionistas minoritários. Em compensação, existe pouca evidência de que esta separação venha diminuindo ao longo do tempo (HOLDERNESS, KROSZNER E SHEEHAN, 2000). Devido a esses fatores, a tese visa analisar a influência da estrutura de propriedade e dos aspetos da governança corporativa (compensação dos executivos) na eficiência das empresas de capital aberto brasileiras, onde é identificada uma maior concentração de ações nas mãos de um grupo restrito de pessoas. O estudo une técnicas de otimização estática através de Análise Envoltória de Dados (DEA) para identificar a eficiência das empresas de capital aberto, com Dados em Painel para identificar a influência da estrutura de propriedade e aspectos da governança corporativa (compensação dos executivos) na eficiência das empresas, corrigindo uma falha muito comum praticada constantemente pelos estudiosos, que consideram somente os outputs como medidas de eficiência (Receita, Q de Tobin, ROA). Os resultados obtidos foram surpreendentes, mostrando que a estrutura de propriedade influencia negativamente a eficiência, contrariando grande parte dos estudos baseados no modelo americano e evidenciando que as peculiaridades dos países devem ser levadas em consideração, principalmente com relação à sua origem legal. Outra contribuição bastante pertinente do trabalho diz respeito ao cálculo da influência dos aspectos da governança corporativa (compensação dos executivos) na eficiência das empresas, cujos dados não estão disponíveis nas bases existentes e foram coletados manualmente dos relatórios 20-F da SEC (Security Exchange Commission).  A análise mostrou que grande parte das variáveis referentes à governança apresenta resultados próximos aos encontrados por autores que pesquisaram este tema em outros países, mostrando que, nas empresas brasileiras analisadas, os padrões de incentivos e monitoramentos têm influências similares aos das empresas estrangeiras no que diz respeito à eficiência.",nacional,1,0,0,0,2,0,nucleo,
Lume_UFRGS,oai:www.lume.ufrgs.br:10183/40248,O empreendedorismo e os pequenos negócios como alternativa de desenvolvimento sustentável para Roraima,2012,por,"Baú, Emerson Carlos",Lume_UFRGS,inovacao_politicas_publicas,"Roraima enfrenta o grande desafio de identificar uma vertente que assegure o seu desenvolvimento sustentável, pois a economia deste a muito é dependente dos recursos oriundos do setor público. Tomamos como ponto de partida, a análise da necessidade de pensar o desenvolvimento de forma sustentável, a partir daí traçamos as principais linhas que delimitam a sustentabilidade do desenvolvimento e o papel fundamental ocupado pelo Estado utilizando-se das políticas públicas. Foi abordado que há muito se tem destacado o empreendedorismo e os pequenos negócios como elementos essenciais na formação econômica de uma sociedade, e que em uma análise atual estes passaram a ter significante papel no desenvolvimento sustentável desta. A partir destas análises foi desenvolvida uma alternativa para a promoção do desenvolvimento sustentável de Roraima, através da promoção ao empreendedorismo e aos pequenos negócios, tendo que as políticas públicas são fundamentais para alicerçar esta alternativa de desenvolvimento, e com isso a possibilidade de ampliar o bem-estar social.",nacional,2,0,0,0,0,0,contexto,
Lume_UFRGS,oai:www.lume.ufrgs.br:10183/27955,"Governança, gestão e capital social em redes horizontais de empresas : uma análise de suas relações com o desempenho das empresas participantes",2011,por,"Wegner, Douglas",Lume_UFRGS,economia_solidaria,"O presente estudo foi motivado por lacunas teóricas sobre a governança e gestão de redes horizontais de empresas e suas relações com o capital social dos empresários e o desempenho das empresas participantes. Argumenta-se que, apesar do interesse acadêmico na cooperação interorganizacional, os estudos enfatizam excessivamente os motivos e benefícios das estratégias cooperativas, mas pouco os aspectos internos de organização das redes horizontais. Além disso, estima-se que no Brasil tenham sido constituídas até o presente aproximadamente 1.000 redes horizontais, formadas principalmente por micro e pequenas empresas que mantêm sua individualidade legal, mas usufruem dos benefícios que o trabalho em rede proporciona. Através de uma pesquisa com 218 empresas associadas a 34 redes horizontais no Brasil, analisou-se como a governança da rede, as práticas de gestão da rede e o capital social dos empresários estão relacionados ao desempenho empresarial. Os resultados mostram que a governança se modifica de acordo com as características da rede em termos de tempo de existência, número de associados e abrangência geográfica. Além disso, verificou-se a relação negativa da centralização das decisões nas redes tanto para o desempenho das empresas associadas quanto para o capital social dos empresários. Esse resultado aponta para um dilema que as redes brasileiras devem enfrentar à medida que crescem: desenvolver sistemas de governança que sejam suficientemente ágeis e eficientes em mercados altamente competitivos e que, ao mesmo tempo, garantam a participação dos empresários e o alinhamento das decisões com os interesses dos associados.  As análises também confirmaram o papel do capital social do empresário como fonte de informações e recursos positivamente relacionados aos resultados da sua empresa, assim como o papel das práticas de gestão da rede para potencializar esse desempenho. Entre as contribuições teóricas do trabalho está a adoção de uma nova perspectiva do conceito de governança em redes horizontais de empresas, entendido aqui como as ‘regras do jogo’ da cooperação. O estudo também confirma a importância do número e diversidade dos contatos dos empresários dentro da rede, a qualidade dos relacionamentos e a semelhança cognitiva para o desempenho empresarial. Verificou-se ainda que o nível de acesso a informações atua como variável mediadora da influência do capital social sobre o desempenho empresarial.",nacional,2,0,1,1,1,1,nucleo,
Lume_UFRGS,oai:www.lume.ufrgs.br:10183/27963,A influência dos recursos na internacionalização de empresas inseridas em clusters : uma pesquisa no setor vitivinícola no Brasil e na França,2011,por,"Zen, Aurora Carneiro",Lume_UFRGS,geral,"Esta tese tem como objetivo principal analisar o impacto dos recursos existentes clusters vitivinícolas na internacionalização das empresas. O argumento teórico em que se baseia este trabalho é de que o pertencimento a clusters possibilita o acesso a recursos, que influenciam o processo de internacionalização das firmas. Especificamente no setor vitivinícola, diante de uma crescente globalização do mercado, observa-se também uma forte preocupação com a valorização e o fortalecimento da região de origem das vinícolas para a agregação de valor ao produto e a obtenção de um diferencial competitivo junto ao consumidor final. Ressalta-se ainda que, nesse setor, a região de origem pode ser um indicativo de qualidade e um elemento importante no processo decisório de compra do consumidor. Este contexto reforça a necessidade de uma análise dos recursos ligados às aglomerações geográficas e a influência que estes podem exercer na internacionalização das empresas.  Esta pesquisa abrange dois estudos no setor vitivinícola, realizados no Brasil e na França de julho de 2009 a junho de 2010. O primeiro, de natureza qualitativa, visou a uma contextualização do setor vitivinícola mundial e nos países investigados. Também se conduziu um estudo de múltiplos casos em seis vinícolas com atuação internacional, sendo três francesas localizadas no cluster da Provence e três brasileiras situadas no cluster da Serra Gaúcha. O estudo quantitativo na França abrange 130 vinícolas localizadas em clusters diferentes, sendo 50 em Languedoc, 21 na Provence, 33 no Vallée du Rhône e 26 de outros clusters franceses. No Brasil, a amostra foi formada por 18 vinícolas, que correspondem à população de vinícolas com atuação internacional pertencentes ao cluster da Serra Gaúcha em 2010. No estudo qualitativo, as evidências confirmaram que os recursos compartilhados e desenvolvidos no âmbito do cluster podem influenciar a internacionalização das vinícolas.  Nesse sentido, nos casos brasileiros destacou-se o recurso “relações de cooperação horizontais”, enquanto nos casos franceses predominou a influência da “reputação da região”. Na elaboração de uma estratégia de internacionalização coletiva para as empresas do cluster, identificou-se a importância da governança do cluster no desenvolvimento e implementação desta estratégia. O estudo quantitativo no Brasil apresenta uma análise estatística descritiva do processo de internacionalização das vinícolas exportadoras. Na França, além da análise descritiva, procedeu-se uma análise fatorial dos recursos e o teste das quatro hipóteses de pesquisa propostas. Constatou-se que as empresas localizadas em diferentes clusters apresentaram um desempenho exportador diferente, bem como identificou-se que os recursos do cluster ligados ao fator “terroir e instituições” são percebidos de maneira diferente pelas empresas pertencentes a clusters diferentes. Entretanto, rejeitou-se a hipótese de que empresas com desempenho exportador inferior perceberão os recursos do cluster como mais importantes do que os recursos singulares para a internacionalização da empresa.  Também se verificou que as empresas com desempenho exportador superior percebem os recursos singulares ligados ao fator “comercial” como mais importantes do que as empresas de desempenho exportador inferior. Considerando o tempo de internacionalização, os resultados indicam que as empresas com menor tempo de atuação internacional consideram os recursos singulares mais importantes do que os recursos do cluster, enquanto as com maior tempo de internacionalização percebem os recursos do cluster como mais importantes do que os singulares. Os resultados também indicam que recursos do país, como a reputação, podem trazer ma vantagem competitiva no processo de internacionalização das empresas, sendo esse efeito de maior relevância em setores como o vitivinícola. Novas pesquisas poderão se aprofundar no impacto desses recursos no desempenho e na internacionalização das empresas.",nacional,1,0,0,0,2,0,nucleo,
Lume_UFRGS,oai:www.lume.ufrgs.br:10183/28066,Elementos habilitadores e inibidores da implementação de espaços virtuais de participação pelos governos,2011,por,"Miranda, Paulo Roberto de Mello",Lume_UFRGS,geral,"O desenvolvimento das tecnologias da informação e comunicação, em especial a Internet, cria novos canais de comunicação dos quais a sociedade tem se utilizado, de forma inovadora, no desenvolvimento de atividades sociais e econômicas. Governos, em todos os níveis e em diversas partes do mundo, têm utilizado os recursos de TIC no aumento da eficiência dos processos internos da administração pública, ou na prestação dos serviços aos cidadãos. Mais recentemente, estão sendo implementadas experiências que utilizam os meios eletrônicos para a ampliação da prática democrática – a e-Democracia. Este trabalho foca-se nas iniciativas de democracia eletrônica que utilizam a Internet para a criação de espaços virtuais de participação do cidadão e da sociedade nos processos decisórios do governo. O objetivo é identificar um conjunto de elementos que, potencialmente, influenciam a implementação de espaços virtuais de participação pelos governos, seja como habilitadores da sua implementação, seja como inibidores. A pesquisa realizada é de natureza exploratória. A partir da revisão de literatura e de uma entrevista com roteiro aberto a cinco especialistas no campo, montou-se uma lista preliminar de elementos habilitadores e inibidores.  Depois, seguindo o método survey na Internet, a lista foi enviada a 155 especialistas, dos quais 55 manifestaram o seu grau de concordância com os elementos listados e a eles atribuíram importância. Os questionários foram respondidos por agentes públicos envolvidos na implantação e operação de projetos de governo eletrônico com ações de e-Democracia, por pesquisadores acadêmicos desse campo e consultores ligados a organizações da sociedade envolvidas na sua execução. Como resultado, este trabalho identifica um conjunto de habilitadores e outro de inibidores nas dimensões política e de governança, sócio-cultural, econômica, tecnológica e legal-regulatória. Conclui-se que há diferenças entre as visões dos respondentes de diferentes setores de atuação (governo, academia e consultoria). Também há diferenças entre os resultados da pesquisa e a literatura consultada. Na visão política, a literatura dá ênfase aos aspectos legais e regulatórios, que não aparecem com ênfase nos resultados da amostra.  O tamanho da amostra (55 respondentes) foi uma limitação para realização de análises estatísticas mais robustas. Sugere-se que estudos futuros aprofundem a análise de fatores habilitadores e inibidores em cada um dos grupos, assim como investiguem o fenômeno a partir do ponto de vista dos cidadãos.",nacional,1,0,0,0,2,0,nucleo,
Lume_UFRGS,oai:www.lume.ufrgs.br:10183/28482,A ação ética do jovem empresário porto-alegrense : uma trajetória fenomenológica,2011,por,"Basso Júnior, Eduardo",Lume_UFRGS,geral,"Esta dissertação nasceu de minha inquietação pessoal frente ao apreendido nos bancos de sala de aula da universidade e a vivência na realidade empresarial brasileira. É, também, resultado de experiência na consecução de um projeto de governança corporativa efetivado em uma sociedade familiar da qual faço parte, na qual a preocupação com a ética mostrou-se como uma questão secundária. O presente estudo se propôs a investigar a vivência prática dos jovens empresários. Para tanto, busquei os recursos propiciados pelo método fenomenológico, pois, segundo Moreira (2002b), em qualquer momento em que se queira dar destaque à experiência de vida das pessoas, o método de pesquisa fenomenológico pode ser adequado. O jovem empresário é aqui compreendido como “ser-no-mundo”, quer dizer, “o mundo não é uma coleção de objetos que possamos contemplar do lado de fora. Estamos necessariamente no mundo e por ele somos constituídos” (GUERREIRO RAMOS, 1996, p.107). Assim, compreendo que o jovem empresário está implicado com o contexto em que atua, e que existem responsabilidades e conseqüências a serem assumidas por ele na sua ação. Esta pesquisa tem como objetivo geral: elucidar a concepção de ética subjacente à prática empresarial dos jovens empresários porto-alegrenses, membros da Associação dos Jovens Empresários de Porto Alegre – AJEPOA –, vinculando-a a exigências da racionalidade substantiva. Os resultados identificados apontam para o predomínio da racionalidade instrumental na concepção de ação empresarial deste grupo, tendo a ética da convicção como base ou suporte desta ação. A investigação possibilitou ter um melhor entendimento do predomínio da racionalidade instrumental vigente na ação administrativa do jovem empresário porto-alegrense, seus limites e possibilidades para um agir ético em sociedade.",nacional,1,0,0,0,0,0,nucleo,
Lume_UFRGS,oai:www.lume.ufrgs.br:10183/28805,Design de superfície : um estudo sobre a aplicação do termocromismo em camisetas,2011,por,"Pippi, Luis Fernando Aita",Lume_UFRGS,geral,"O estudo busca esclarecer pontos essenciais sobre o emprego da termocromia em têxteis por meio de sua aplicação em estampas em camisetas, respondendo questões sobre o poder expressivo destas e do uso da termocromia como recurso de qualificação em projetos de Design de Superfície. A pesquisa traz dados históricos da camiseta como objeto de design e moda. Nesse contexto verificou-se a relevância dos esclarecimentos técnicos sobre o funcionamento da tinta termocrômica, assim como apresenta-se no estudo uma gama de produtos que se utilizaram da aplicação desta técnica, além de estudos acadêmicos considerados inovadores nessa área de conhecimento. O objetivo principal do estudo é explorar novos conhecimentos sobre os sistemas e técnicas em relação à aplicabilidade da termocromia em estampas de camisetas, bem como mostrar as capacidades subjetivas de comunicação/expressão e de interatividade em produtos com essa tecnologia, que podem servir como auxílio para os designers em projetos inovadores. Neste sentido, foram propostos estudos experimentais de aplicação de estampas com tinta termocrômica em camisetas, que deram o sentido fundamental a esta dissertação, acrescentando conhecimento e abrindo espaço para novas pesquisas no âmbito interdisciplinar. Neste estudo de caso exploratório, foi possível concluir, que os métodos mostrados aqui são fatores importantes de inovação para o setor têxtil e de moda e que os testes produzidos provaram a necessidade de rigor técnico contido nas especificações técnicas do fornecedor.",nacional,2,0,0,0,0,0,contexto,
Lume_UFRGS,oai:www.lume.ufrgs.br:10183/28806,Materiais naturais : design e tecnologia no desenvolvimento de joias inspiradas na cultura gaúcha,2011,por,"Stürmer, Patrícia Gabert dos Santos",Lume_UFRGS,geral,"O presente trabalho articula os campos do design e da tecnologia, a partir do desenvolvimento de joias, especificamente adornos que buscam a utilização de materiais encontrados em abundância no Estado do Rio Grande do Sul de origem animal (couro, ossos e chifres bovinos). Tendo como referencial elementos da cultura sul-rio-grandense encontrados na indumentária gaúcha, a intenção é analisar estes elementos formais, identificando sua origem e influências. Por meio do desenvolvimento de projeto de produto e aplicação de princípios do design de superfície, visa-se transpor, com o auxílio de tecnologias como o Scanner 3D a laser, a usinagem CNC e equipamentos de corte e gravação a laser, os elementos formais para os materiais que constituem a joia. Por meio da pesquisa bibliográfica e da pesquisa de campo, feita com o intuito de levantamento de imagens dos utensílios campeiros, é possível desenvolver, com desenhos e digitalização das peças, um banco de imagens que relaciona os elementos formais constituintes nessa cultura. Estas formas identificadas e descritas possibilitaram o desenvolvimento de módulos e padrões que podem ser aplicados nas superfícies dos materiais. Os resultados obtidos identificam que equipamentos de digitalização a laser, fresadoras CNC e o uso do laser para corte dos materiais selecionados são ferramentas importantes para gerar inovação, criando produtos em que design, tecnologia de ponta e cultura são evidenciados.",nacional,2,0,0,0,0,0,contexto,
Lume_UFRGS,oai:www.lume.ufrgs.br:10183/29135,Processo de gestão de projetos de design e maturidade em gestão de projetos de empresas da indústria moveleira : estudos de casos no Vale do Taquari/RS,2011,por,"Galafassi, Ana Gelsemina",Lume_UFRGS,geral,"O gerenciamento de projetos tem sido utilizado pelas organizações como ferramenta para estruturar, organizar e aprimorar suas práticas, bem como para alinhar projetos aos seus objetivos estratégicos. Por sua vez, gerir projetos de design significa planejar a gestão do desenvolvimento de novos produtos e deve envolver conhecimentos sobre gestão, assim como das atividades do design. Com foco no setor industrial, o presente estudo tem como objetivo analisar a gestão de projetos de design na indústria moveleira no Vale do Taquari, segmento produtivo que tem relevante destaque na indústria de transformação nacional. O estudo baseia-se na proposição de Borja de Mozota, que considera que a gestão do design está inserida nos três níveis organizacionais: operacional, tático e estratégico. Utiliza, também, modelos de maturidade em gestão de projetos como evidência para análise adicional da pesquisa, uma vez que pretende verificar como as empresas estudadas lidam com a gestão de projetos. Para o desenvolvimento deste trabalho, realizou-se uma pesquisa de abordagem qualitativa, caracterizada como um estudo de casos, cuja coleta de dados ocorreu em visitas e entrevistas com gestores de duas indústrias de móveis. A relação da gestão de projetos de design e a análise do nível de maturidade em gestão de projetos possibilitaram a identificação de pontos fortes e oportunidades de melhoria das empresas estudadas. Infere-se, nesse sentido, que empresas que conhecem, planejam, gerenciam e controlam seus processos e o desenvolvimento de seus produtos estão, em geral, mais preparadas para a competitividade e a inovação. O resultado deste estudo mostrou que, mesmo sem uma sistematização e conhecimento dos conceitos, as empresas pesquisadas tratam da questão da gestão de projetos de design nos seus níveis organizacionais.",nacional,2,0,0,0,1,0,contexto,
Lume_UFRGS,oai:www.lume.ufrgs.br:10183/29913,Construção e administração de um grupo brasileiro de pesquisa : estratégias e desafios do Instituto de Física/UFRGS,2011,por,"Rocha, Silvia Maria",Lume_UFRGS,geral,"A pesquisa científica pode ser bem-sucedida no Brasil? Que aspectos específicos marcam uma boa administração de um grupo de pesquisa? Entendendo a Administração como atividade comum a todas as organizações, escolheu-se para basear este estudo as teorias de tomada de decisão e processos de formação de estratégias. As idéias normativas do ""Institution Building"" também foram usadas, pois a implementação das atividades científicas é muito recente no Brasil. A partir do estudo de 'caso de um grupo de pesquisa em Física numa universidade brasileira, são deduzidas razões porque este grupo alcançou posição de destaque no cenário acadêmico e cientifico. Do estudo de vários aspectos da história deste centro de pesquisa depreenderam-se alguns motivos do bom desempenho: 1) integração do grupo em configuração de Burocracia Profissional Missionária; 2) transições bem conduzidas do grupo para organização e depois para instituição; 3) processo de tomada de decisão conduzido com habilidade estratégica, por lideres carismáticos, levando a um crescimento equilibrado; 4) alto nível de inserção do grupo em seu ambiente, aproveitando os projetos nacionais de desenvolvimento existentes na época em que o grupo foi criado e cresceu; 5) atitude estratégica dos pesquisadores que entenderam que a administração também é parte de seu trabalho, no contexto brasileiro, pois isto significa estar em posições de poder. Sendo as condições internas e externas dinâmicas, mudanças acontecem o tempo todo e novos desafios são apresentados constantemente ao grupo estudado.",nacional,0,0,0,0,0,0,contexto,UFRGS A pesquisa científica pode ser bem-
Lume_UFRGS,oai:www.lume.ufrgs.br:10183/29914,Inovação tecnológica como estratégia para o aproveitamento do carvão gaúcho,2011,por,"Barcellos, Paulo Fernando Pinto",Lume_UFRGS,inovacao_politicas_publicas,"O autor submete sua dissertaçáo de Mestrado cujo tema central é o carváo mineral, focalizando o marketing deste combustível relacionado a políticas públicas de energia, especificamente, de geração termelétrica. Tece algumas considerações, ao longo da história, sobre a visão dominante relativa ao papel do carvão mineral na política energética do País. Enfoca o emprego de inovação tecnológica na produção de eletricidade, para estimular o aproveitamento intensivo das reservas de carvão mineral do Rio Grande do Sul (cerca de 90% do total brasileiro) e, inclusive, para oferecer a indispensável complementação térmica ao sistema elétrico nacional, excessiva e perigosamente dependente da geração hídrica. Este desenvolvimento é visto como solução de transição à matriz energética do País. Alia a tecnologia, como ingrediente fundamental para contornar os óbices crescentes ao emprego de combustíveis fósseis, pelo maior comprometimento do meio ambiente, à oportunidade da integração energética no âmbito do Mercosuls destacando a importância da associação do gás natural argentino ao carvão brasileiro na geração elétrica. Esta abordagem mitiga os efeitos ambientais, reforça a localização estratégica de Candiota (a maior reserva brasileira de carvão mineral) e abre caminho à ""cultura do gás"" no sul do Brasil, visando a futura gaseificação do carvão e sua distribuição por gasodutos. Em horizonte mais distantes a solução proposta prepara caminhos tambéms para a futura ""economia do hidrogênio"". Finalmente, indica ac5es de marketing para o carvão na formulação de políticas públicas de energia.",nacional,4,0,0,0,1,0,nucleo,
Lume_UFRGS,oai:www.lume.ufrgs.br:10183/29917,O uso da informação de patentes no planejamento estratégico de empresas indústriais : um caso aplicado ao setor de produtos de higiene pessoal e perfumaria,2011,por,"Teixeira, Maria do Rocio Fontoura",Lume_UFRGS,geral,"Os documentos de patentes têm se mostrado uma fonte de informação valiosa, como subsídio ao planejamento estratégico de empresas industriais. Este trabalho apresenta um estudo de caso no setor de higiene pessoal e perfumaria, que tem por objetivo demonstrar a aplicabilidade da metodologia de Vigília Tecnológica, ou seja, o escaneamento e o monitoramento das informações do ambiente tecnológico externo de empresas industriais, a partir da análise de informações dos documentos de patentes.",nacional,2,0,0,0,0,0,contexto,
Lume_UFRGS,oai:www.lume.ufrgs.br:10183/30137,O uso de recursos na criação de vinhos ícones e a cocriação de valor,2011,por,"Hayashi Júnior, Paulo",Lume_UFRGS,geral,"O mercado de vinhos no Brasil teve sua condição competitiva modificada, principalmente a partir da década de 1990 com a abertura comercial. Com isso, as vinícolas precisaram buscar formas mais eficientes de gerir seus recursos e capacidades, bem como de buscar a melhoria da qualidade de seus produtos por meio da inovação de produtos e processos e a transmissão de uma imagem de qualidade e credibilidade ao consumidor. Dentre as mais de 600 vinícolas do Estado do Rio Grande do Sul, destaca-se a Casa Valduga como uma das mais emblemáticas representantes da busca pela qualidade e sofisticação deste novo vinho brasileiro. Um dos produtos de destaque da vinícola é o Storia, considerado seu vinho ícone. Tal produto necessitou da utilização conjunta de vários recursos e capacidades pela empresa, não apenas para criá-lo, mas também para que ele pudesse ser reconhecido e valorizado pelo seu valor de uso. Assim, o seu terroir, bem como as rotinas agrícolas e o expertise do enólogo e do responsável pelo marketing possibilitaram a criação do Storia. Outro aspecto importante que se destaca no aumento da percepção do valor de uso do produto é a reputação da empresa, bem como seus relacionamentos estratégicos, principalmente com os formadores de opinião, jornalistas e experts da área. Tal questão é favorecida pelas empresas apoiadoras da vinícola, tais como os representantes comerciais, a assessoria de imprensa e as escolas de degustação. Desta forma, trata-se o presente estudo de uma pesquisa qualitativa com finalidades exploratórias e descritivas, procurando, dentro da abordagem estratégica da Visão Baseada em Recursos (VBR), propor um framework integrativo capaz de abarcar a condição competitiva da Casa Valduga, bem como de suas empresas apoiadoras. O framework engloba também aspectos da idiossincrasia do consumidor no uso do valor do produto, ou seja, a sua cocriação.  Além disso, também é utilizada a escultura social de Joseph Beuys como uma maneira de aproximar cada vez mais o lado do consumidor com a produção. Assim, um vinho não apenas será excelente por causa da indústria ou de aspectos técnicos de produção, mas também por fatores subjetivos relacionados ao consumo e às particularidades e contextos de uso e interação do cliente-consumidor com o produto e as empresas que, direta ou indiretamente, participam da cadeia produtiva do vinho.",nacional,2,0,0,0,3,0,contexto,
Lume_UFRGS,oai:www.lume.ufrgs.br:10183/30193,"Revistas, design editorial e retórica tipográfica : a experiência da revista Trip (1986-2010)",2011,por,"Fetter, Luiz Carlos",Lume_UFRGS,geral,"A pesquisa tem como objeto de estudo a revista Trip, publicação representativa da tendência de segmentação das revistas brasileiras ocorrida partir da década de 1980. O período avaliado (1986-2010) contempla fases distintas correspondentes a três projetos gráficos. O objetivo principal é analisar as propostas tipográficas utilizadas, verificando em que medida as estratégias retóricas empregadas configuram materialmente orientações do projeto editorial e comercial, conformando a identidade do periódico. Interessa-nos considerar aspectos convencionais e inovadores relacionados à noção de legibilidade, ao tensionamento entre o verbal e o visual presente na tipografia. A metodologia adotada consistiu em pesquisa bibliográfica que estabeleceu os fundamentos teóricos e categorias para análises de ordem quantitativa e qualitativa, e baseou-se em autores como, Lupton, Zappaterra, Meggs, Bringhurst, Gäde, Gruszynski e Ali, entre outros. A análise quantitativa deu-se verificando, em um exemplar anual, variáveis especificadas em seções que constituem estratégias tipográficas diferenciadas: textos longos, curtos e capa. Dessa amostra, extraíram-se leiautes exemplares para a análise qualitativa, buscando aprofundar o que os indicadores numéricos apontaram. Verificou-se que o design editorial, ao enunciar estratégias editoriais e comerciais por meio da configuração de elementos gráficos sobre o suporte, evidencia seu caráter mediador. As diferentes possibilidades de articulação da retórica determinam distintos padrões de legibilidade, buscando adequar-se ao público a que se dirige. Cada projeto demandou um grau de equilíbrio específico entre inovação e tradição, coautoria e transparência. Há, em nosso objeto, a aproximação a um modelo onde a sobrevivência comercial assume relevância.  Observou-se que opções de leiaute efetivamente funcionais no passado foram resgatadas, o que não significa que conquistas do rompimento com o modernismo tenham sido descartadas no periódico analisado.",nacional,2,0,0,0,0,0,contexto,
Lume_UFRGS,oai:www.lume.ufrgs.br:10183/30626,Compliance na gestão de fundos de investimento,2011,por,"Gewehr, Elson Dérin",Lume_UFRGS,geral,"A função de compliance surge da necessidade de conhecer, com mais detalhes, os métodos como os bancos estão atuando nessa atividade. Com a criação do Comitê da Basileia para supervisão bancária, buscou-se fortalecer o sistema financeiro, por meio da maior conceituação sistemática de suas atividades, parametrizando-as pelas boas práticas financeiras e munindo-as de procedimentos prudenciais na sua atuação, abordando exatamente as boas práticas da integração da função de compliance, com as boas práticas de governança corporativa e de gestão de riscos das rotinas bancárias, para realizar todo gerenciamento e monitoramento das atividades. A pesquisa identifica a função de compliance, conceitua, apresentando os riscos, abordando bases para aprofundamento da discussão do tema e esclarecendo as principais atribuições voltadas à gestão de compliance. No discorrer do trabalho, observa-se como o alinhamento dos processos asseguram o cumprimento de normas e procedimentos, que visam, principalmente, a preservar a imagem perante o mercado e agregar valor pela qualidade e velocidade nas interpretações regulatórias das políticas e dos procedimentos de compliance de maneira integrada aos demais pilares da governança corporativa, tais como: (i) melhoria de relacionamento com os acionistas, (ii) melhoria de relacionamento com os clientes, (iii) decisões de negócio em compliance, (iv) velocidade dos novos produtos em conformidade para o mercado, (v) disseminação de elevados padrões éticos/culturais de compliance pela organização.  Na sequência, a aplicabilidade dos procedimentos de compliance na gestão de fundos do Banrisul, observando-se a estrutura institucional, a padronização, as rotinas operacionais e seus processos, o tratamento dos relatórios de auditoria e de monitoramento, os pontos de controle, os riscos da não conformidade e as consequências que podem gerar custos de maneira irreversível A fim de que este processo que passa por um planejamento, implantação, verificação e controle das atividades de compliance, tenha sucesso e seja eficaz, é necessário o comprometimento da alta administração e de todos os funcionários, devendo ainda fazer parte da cultura organizacional da instituição.",nacional,1,0,0,0,1,0,nucleo,
Lume_UFRGS,oai:www.lume.ufrgs.br:10183/30631,O papel do conselho de administração no desenvolvimento de melhores práticas de governança corporativa : o caso do Banco do Brasil,2011,por,"Amann, Fabiano Jacinto",Lume_UFRGS,geral,"Atuando como principal mecanismo interno para a diminuição dos custos de agência entre acionistas e gestores, entre acionistas controladores e minoritários, o conselho de administração possui um papel fundamental na governança corporativa das empresas. Por esta razão, o objetivo deste estudo é analisar o papel do conselho de administração. Analisamos o caso concreto da maior instituição financeira do país: o caso do Banco do Brasil e busca-se identificar a sua contribuição para a atual política de governança corporativa adotada pela instituição. É importante destacar a relevância do Banco do Brasil no cenário econômico, político e social nacional. Trata-se da maior instituição financeira da America Latina, alcançando recentemente a marca de R$ 755.706 milhões de ativos administrados. Como uma empresa de economia mista, tem como seu principal controlador o governo federal, com participação de 59,2% do capital total, tornando a sua administração, constantemente, alvo de dúvidas e incertezas por parte dos investidores. Veremos que o Banco do Brasil através de sua alta cúpula e principalmente do conselho de administração vêm sinalizando estar engajado em diminuir estas incertezas do mercado e demonstrar mais transparência em suas operações, adotando melhores práticas de governança corporativa em sua gestão. Esta forte preocupação já lhe rendeu resultados, pois em junho de 2006 o BB tornou-se a primeira empresa federal a ser listada no Novo Mercado da Bovespa.",nacional,1,0,0,0,1,0,nucleo,
Lume_UFRGS,oai:www.lume.ufrgs.br:10183/30638,A estrutura e a dinâmica da indústria automobilística no Brasil,2011,por,"Frainer, Daniel Massen",Lume_UFRGS,geral,"Esta tese trata de uma análise da estrutura e a da dinâmica da mudança na indústria automobilística brasileira a partir de 1990. A hipótese é de que as mudanças na estrutura e na dinâmica da mudança é produto do contexto no qual a indústria esta inserida e do processo ininterrupto de introdução de inovações. Primeiramente foi analisado o contexto no qual a indústria surgiu no mundo e seu desenvolvimento posterior na economia brasileira. Os períodos de formação e consolidação da indústria automobilística estariam relacionados com as revoluções tecnológicas. Secundariamente, foram analisadas as abordagens da organização industrial que darão suporte as análises da indústria automobilística partindo do mainstream, passando pela abordagem institucionalista e neo-schumepeteriana. A combinação desses enfoques busca superar as limitações da abordagem do mainstream, para analisar os contextos fui utilizada a abordagem institucionalista e para analisar o processo de introdução de inovações foi utilizada a abordagem neo-schumpeteriana. Os resultados encontrados com a aplicação do estrutura-conduta-desempenho (mainstream), analisando dados da indústria automobilística brasileira a partir de 1990. Os resultados apontaram para uma redução na concentração da indústria, sem que isso traduzisse em queda na lucratividade do setor. Quanto às condutas, há uma tendência por maior diversificação e diferenciação de produtos, principalmente, a partir de 1999, em parte devido à entrada de novas montadoras no mercado. Com relação a introdução de inovações, as principais montadoras estabelecidas apresentaram estratégias voltadas para maior intensificação de gastos em P&D em relação a receita líquida de vendas e redução no tempo de lançamento de novos modelos de automóveis.  Os processos de produção e formas organizacionais tornaram-se mais enxutos e com inovações pela incorporação de microeletrônica, permitindo um ajuste mais rápido da produção e a incorporação de novos modelos de automóveis. Conclui-se que houve uma reestruturação completa dessa indústria seguindo uma trajetória própria. Novamente, não foi possível afirmar que haja a convergência para um modelo único de produção nem mesmo um caminho único adotado pelas montadoras dessa indústria no Brasil.",nacional,0,0,0,0,1,0,contexto,
Lume_UFRGS,oai:www.lume.ufrgs.br:10183/30843,O processo primário de abertura de capital,2011,por,"Niada, Andrea Lucia",Lume_UFRGS,geral,"A presente dissertação teve como objetivo pesquisar a abertura inicial de capital de uma empresa- do inglês Initial Public Offerings- IPO. O estudo caracterizado como revisão bibliográfica, apresenta os principais conceitos de IPO na visão de diversos autores relativos ao tema proposto. Apresenta também as vantagens , custos e dificuldades enfrentadas por uma empresa para a abertura inicial do seu capital . O estudo mostra que um dos motivadores para o lançamento de ações no mercado é a captação de recursos, utilizada para a ampliação da empresa, fortalecimento de sua imagem no mercado, aquisição de novos equipamentos, aumento de capital e projetos de investimentos, sem a cobrança de juros, que são cobrados em um empréstimo no mercado. Além dos conceitos, vantagens e custos em relação a abertura de capital, foi apresentado como exemplo o processo de abertura de capital do Banco do Estado do Rio Grande do Sul (BANRISUL). O banco foi criado em 1928, atua como banco múltiplo e é o principal agente financeiro do Estado do Rio Grande do Sul. Atende às necessidades dos clientes de varejo bem como pequenas e médias empresas e entidades do setor público. Mostra as etapas necessárias para uma abertura de capital, que foram seguidas pelo banco desde a deliberação aprovada em assembléia para a abertura até o lançamento do prospecto definitivo de emissão de ações. O estudo possibilita apresentar as vantagens alcançadas pelo banco após o lançamento de ações no mercado. O estudo realizado revelou que um processo de abertura de capital apresenta vantagens e desvantagens na abertura, bem como, o que é necessário para sua manutenção como empresa de capital aberto e compromisso com os novos acionistas.  Conclui que não basta a simples decisão de tornar-se uma empresa de capital aberto, sendo necessário, uma pré-análise, para avaliar os custos que a empresa terá para abrir o capital, as vantagens e desvantagens, além da manutenção como companhia aberta. Ao tomar a decisão de abrir seu capital, entre as vantagens apresentadas, uma das que mais se destaca, é a captação de recursos, sem ter os juros que seriam cobrados em um financiamento no mercado e prazo de pagamento definido.",nacional,0,0,0,0,1,0,contexto,
Lume_UFRGS,oai:www.lume.ufrgs.br:10183/31281,A gestao da tecnologia nas empresas do polo petroquimico do sul,2011,por,"Bignetti, Luiz Paulo",Lume_UFRGS,geral,"O tema da dissertação é a gestão da tecnologia nas indústrias de primeira e segunda geração do Pólo Petroquímico do Sul. Foram analisadas sete empresas, relatando-se o processo de aprendizagem tecnológica, a estrutura de PO e a vinculação entre P&D e estratégia. A aprendizagem tecnológica resultou no domínio da tecnologia de produção. Ao longo das etapas de projeto, montagem e operação, as empresas procuraram dominar o processo, diminuir os custos e aumentar a produtividade. Como resultado dessa preocupação com a absorção de conhecimentos e com a introdução de inovaçoes, cada empresa estruturou um setor de P&D que coordena, de forma sistemática, o processo de inovação e de formação de uma crescente capacitação técnica. À tecnologia, apesar de ser considerada um recurso estratégico, não possui um papel pró-ativo na formulação do planejamento global. As estratégias tecnológicas adotadas pelas empresas colocam-nas como seguidoras das grandes empresas transnacionais. Ao mesmo tempo, aumentando a flexibilidade de produção, as empresas procuram novas oportunidades de negócios pela ocupação de nichos específicos de mercado e pelo lançamento de novos produtos. O reforço das atividades de P&D para o domínio do know-why, numa estratégia tecnológica ofensiva, poderá trazer, no futuro, vantagens competitivas às empresas do Pólo Petroquímico do Sul.",nacional,2,0,0,0,2,0,contexto,
Lume_UFRGS,oai:www.lume.ufrgs.br:10183/31283,Competitividade em indústria de tecnologia madura : o caso da brahma continental,2011,por,"Balbinot, Zandra",Lume_UFRGS,geral,"A tecnologia é um importante fator na obtenção de competitividade. Desta forma, para uma empresa participante de um setor de concorrência acirrada, com um mercado em constante mudança, onde o consumidor começa a ser mais exigente e a tecnologia é madura, a inovação tecnológica torna-se vital para que a mesma mantenha sua posição competitiva. Este é o caso das cervejarias. Com o intuito de inovar uma empresa pode utilizar várias esferas tecnológicas. Para cada nível de tecnologia -- de ponta, em desenvolvimento ou madura -- existem diferentes esferas a serem utilizadas para a empresa obter sua vantagem competitiva. Assim, o presente estudo procurou descrever as esferas tecnológicas utilizadas pela empresa Brahma Continental e a contribuição de cada uma delas na consecução dos objetivos da empresa. O estudou concluiu que as tecnologias de produção e de marketing, embora influentes, não são tão importantes quanto as tecnologias organizacional e de distribuição na obtenção de vantagem competitiva. Estudos posteriores poderão verificar se esta conclusão aplica-se às demais indústrias de tecnologia madura.",nacional,2,0,0,0,3,0,contexto,
Lume_UFRGS,oai:www.lume.ufrgs.br:10183/31347,Instrumentos inovadores na captação de recursos : as ações preferenciais resgatáveis,2011,por,"Procianoy, Jairo Laser",Lume_UFRGS,geral,"Durante a década de 80, dez empresas utilizaram um instrumento inovador para captar recursos de longo prazo junto ao mercado de capitais brasileiro. A inovação surgiu resultado da necessidade financeira destas empresas e pela falta de outras possibilidades de obtenção de recursos junto aos investidores. A bolsa de valores estava em baixa e, no Brasil, não existia mercado de dívida de longo prazo. As AÇÕES PREFERENCIAIS RESGATÁVEIS (APR) vieram preencher esta lacuna. Neste trabalho, procurou-se analizar as característas das APR no Brasil e nos demais mercados, além de examinar, sob a ótica financeira, os detalhes e os cuidados legais e necessários para que uma empresa possa utilizar este instrumento. A seguir, foram discutidas as possibilidades de uso das APR no mercado brasileiro e mundial. Através de um levantamento de campo junto a investidores representativos do mercado de capitais brasileiro e do estudo dos dez casos de emissão de APR no Brasil, buscou-se verificar porque este instumento é pouco utilizado. A realidade mostrou que as APR têm uso específico adequado mas que são pouco conhecidas pelos diversos agentes, empresas, instituições financeiras, e investidores institucionais. Finalmente, considerando que um dos projetos governamentais é a privatização de uma parcela significativa de empresas públicas, é recomendado que, pelas suas características específicas e tendo em vista peculiaridades do momento atual do mercado de capíatais brasileiro, o Governo considere a utilização da Ações Preferenciais Resgatáveis nos moldes estabelecidos para a nacionalização da Massey Perkins.",nacional,2,0,0,0,1,0,contexto,
Lume_UFRGS,oai:www.lume.ufrgs.br:10183/31356,O papel das redes de inovação no desenvolvimento tecnológico de empresas : o caso dos pequenos e médios fabricantes de produtos eletrônicos do Rio Grande do Sul,2011,por,"Ulharuzo, Caetano Glavam",Lume_UFRGS,economia_solidaria,"Esta dissertação é um estudo exploratório a respeito do papel das redes de inovação para o desenvolvimento tecnológico de PMEs (pequenas e médias empresas) fabricantes de produtos eletrônicos do Rio Grande do Sul (Brasil). Em geral, as redes configuram-se como um complexo de relações cooperativas que dinamizam a ação de seus agentes em torno de objetivos comuns ou complementares, sujeitos a regras de conduta pré-definidas. Na primeira parte tratamos das diferentes abordagens teóricas a respeito do estudo de redes, correspondentes a dois construtos. O primeiro designa rede como ""uma forma de organização intermediária entre o mercado e a hierarquia"", centrando-se sobre a firma (alianças, formas de cooperação, etc.). O segundo centrase sobre os atores da inovação tecnológica, definindo redes como ""uma relação entre atores e técnicas"". Na segunda parte descrevemos as experiências de sucesso das redes de PMEs de eletrônica de Guadalajara, no México, e o trabalho realizado pelo Instituto Tecnológico da Dinamarca para fomentar redes de empreendedores no país. Na terceira parte, analisamos o resultado da pesquisa, concluindo que existem relações de cooperação entre as PMEs gaúchas de eletrônica e os demais atores da inovação, mas não estão sujeitas a regras pré-definidas de conduta nem ao papel a ser desempenhado no interior dos construtos formados, concluindo-se pois que o sistema resultante não se caracteriza redes de inovação. A pesquisa nos fabricantes de produtos eletrônicos gaúchos foi realizada em 25 empresas no período de dezembro de 1995 a março de 1996, através de questionários aplicados pessoalmente pelo autor, nas empresas, e respondido pelos proprietários, diretores ou gerentes de P&D.",nacional,3,0,1,1,1,1,nucleo,
Lume_UFRGS,oai:www.lume.ufrgs.br:10183/31763,A construção social do mercado de software e suas práticas estratégicas,2011,por,"Josemin, Gilberto Clóvis",Lume_UFRGS,geral,"Estudos sobre o software, que ocupa um lugar destacado dentre as tecnologias da informação, têm abordado suas atividades a partir do enfoque econômico. Tendo como objetivo alcançar uma compreensão a respeito do modo de construção de práticas estratégicas de produtores/fornecedores de software referentes aos seus produtos e/ou serviços, a nossa visada ao mercado de software é feita a partir de um enfoque econômico e social. Por isto, balizamos o estudo na busca de um entendimento a respeito da construção social deste mercado, significando uma busca de aspectos históricos relevantes sobre o seu desenvolvimento e de elementos característicos da estrutura social deste mercado. Apreendemos esta estrutura a partir da identificação de diferentes tipos de atores deste mercado, de relações de dominação existentes entre eles, de práticas estratégicas que utilizam, mobilizando diferentes espécies de capitais (p. ex.: financeiro, tecnológico, comercial, social, simbólico), e a partir da estruturação das suas ofertas, em termos de modalidades de software e serviços relacionados. Utilizamos como referencial teórico a Sociologia Econômica, a Teoria dos Campos, Estratégia como Prática e Capacidades Dinâmicas. Para as análises da pesquisa utilizamos múltiplas fontes de evidências e diferentes métodos, como observação participante, pesquisa histórica e estudo de caso, combinados num desenho de pesquisa onde cada etapa procura subsídios nos resultados das anteriores. Adotamos como estratégia de pesquisa, análises no nível macro, da construção e da estrutura social do mercado de software, e análises no nível micro, de práticas estratégicas de empresas posicionadas do lado da demanda e do lado da oferta de software, com um estudo de caso no mercado de software para imobiliárias.  Dentre os resultados da pesquisa está a identificação de práticas estratégicas de empresas de software, que agrupamos em categorias como “incorporação de inovação”, “desenvolvimento de produto”, “licenciamento de uso”, “prestação de serviços de suporte técnico e manutenção” e “comercialização de software produto”. Foi possível estabelecer vinculações destas práticas com elementos da estrutura social do campo pesquisado, particularmente com as relações de dominação.",nacional,2,0,0,0,1,0,contexto,
Lume_UFRGS,oai:www.lume.ufrgs.br:10183/31949,Estudo dos 12 elementos catalisadores para a promoção de uma equipe de alta performance em empresas do ramo de transporte coletivo de passageiros,2011,por,"Rodrigues, Alexandre Michels",Lume_UFRGS,geral,"O estudo proposto visa discutir os elementos que moldam o comportamento humano e catalisam as ações das chamadas Equipes de Alta Performance (EAP), na tentativa de desafiar os líderes a perceberem, em sua gestão, meios de reparar lacunas e observar quais tópicos norteiam as bases da formação de uma identidade de superação de resultados em uma equipe. As EAP caracterizam-se por buscar o desafio como “produto”, de maneira a criarem as condições necessárias e assumirem os “riscos” do pioneirismo de ações, considerado de empreendedorismo internalizado, sendo o principal fator que motiva seus componentes. A abordagem teórica e prática relacionada a efetivação da pesquisa faz com que este projeto tome formas comparáveis a de um “Manual sobre comportamento”, ou seja, tem-se a intenção de propor um método de desenvolver e implementar equipes com essas características especiais. Para tanto, desenvolveu-se neste estudo fatores internos – dependentes exclusivos do ser humano – e externos – dependentes das construções organizacionais, que aqui são chamados de 12 elementos catalisadores de Equipes de Alta Performance. Esses 12 elementos foram pesquisados em um estudo de múltiplos casos com cinco empresas do setor de transporte coletivo de passageiros, a partir de uma abordagem qualitativa. Foram entrevistados ao todo 40 gestores. Os dados coletados foram analisados tendo como base o referencial teórico construído.  Dentre os principais resultados encontram-se: forte tendência ao perfil de comportamento relacionado a “Equipes convencionais” e logo a seguir, também, com bastante relevância, um perfil de “Grupos”; priorização a importância da Liderança para o Desempenho, Visão Estratégica e Confiança e Solidariedade; dentre os elementos considerados menos importantes Criatividade e Inovação e Maturidade Este resultado pode ter influência devido a concessão, medida protecionista que ao mesmo tempo é essencial a sobrevivência destas empresas, mas que pode limitar atividades percebidas como mais competitivas, e pela origem familiar da maioria das empresas.",nacional,2,0,0,0,0,0,contexto,
Lume_UFRGS,oai:www.lume.ufrgs.br:10183/31998,Estudo de projeto têxtil em um contexto de design de interação,2011,por,"Neves, Thaís Boeira",Lume_UFRGS,geral,"A pesquisa ressalta a importância da reflexão na prática aplicada sustentada no processo científico para construção do conhecimento da área têxtil de malharia retilínea. A abordagem de intervenção utilizada permite heurísticas projetuais que proporcionam análises reflexivas sobre a percepção imaginativa e física dos objetos orientados deste estudo, com base em variáveis como: a seleção de materiais e a simulação virtual. Os objetos orientados são avaliados como ferramentas de mediação dos processos de concepção de produtos têxteis centrados ao usuário, ao processo e ao produto. Verifica-se a importância de construir um instrumento de análise, amparado no conceito de design de interação, através de uma relação contínua de pesquisa-ação onde as construções cognitivas, culturais e sociais são apontadas como fator determinante para o fluxo comunicacional no processo. Sendo utilizados processos integrados de simulação virtual através do sistema CAD SDS ONE FULL RD Shima Seiki. Para tanto, a pesquisa compreende estudos de caso envolvendo empresas do setor com configurações organizacionais e projetuais diferentes, os quais apresentaram resultados significativos da aplicação do design interativo no contexto projetual têxtil. A Diana Têxtil SA. consiste em uma empresa de grande porte, sediada em Timbó, Santa Catarina. Neste estudo de caso é descrito um projeto piloto que proporcionou a concepção da primeira coleção virtual de malharia retilínea realizada no Brasil. E, apresenta através da análise do seu contexto o fluxo complexo de interações culturais e conexões dos agentes e tecnologias, que configuraram a realização desse evento. A Arco Baleno Ltda. é uma empresa de pequeno porte sediada em Flores da Cunha, Rio Grande do Sul. Este estudo apresenta um processo de design interativo guiado pelo estilista como agente de inovação.  O projeto é realizado através de parcerias entre a empresa fornecedora de tecnologia e a micro empresa analisada que também conta com subsídios financeiros do Sebrae para realização de seus projetos de design. Através desse estudo foi realizada uma pesquisa afetiva com usuário final crianças de 5 a 12 anos, para avaliar a aceitação de texturas específicas e da personagem da marca. A Marisol SA. é uma empresa de grande porte sediada em Jaraguá, Santa Catarina. Este estudo apresenta uma análise sobre a implementação de processos inovadores apresentados em um workshop realizado na empresa. Compreende a avaliação de seus profissionais especialistas quanto à importância da seleção de materiais e a simulação virtual para concepção de novos produtos. A Best Malhas Ltda. é uma empresa de médio porte sediada em Caxias do Sul. Este estudo apresenta descrições de novas concepções estratégicas do posicionamento do designer dentro do contexto de serviço e apresenta tarefas distintas atribuídas a esse profissional. Uma visão holística do processo de design é analisada para subsidiar a compreensão do design do processo de design. O quinto estudo de caso é amparado em uma plataforma global de relacionamentos profissionais o LinkedIn. Esse estudo de caso de profissionais especialistas descreve a criação de uma rede social com expertises específicas, os designers de malharia retilínea, através da plataforma do LinkedIn. Foi realizada uma survey, através de questionários para coleta de dados específicos que permitiram a análises sobre as características do perfil desses profissionais da área, bem como a sua pré-disposição as variáveis desta pesquisa.  Através dessa rede social potencializada pelas tecnologias, foram coletadas informações dos especialistas ―estilistas de malharia retilínea‖. Tal processo valoriza a integração de expertises, da sintonia dos pares e proporciona através da dinâmica democrática e virtuosa o ―feedback ―para este objeto de estudo. Esta dissertação possui relevância econômica, social, científica e tecnológica, pois, aponta lacunas na área têxtil de malharia retilínea. Apresenta coerência em uma abordagem de adequação – sócio técnica, no qual é atribuído ao estilista o papel de um agente estratégico de inovação, através da possibilidade descrita que esse profissional possui ao integrar processos avançados para comunicação de seus projetos.",nacional,2,0,0,0,0,0,contexto,
Lume_UFRGS,oai:www.lume.ufrgs.br:10183/32475,Trajetória de crescimento no Sistema de Crédito Cooperativo SICREDI : autoperpetuação e autodestruição,2011,por,"Grohs, Carlos Roberto",Lume_UFRGS,economia_solidaria,"Esta pesquisa teve como objetivo descrever a trajetória de crescimento e identificar os indicativos para a autoperpetuação ou a autodestruição percebidas no Sistema de Crédito Cooperativo - SICREDI, de atuação em 10 estados no Brasil, com sede administrativa na cidade de Porto Alegre, Estado do Rio Grande do Sul, durante os anos de 1980 a 2010, a partir de suas decisões estratégicas. Para tanto, a pesquisa utilizou-se do estudo de caso, com caráter exploratório e qualitativo, dentro de uma visão longitudinal e histórica. Os dados primários foram coletados através de entrevistas abertas com os principais dirigentes da organização. Já, os dados secundários foram provenientes principalmente do acesso aos depoimentos dos principais personagens e dirigentes da trajetória do SICREDI, e de documentos da organização como livros, relatórios e revistas, entre outros. A trajetória de crescimento no SICREDI foi organizada em 02 fases principais, as quais refletiram estágios e momentos diferentes da sua história. Após, analisaram-se e classificaram-se as principais respostas da organização de acordo com o modelo proposto por Fleck (2009), com vistas a demonstrar as principais evidencias aos desafios organizacionais em cada uma das fases analisadas. Foram analisados como a organização se comportou frente aos cinco desafios organizacionais: empreendedorismo, navegação no ambiente dinâmico, gerenciamento da diversidade, gerenciamento de recursos humanos e da complexidade (FLECK, 2009).  Identificou-se que o SICREDI desenvolveu sua renovação do crescimento organizacional, a preservação da sua integridade e produção de folga, para o caminho da sua longevidade saudável, ou seja, da sua autoperpetuação, identificado através da sua permanente busca pelo crescimento organizacional, através da integração vertical e horizontal, superação normativa e pelo empreendedorismo, visão e liderança demonstrado pelos seus líderes.",nacional,1,0,1,1,0,1,nucleo,
Lume_UFRGS,oai:www.lume.ufrgs.br:10183/32534,"Juros sobre o capital próprio, estrutura de propriedade e destruição de valor : evidências no Brasil",2011,por,"Colombo, Jéfferson Augusto",Lume_UFRGS,geral,"Este trabalho relaciona a estrutura de propriedade das empresas brasileiras de capital aberto com a distribuição de Juros Sobre o Capital Próprio (JSCP), de 1997 a 2008, através de estimações Probit e Tobit com dados em painel. Uma das inovações deste estudo é analisar a distribuição de JSCP sob a ótica dos controladores (beneficiários), e não somente da empresa (investida). Constata-se que a distribuição de JSCP, apesar de reduzir a carga tributária no nível da firma, enseja alíquotas variáveis de acordo com a natureza jurídica dos acionistas. Os resultados empíricos sugerem que: a) a estrutura de propriedade afeta tanto a propensão quanto o montante distribuído de JSCP; b) a presença de investidores institucionais aumenta significativamente a distribuição de proventos em dinheiro através de JSCP vis-à-vis dividendos; c) desvios da relação “uma ação – um voto” estão positivamente relacionados com a distribuição de JSCP; d) empresas maiores, mais lucrativas, sujeitas a melhores práticas de governança corporativa e com maiores oportunidades de crescimento tendem a distribuir mais proventos em dinheiro via JSCP, prática esta que aumenta a riqueza dos acionistas.",nacional,1,0,0,0,0,0,nucleo,
Lume_UFRGS,oai:www.lume.ufrgs.br:10183/32601,"O design de equipamentos de tecnologia assistiva como auxílio no desempenho das atividades de vida diária de idosos e pessoas como deficiência, socialmente institucionalizados",2011,por,"Silva, Lucielem Chequim da",Lume_UFRGS,geral,"A presente pesquisa foi realizada através de trabalhos experimentais com estudos de casos onde foi possível avaliar o quanto o Design de equipamentos de Tecnologia Assistiva auxilia no processo de independência nas Atividades de Vida Diária de pessoas idosas e/ou deficientes, que se encontram institucionalizadas. Através de uma revisão de literatura foram identificados os objetivos das Tecnologias Assistivas, do Design Universal e da Acessibilidade, e o quanto estes podem facilitar o dia-a-dia de seus usuários com vistas à inclusão social. Desta forma, esta pesquisa se desenvolveu em uma Associação de Amparo que abriga mulheres idosas e deficientes, no município de Santa Maria - RS. Neste local foi possível perceber e reconhecer uma significativa demanda para a Tecnologia Assistiva. Ao analisar dados recentes, percebe-se o expressivo número de pessoas com alguma deficiência, sobretudo, com a crescente população de idosos em nosso país. Assim, a cada dia, profissionais das diferentes áreas – grupos interdisciplinares – devem buscar o aperfeiçoamento para através da “inovação tecnológica”, tendo em vista a melhoria dos serviços, garantirem o atendimento e a qualidade de vida destes protagonistas. Finalmente, com o desenvolvimento deste trabalho, o qual pretendeu proporcionar maior funcionalidade nas atividades cotidianas e com ganhos em autonomia, construíram-se caminhos e estratégias que contribuem para aprofundar o conhecimento científico desta área de caráter interdisciplinar onde converge o uso das Terapias da Saúde apoiadas pela Tecnologia Assistiva com o Design de “novos Produtos”, Engenharias de Materiais, Fabricação, Automação e outras.",nacional,3,0,0,1,2,2,nucleo,
Lume_UFRGS,oai:www.lume.ufrgs.br:10183/34826,Fontes de tecnologia das empresas exportadoras do Rio Grande do Sul - Brasil,2011,por,"Faggion, Gilberto Antonio",Lume_UFRGS,geral,"A tecnologia é fundamental para o desempenho das empresas, as quais podem obtê-la através da produção própria e da aquisição no Brasil ou em outros países. Esta pesquisa foi realizada para averiguar as fontes de tecnologia das empresas e aspectos relacionados. Os dados provêm de 108 empresas exportadoras, de 11 setores, sediadas no Rio Grande do Sul, Brasil, contatadas por questionário via correio. As empresas adquirem tecnologia externa nacional e estrangeira de outras empresas e fornecedores. Os principais mecanismos para obter tecnologia são a aquisição de máquinas e equipamentos e o aperfeiçoamento de técnicos e especialistas. Isto sugere que as empresas são tecnologicamente dominadas pelo fornecedor. As empresas também produzem sua própria tecnologia, sendo que se constitui de adaptações e melhoramentos da tecnologia existente, o que indica uma capacidade tecnológica de base e intermediária. A necessidade de atualização da tecnologia e as exigências dos clientes são os principais estímulos à obtenção de tecnologia. Os principais critérios de escolha da tecnologia são a qualidade que ela pode proporcionar ao produto e a sua adequação ao mercado. A instabilidade da política econômica brasileira é o maior obstáculo à obtenção de tecnologia, bem como a falta de recursos financeiros para comprar tecnologia e para investir em Pesquisa e Desenvolvimento.",nacional,0,0,0,0,1,0,contexto,
Lume_UFRGS,oai:www.lume.ufrgs.br:10183/35176,A relação entre a internacionalização e a inovação na empresa : um estudo de caso,2011,por,"Hoch, Cristiano Guilherme",Lume_UFRGS,geral,"A evolução da economia internacional revela importantes mudanças nos relacionamentos entre os agentes econômicos e as variáveis que determinam a competitividade, sendo que dois fatores se sobressaem: 1) o crescente número de elementos da organização econômica afetados pela internacionalização e 2) o aumento da complexidade no processo de inovação da empresa. Estes fatores se fortalecem, ao ponto que a análise econômica atual é forçada a considerar ambos de forma simultânea, quando busca compreender a nova dinâmica da firma operando a nível internacional. Porém, a relação entre inovação e internacionalização tem sido pouco explorada na literatura, evidenciando poucos estudos empíricos que exploram essa relação. Nesse contexto, o presente estudo de caso busca verificar como a inovação se relaciona com a internacionalização de uma empresa no Rio Grande do Sul. Foi elaborado um framework para analisar a relação entre a inovação e internacionalização, seguindo a lógica de análise de Kyläheiko et al (2011), complementada por Kumar (2009) e Kafouros et al (2008). O presente estudo leva em consideração que o crescimento da firma está relacionado com a estratégia de crescimento via internacionalização e inovação, apoiados pelas capacidades tecnológicas e o regime de apropriação. Se considerarmos o longo prazo, a estratégia que mais favorece o crescimento da firma é a que busca utilizar a diversificação de mercado (internacionalização) e produto (inovação) de forma conjunta. Entretanto no curto prazo a firma pode estar sujeita a alguns desafios, apresentando um trade-off nesta relação.  Os dados foram coletados por meio de entrevistas semi-estruturadas com o Gerente de Novas Tecnologias e com o Coordenador de Mercado Externo, além da análise de livros, documentos, site corporativo, apresentações power point fornecidas pelos entrevistados. Os resultados demonstram que a empresa objeto deste estudo sofreu algumas restrições, como os limites de replicação do negócio (necessidade estratégia de entrada de maior envolvimento), aprendizagem (tempo para acumular conhecimento sobre o mercado através do avanço nas estratégias de entrada) e capacidade absortiva (gestores, recursos administrativos disponíveis e investimento em P&D) que a levaram focar seu crescimento através da inovação no mercado doméstico, no curto prazo. Entretanto, quando a empresa supera tais dificuldades, passa a atuar através das duas estratégias de crescimento (inovação e internacionalização) resultando em uma maior taxa de crescimento.",nacional,2,0,0,0,2,0,contexto,
Lume_UFRGS,oai:www.lume.ufrgs.br:10183/35400,As relações entre as transformações econômicas e o ritmo da produção do espaço urbano. Estudo de caso : Aracaju,2011,por,"Araújo, Rozana Rivas de",Lume_UFRGS,geral,"Esta tese investiga as correlações existentes entre os ciclos econômicos (enfatizando a localização das atividades econômicas motrizes) e os ciclos espaciais urbanos (entendidos como as “ondas” de construção da cidade). Aracaju, capital do estado de Sergipe, Brasil, foi escolhida como estudo de caso por apresentar especificidades em sua trajetória urbana e econômica. Em síntese, a cidade foi implantada em 1855, sob um planejamento inicial que se restringia a definição do traçado das ruas e ao código de posturas. As grandes áreas de mangue e regiões alagadiças não permitiram a expansão urbana com a tecnologia da época e com as condições financeiras do estado, o resultado foi uma cidade compacta. Com a descoberta do petróleo em Sergipe, na década de 1960, ocorreu o deslocamento dos escritórios da Região Nordeste de Petróleo de Maceió para Aracaju, decisão que trouxe novos funcionários a cidade, com remuneração maior que a média dos moradores até então e representando quase 10% da população da capital. Com a justificativa de fornecer infraestrutura física, diversas mudanças ocorreram. O resultado observa-se na expansão e fragmentação urbana. As áreas de concentração de atividade econômica motriz mudaram a paisagem. A área da antiga atividade motriz industrial, degradou-se e atualmente está em lento processo de requalificação urbana e “re”dinamização econômica. Nas áreas próximas à concentração de atividades de comércio e serviços surgem diversas “ilhas de crescimento”. Em áreas onde esta concentração de atividades de comércio e serviços gera externalidades negativas, ocorre o esvaziamento residencial. O processo verificado é apresentado como compatível com duas dinâmicas: a do ambiente construído como palco para a urbanização do capital e, a de atração-repulsão que pode existir na relação entre atividades diferentes.  Para abordar o tema proposto, optou-se por uma análise baseada em partes de quatro teorias (HARVEY, 1985; WHEATON, 1987; ABRAMO, 2001 a, b; KRAFTA, 1992), que tratam o ambiente construído como elemento central da dinâmica do capitalismo associado: à constante criação de novas localizações como elemento de inovação, à reconstrução da parte interna das cidades através da substituição, visando maior lucratividade (WHEATON, 1982), à estratégia que a construção civil utiliza para convencer as famílias a mudarem para determinados locais – convenção urbana (ABRAMO, 2001a) e, às diferenciações locacionais que emanam da configuração urbana (KRAFTA, 1994 a, b). A partir deste arcabouço teórico foi proposta uma metodologia em que se buscou identificar e analisar: (i) cada ciclo econômico dentro do período de 1940 a 2008, e; (ii) os ciclos espaciais urbanos, nas áreas onde ocorreu a localização das atividades econômicas motrizes. A proposta de identificação e análise dos ciclos econômicos englobou os dados de cada atividade econômica (o número de pessoas ocupadas por atividade e a contribuição de cada atividade na composição do PIB municipal). A proposta de identificação e análise dos ciclos espaciais urbanos englobou características: (i) das mudanças no uso do solo e no perfil de renda do morador, (ii) da análise configuracional, e; (iii) das inovações construtivas (verticalidade-densidade e padrão-tipologia). O resultado do trabalho empírico evidenciou a diminuição do gap entre os ciclos econômicos de comércio e serviços e os ciclos espaciais urbanos. O conjunto das análises dos dois ciclos e suas correlações forneceu dados para uma leitura do trabalho empírico em convergência com o arcabouço teórico proposto.  Conclui-se que na parte teórica do estudo, houve eficácia das teorias para a análise proposta ao processo urbano. A parte metodológica mostrou-se eficaz na identificação e análise das correlações, embora não se tenha obtido alguns dados para elaboração de determinadas correlações que possibilitariam maior número de dados para a medição do gap. Ressalta-se, porém, que a metodologia evidenciou a tendência de diminuição do gap entre os ciclos, confirmando a hipótese levantada pela tese, e; identificou as correlações entre os ciclos econômicos e espaciais urbanos, ou seja, apresentou as correlações entre o local de concentração das atividades econômicas motrizes industriais e de comércio e serviços e, as mudanças urbanas (nas tipologias construídas, nas densidades construtivas e populacionais e, nos perfis de renda do morador), alcançando-se assim o objetivo proposto.",nacional,2,0,0,0,0,0,contexto,
Lume_UFRGS,oai:www.lume.ufrgs.br:10183/35437,Inovação em ambientes dinâmicos : estudo de impactos de cenários econômicos em portfólio de projetos,2011,por,"Silva, Guilherme Santos da",Lume_UFRGS,geral,"Para ocorrer, a inovação deve passar obrigatoriamente por diversas fases diferentes: O surgimento das ideias, a seleção de projetos, a fase de investimento, a entrega dos resultados. A escolha entre alternativas de iniciativas está sempre envolta de incertezas macroeconômicas, uma vez que o resultado desta decisão só terá seus resultados concretizados no futuro, quando as condições externas podem ter-se alterado de maneira fundamental. Este trabalho realiza uma revisão bibliográfica das principais ferramentas de seleção de projetos e de prospecção de cenários econômicos, para então propor um referencial teórico necessário para criação de uma nova metodologia que permita a seleção de projetos considerando o caráter dinâmico da economia.",nacional,2,0,0,0,0,0,contexto,
Lume_UFRGS,oai:www.lume.ufrgs.br:10183/35445,As diferenças entre auditoria interna e compliance,2011,por,"Dalla Porta, Flaviano Carvalho",Lume_UFRGS,geral,"As profundas mudanças ocorridas no mundo dos negócios aguçaram a curiosidade e as necessidades dos empresários na área de Governança Corporativa. Muitas são as técnicas e as ferramentas que podem ser utilizadas visando melhorias de processos, segurança e integridade das informações, mitigação de riscos de negócio e divulgação de normas de acordo com as diretrizes estabelecidas pela Alta Administração das empresas. Neste rol, surge a necessidade de implantação de Compliance e da Auditoria Interna. Segundo Muzzili, a organização cresce e torna as suas operações volumosas e complexas no que ele chama de “efeito capilarização”, ou seja, o dia a dia é conduzido por dezenas e até milhares de pessoas, em locais diferentes, que recebem delegação implícita da Alta Administração. Ao mesmo tempo, verificamos uma grande diversificação de normas e órgão reguladores que geram diversas obrigações para as empresas e seus gestores de negócios. Como exemplos citamos as empresas seguradoras que são regulamentadas pela Superintendência de Seguros Privados (SUSEP) e as instituições financeiras (Bancos) que são regulamentados pelo Banco Central do Brasil (BACEN). No entanto, cabe salientar que qualquer quebra de paradigmas e regras em relação à SUSEP e ao BACEN pode acarretar em falhas e exposição de processos com grande propensão à incidência de crimes fraudulentos ou cometimento de lavagem de dinheiro, além de aumentarem os riscos das operações que possam impactar na continuidade dos negócios. Vimos no decorrer da primeira década dos anos 2000 uma explosão de escândalos fraudulentos que devido a sua relevância levaram à quebra de grandes Companhias. Tudo isto devido a diversos fatores entre os quais as fraquezas constatadas nos controles internos dessas corporações.  A criação de processos, normas e regulamentos consistentes, amparados por auditorias internas com eficazes sistemas monitoramento contínuo das operações, minimizam significativamente os riscos nos negócios das grandes corporações.",nacional,1,0,0,0,0,0,nucleo,
Lume_UFRGS,oai:www.lume.ufrgs.br:10183/35446,Aplicabilidade do sistema de custeio baseado em atividade e tempo em indústria de bebidas,2011,por,"Pereira, André da Rosa",Lume_UFRGS,geral,"Diferenciar-se é uma questão de agregação constante de valor, pensamento enxuto, retenção de talentos, atenção as boas práticas de gestão e a todas as partes envolvidas. Alcança sua missão aquela organização que aproveita o maior número de oportunidades lançadas a todos, porém aproveitadas por aqueles que as identificam e executam ações a frente dos demais. Manter essa atitude de vanguarda é o grande desafio que se lança. E a resposta a esta necessidade, a história de gestão e empreendedorismo nos mostra que não haverá resposta definitiva nem mecanismo permanente eficaz. É inserido neste contexto, que este projeto se desenvolve, buscando observar dentro de uma indústria de bebidas, o que seu método de custeio atual contribui para a busca de sua missão e implantar os conceitos atualmente modernos de time driven activity-based costing, voltando-as cada vez mais para a agregação de valor.",nacional,0,0,0,0,0,0,contexto,
Lume_UFRGS,oai:www.lume.ufrgs.br:10183/35595,Política fiscal de incentivo à inovação no Brasil : análise do desempenho inovativo das empresas que usufruíram benefícios da lei n°11.196/05 (lei do bem),2011,por,"Calzolaio, Aziz Eduardo",Lume_UFRGS,inovacao_politicas_publicas,"O incentivo fiscal à inovação (IFI) vem sendo utilizado intensamente nos últimos anos, tanto nos países da Organização para a Cooperação e Desenvolvimento Econômico (OCDE) quando nos subdesenvolvidos, como importante instrumento da política tecnológica. Seu objetivo é auxiliar o estabelecimento de um ambiente competitivo e sistêmico e oferecer condições para que as firmas desenvolvam suas capacitações e aprimorem seus conhecimentos. O IFI utiliza as seguintes técnicas para induzir as inovações: deduções (simples ou especial), depreciação acelerada ou integral, e crédito fiscal. Ele pode ser aplicado verticalmente em setores, regiões ou determinadas firmas, inclusive novas e em situação de prejuízo. Sua aplicação é verificada em diversos países e especialmente no Brasil. O principal objetivo desta dissertação é analisar a Lei 11.196/05, a Lei do Bem (LB), que oferece auxílio fiscal para: despesas com Pesquisa e Desenvolvimento (P&D), aquisição de bens de capitais e intangíveis voltados à inovação, construção de instalações físicas voltadas à pesquisa, aquisição e cooperação para o desenvolvimento de P&D, registro e manutenção de patentes, marcas e cultivares e contratação de pesquisadores. A taxa real de variação de cada uma dessas atividades foi calculada em dois períodos; o primeiro antes da LB, de 1998 a 2005, e o segundo depois da LB, de 2006 a 2008. Evidenciou-se, com isso, a capacidade da LB de intensificar (ou não) a inovação. O Instituto Brasileiro de Geografia e Estatística forneceu os dados da Pesquisa de Inovação Tecnológica, especialmente para este trabalho, apenas das empresas usuárias da LB. Apresentam-se também as informações da Lei do Bem contidas no Relatório Anual da Utilização dos Incentivos Fiscais, produzido pelo Ministério da Ciência e Tecnologia.  O resultado encontrado é o de que as empresas usuárias da LB ampliaram suas atividades de P&D, bem como intensificaram a formação de redes de cooperação entre os diversos agentes do Sistema de Inovação entre 2006 a 2008, o que indica acerto da LB. No entanto, não intensificaram a compra de máquinas e equipamentos e de bens intangíveis voltados para a inovação, a contratação de pesquisadores e o registro de marcas, patentes e cultivares. Contudo, a intensificação dos gastos com P&D interno e adquiridos externamente acelerou-se significativamente.",nacional,4,0,0,0,0,0,nucleo,IFI utiliza as seguintes técnicas para
Lume_UFRGS,oai:www.lume.ufrgs.br:10183/35828,As dimensões de inovação social em empreendimentos econômicos solidários do setor de artesanato gaúcho,2011,por,"Maurer, Angela Maria",Lume_UFRGS,economia_solidaria,"Mesmo com os avanços tecnológicos e comerciais feitos pelos seres humanos ao longo do tempo, ainda persistem diversos desafios de ordem social e ambiental. O desenvolvimento de inovações sociais torna-se uma alternativa para suplantar parte destes desafios, visto que podem solucionar as necessidades de parte dos indivíduos de uma dada sociedade. O Centre de Recherche sur les Innovations Sociales (CRISES) é um dos centros que realiza pesquisas a respeito das inovações sociais, destacando suas diversas dimensões de análise. Um dos focos de pesquisa deste centro está na Economia Social da província de Quebec, no Canadá. No Brasil, a Economia Solidária vem crescendo significativamente, e o artesanato é um dos setores de destaque no número de empreendimentos coletivos ligados a esta Economia. No Rio Grande do Sul, os empreendimentos econômicos solidários de artesanato são organizados de diferentes formas, sendo alguns deles induzidos por organizações geridas com recursos públicos, enquanto que outros são constituídos pelos próprios artesãos. Por outro lado, o conceito de inovação social geralmente é abordado de maneira superficial na literatura das Ciências Sociais, e ainda existem, no Brasil, poucos estudos a respeito desta modalidade de inovação na área de Administração. Desta forma, o objetivo deste estudo é o de analisar como as dimensões de inovação social, do modelo idealizado pelo CRISES, se refletem nas diferentes formas de organização de empreendimentos econômicos solidários do setor de artesanato gaúcho. A revisão de literatura versou sobre inovações sociais e sobre organizações de Economia Solidária. Foram realizados seis estudos de caso em empreendimentos econômicos solidários do setor de artesanato gaúcho. Os dados primários foram coletados por meio de entrevistas semi-estrututuradas e de anotações no diário de campo.  Já os dados secundários foram provenientes de documentos, artigos e websites. A análise dos dados foi feita de acordo com a revisão de literatura do presente estudo. Os resultados evidenciaram grande parte dos elementos das dimensões de inovação social descritas no modelo desenvolvido por autores do CRISES. A análise destas dimensões, nos casos pesquisados, apresentou similaridades e diferenças tanto entre elas quanto quando comparadas às do modelo estabelecido pelo CRISES. De forma geral, os empreendimentos pesquisados foram desenvolvidos a partir de contextos problemáticos, passaram por fases de tentativa e de experimento, as quais foram institucionalizadas, e tais empreendimentos se tornaram modelos de desenvolvimento emergente. Estes empreendimentos também contemplaram a necessidade da coletividade e o bem comum. Diversos atores foram identificados na formação destes empreendimentos, sendo que todos contaram com atores titulares da ideia, financiadores, apoiadores e usuários. A mobilização e a participação dos atores também foram representativas, bem como a aprendizagem gerada pelo processo de desenvolvimento das inovações sociais pesquisadas. Este processo envolveu restrições que geraram incerteza e tensão nos artesãos. Ainda, o processo foi feito por meio da integração e da parceria entre os atores, e ocorreu a difusão das soluções desenvolvidas para outros contextos. Desta forma, o presente estudo contribui para a análise do conceito de inovação social em empreendimentos econômicos solidários do Brasil.",nacional,6,0,1,1,0,2,nucleo,
Lume_UFRGS,oai:www.lume.ufrgs.br:10183/18329,Estágios para universitários : representações e implicações na inserção profissional dos jovens brasileiros e franceses,2010,por,"Rocha-de-Oliveira, Sidinei",Lume_UFRGS,geral,"Atualmente, nota-se o crescimento do número dos estágios para universitários, constituindo um elemento importante na complementação da sua formação. Esta estratégia tem sido utilizada em diferentes países para redução das dificuldades dos jovens em sua inserção profissional. Porém, os estudantes têm tido dificuldades para encontrar oportunidades de trabalho dada a situação econômica, da crise do sistema de contratação que leva à existência de trabalhos cada vez mais precarizados em todos os níveis da sociedade, sobretudo entre os jovens que almejam ingressar no mercado de trabalho atual. Assim, o objetivo desta tese é compreender quais as representações dos universitários sobre a experiência de estágio e suas implicações para sua inserção profissional no atual contexto socioeconômico brasileiro e francês. Adota-se uma postura construtivista, que explora na teoria como os conceitos foram construídos ao longo do tempo e busca-se uma vertente que permita sua compreensão como fenômeno que se constroi nas relações sociais. Para realização da pesquisa foram levantados documentos (artigos, manuais de orientação, leis e decretos) e entrevistados 32 estudantes franceses e 31 brasileiros, que foram analisados segundo a abordagem das práticas discursivas (SPINK, 2004).  No Brasil, os estágios estão recebendo atenção central por parte do Estado, que em 2008 promulgou a nova lei de orientação dos mesmos, que indica o papel central das universidades e atribui aos estudantes alguns direitos similares aos dos trabalhadores. Na prática, a partir da análise das entrevistas, os estágios têm constituído um mercado que incorpora vários aspectos similares aos do mercado de trabalho, como os modos de seleção, requisitos demandados, tarefas realizadas e responsabilidades assumidas pelos estagiários, bem como uma série de disfunções que acabam dando ao mesmo um caráter de trabalho precário. Em meio a tais condições, as representações que emergem mostram os estágios mais próximos de uma relação de trabalho do que das de ensino. Dada a diversidade de caminhos que se constroem a partir da experiência de estágio, os estudantes estabelecem trajetórias de inserção (emprego formal, desenvolvimento acelerado, empreendedorismo, função pública e carreira acadêmica) que esperam percorrer. Na França, embora também pesem as mudanças no mercado de trabalho, a atuação próxima das instituições de ensino assegura, pelo menos em parte, o caráter de formação dos estágios.  O mercado de estágios francês é regulado pela instituição à qual o aluno está vinculado, que pode ou não ter um acompanhamento próximo. As organizações, embora tenham ampliado as exigências de competências, sobretudo, técnicas e comportamentais, por vezes ligadas a uma experiência anterior, têm tratado, predominantemente, os estágios como um período de formação. Nesse cenário as representações que surgem estão vinculadas à idéia de inserção profissional e o risco da precariedade que há neste percurso. Entre as expectativas de inserção destaca-se para a maioria o caminho do emprego formal e, para alguns, a busca por um cargo elevado de chefia.",nacional,0,0,0,0,2,0,contexto,
Lume_UFRGS,oai:www.lume.ufrgs.br:10183/18373,"A gestão socioambiental no contexto do desenvolvimento (in)sustentável : uma leitura das instâncias micro, meso e macro organizacional na Aracruz Celulose",2010,por,"Aramburú, Juliane Viégas",Lume_UFRGS,geral,"Passadas quase quatro décadas desde as críticas sobre o crescimento econômico, que contribuia para um desenvolvimento insustentável a longo prazo, percebe-se que o problema da ênfase na dimensão econômica em detrimento da socioambiental permanece. Desequilíbrios ambientais continuam sendo evidenciados como consequência da atuação da humanidade. Para Ferreira (2007), as empresas têm contribuído para o aumento destes desequilíbrios. A autora aponta que os eventos naturais afetam a agricultura, a indústria e os serviços. Depreende-se disso que, se a empresa não é causadora direta de todos os males ambientais, ela sofre com eles. Tanto o agravamento dos problemas ambientais quanto sociais aumentou a pressão para que as empresas alterem a forma de conduzir seus negócios. Deste modo, muitas empresas têm adotado práticas ditas socialmente responsáveis para atender essa demanda e para sobreviverem no mercado. Nascimento et al. (2008) evidenciam que, para obter sucesso na implantação de ações, a empresa deve perceber-se como parte de um ecossistema de mercado.  Isto implica compreender que as ações não dependem apenas das condições internas e de ferramentas adotadas pelos gestores; elas dependem também da interação da empresa com o macro e o meso ambiente. E, para serem sustentáveis, tanto a empresa quanto as demais partes envolvidas devem se preocupar com as diferentes dimensões do desenvolvimento, além da econômica (SACHS, 1996). Assim, torna-se relevante compreender como a atuação relacionada à sustentabilidade, de empresa modelo em responsabilidade socioambiental e das partes interessadas, impacta no alcance do desenvolvimento? Para tanto, analisa-se a gestão socioambiental da Aracruz, observando a relação com os níveis micro, meso e macro organizacional. A Aracruz Celulose é reconhecida internacionalmente por sua atuação socioambiental e considerada uma das vinte empresas-modelo em sustentabilidade do país. A empresa convive com uma questão polêmica, pois utiliza como matéria-prima florestas. Em contrapartida, declara que trabalha para reduzir os impactos ambientais em seus processos, desde o plantio de árvores, à extração, produção e exportação do produto. Revela, ainda, que considera também os aspectos sociais do processo, adotando postura socialmente responsável para com as diferentes partes interessadas.  Por essas razões, considera-se um caso relevante para estudo. Com a pesquisa, visa-se a contribuir no campo teórico e prático relacionado à responsabilidade socioambiental e ao desenvolvimento. Para consecução do trabalho, adota-se o estudo de caso único. Para tanto, analisaram-se materiais institucionais e trabalhos acadêmicos sobre a responsabilidade socioambiental da Aracruz. Realizaram-se entrevistas com o diretor de sustentabilidade da empresa e com gestores envolvidos com a questão. Avaliou-se a relação da organização com diferentes stakeholders a partir de entrevistas com a comunidade, parceiros em projetos ambientais, órgão governamental e prestadores de serviços. Aplicou-se também questionário com os demais empregados da empresa. Como resultado, evidencia-se que a Aracruz trabalha questões de governança, transparência, relacionamento com partes interessadas e aspectos socioambientais e de gestão para alcançar a sustentabilidade. No entanto, a sua atuação é afetada por variáveis do macroambiente, especialmente pela variável econômica. Talvez isto dificulte a contribuição para o desenvolvimento integral proposto por Sachs (1996).",nacional,1,0,0,0,1,0,nucleo,
Lume_UFRGS,oai:www.lume.ufrgs.br:10183/18436,A subjetividade no processo decisório na área de P&D : estudo de caso múltiplo através das narrativas,2010,por,"Schreiber, Dusan",Lume_UFRGS,geral,"A inovação, tanto tecnológica como organizacional, deixou de ser um modismo para ocupar um lugar de destaque dentro das organizações. Com a abertura dos mercados e a sofisticação do padrão de exigências de consumidores, tanto no mercado interno, como no exterior, a diferenciação passou a ser palavra de ordem e a inovação uma necessidade. Dentro da inovação tecnológica, as atividades de pesquisa e desenvolvimento são consideradas essenciais e tem merecido, cada vez mais, a atenção de pesquisadores. Considerada tradicionalmente uma área eminentemente técnica, com foco em concepção de soluções tecnológica e comercialmente viáveis, tem assumido novas atribuições, o que implicou na alteração do seu perfil, passando a interagir com as demais áreas organizacionais. Desta forma, o universo simbólico do grupo de técnicos da área foi ampliado e incluiu no seu repertório novos valores e imagens da organização, influenciando o processo decisório. O presente trabalho de pesquisa, para a tese de doutorado em administração, foi construído com o objetivo de analisar o processo por meio do qual esta dimensão subjetiva se manifesta na área de P&D, no tocante à forma de realizar as atividades desta unidade organizacional, ou seja, internamente ou através de contratos com agentes externos.  Considerando as especificidades do referido estudo, optou-se pela abordagem qualitativa, estudo de caso múltiplo, coleta de evidências através de entrevistas não estruturadas e o método de análise de narrativas, em quatro empresas de base tecnológica, localizadas na região metropolitana de Porto Alegre. Apesar das possíveis fragilidades inerentes ao referido método, de natureza interpretativista simbólica, a análise dos quatro casos pesquisados permitiu evidenciar a inclusão de variáveis de cunho subjetivo no processo de decisão na área de P&D, com vista à definição da forma de realização de suas atividades. A referida dimensão subjetiva representou, na maioria das narrativas, a confluência de valores individuais, coletivos (dos grupos e subgrupos organizacionais) e da cultura organizacional, em seus aspectos objetivos e subjetivos, contidos em regras, procedimentos, normas, processos, práticas, imagens, símbolos, sinais, narrativas, mitos, etc. Foi possível verificar, também, que as diversas construções de realidade social, dentro das organizações, propiciam diferentes condições de manifestação de interesses individuais em processos de decisão na área de P&D, condicionando o posicionamento dos indivíduos no tocante à externalização das atividades desta unidade organizacional.  Já a maneira como é exercida a influência da cultura organizacional, como também a intensidade e grau de sua efetividade, depende da forma pela qual a cultura foi constituída, da história subjacente à sua construção e da natureza comportamental dos integrantes da organização. No entanto, é importante destacar que o método de análise empregado faculta diferentes percepções, na dependência situacional e contextual, ou seja, permite ao analista ""descobrir"" novas nuances a cada releitura do mesmo texto, suscitando novas interpretações.",nacional,2,0,0,0,1,0,contexto,
Lume_UFRGS,oai:www.lume.ufrgs.br:10183/18561,A interação entre artigos e patentes : um estudo cientométrico da comunicação científica e tecnológica em biotecnologia,2010,por,"Moura, Ana Maria Mielniczuk de",Lume_UFRGS,geral,"As etapas do trabalho constituíram-se de busca nas bases de dados; limpeza e organização dos nomes de autores e de instituições; análises estatísticas e de redes sociais; correlação entre a co-invenção e co-autoria, a partir da ocorrência de autores co-ativos – que publicaram tanto patentes como artigos - nos dois tipos de documentos; correlação entre os assuntos dos artigos e das patentes a partir do mapeamento dos assuntos proposto por Glänzel e Schubert (2003) e dos códigos da Classificação Internacional de Patentes (CIP). A Biotecnologia no Brasil caracteriza-se por apresentar uma forte interação entre Ciência e Tecnologia, o que significa que os inventores transitam entre as duas esferas e produzem tanto publicações científicas como tecnológicas, principalmente no âmbito da universidade. Os resultados mostram que no ranking da produção científica, lideram as universidades públicas (federais e estaduais) e instituições de pesquisa. Observou-se que há intensa colaboração entre estes dois tipos de instituições, com a formação de clusters com laços fortes, não acontecendo colaboração destas com empresas, de forma efetiva.  No ranking da produção tecnológica, as empresas depositantes não figuram entre os primeiros lugares, ficando estes ainda ocupados pelas universidades, instituições de pesquisa e de fomento. Muitos depositantes e inventores encontram-se isolados nas análises de redes sociais, confirmando a predominância de redes diádicas ou a falta de formação de redes de co-autoria de patentes na área da Biotecnologia. Encontra-se um núcleo de preferência para a co-autoria em artigos situado entre 3 e 7 autores. Em patentes, os co-ativos demonstram a preferência pela produção individual ou em pequenas equipes. Os autores e instituições coativas que mais possuem patentes são também aqueles que mais publicam artigos, apresentando uma relação entre produção de artigos e patentes. A co-autoria encontrada nas publicações de patentes se repete nas publicações científicas, demonstrando uma interação entre C&T, que alcança um percentual de 70,7% de interação entre a produção científica e tecnológica. Esta interação também foi observada a partir da co-classificação, atingindo o percentual de 83,4%.  As patentes que mais possuem convergência entre co-autoria e co-classificação são aquelas que possuem menor número de co-ativos. A hipótese H1, que afirmava que os autores co-ativos mais produtivos em C&T pertencem a redes de co-autoria interpessoais mais densas, não foi comprovado. Considera-se que as técnicas da cientometria utilizadas neste estudo possibilitaram a análise da interação entre C&T na área da Biotecnologia no Brasil.",nacional,2,0,0,0,0,0,contexto,
Lume_UFRGS,oai:www.lume.ufrgs.br:10183/18802,Identificação de relações de importância entre elementos de maturidade de alinhamento negócios-TI e tipos estratégicos,2010,por,"Rigoni, Eduardo Henrique",Lume_UFRGS,geral,"Em um ambiente competitivo, dinâmico e altamente regulado corno o setor financeiro brasileiro, as orientações estratégicas das empresas devem estar alinhadas com o ambiente. Embora a literatura de alinhamento estratégico seja muito rica, existe um reduzido número de estudos envolvendo elementos de alinhamento estratégico e orientações estratégicas de unidades de negocio, mais especificamente, envolvendo os tipos de orientação Defensora e Prospectora segundo a tipologia de Miles e Snow. Esses estudos, ao levar em conta a variável orientação estratégica, passaram a explicar resultados que ate então se mostravam inconsistentes ou que não eram detectados. Sendo assim, este estudo foi guiado pela seguinte questão de pesquisa: distintas orientações estratégicas atribuem diferentes importâncias para os elementos do modelo de Maturidade do Alinhamento Estratégico (Strategic Alignment Maturity - SAM)? Deste modo os seis componentes de SAM denominados Comunicação, Parcerias. Políticas de Recursos Humanos e Habilidades, Mensuração de Valor, Governança de Tecnologia da Informação (TI) e Escopo e Arquitetura são analisados, utilizando o setor financeiro, que se caracteriza pelo use intensivo de informações, como área de estudo.  Foram estudadas, a partir de uma pesquisa survey, 165 unidades de negocio da indústria bancaria, de seguros e de corretagem de valores mobiliários Os resultados obtidos revelaram que 10 dos 42 elementos analisados mostraram-se mais importantes para as instituições com orientação estratégica Defensora. Estes são respectivamente: compreensão dos processos, sistemas e capacidades potenciais da área de TI pela sua unidade; reputação da área de TI; medidas para mensurar a contribuição da TI e para contribuição do Negócio; avaliações e revisões dos investimentos em TI relacionados com sua unidade; sistemas de informação mercadológicos e de suporte operacional; padrões e conformidades nos sistemas de TI; integração da arquitetura de TI; e instrumentos, processos e estruturas organizacionais para lidar com interrupções causadas por mudanças de negocio e de TI. Em nenhuma situação os elementos de SAM se mostraram significativos para os Prospectores, o que pode ser atribuído ao fato de que essa orientação estratégica apresenta uma natureza mais flexível e, portanto, adaptada a ambientes dinâmicos, Como o setor financeiro.  Por outro lado, a orientação Defensora precisa compensar sua rigidez a mudanças por meio de elementos de SAM sob o risco de se tornar não competitiva em tal cenário. Com base nestes, sugere-se como estudos futuros: a replicação deste em outros ambientes a fim de averiguar se os elementos do modelo SAM se confirmam como sendo mais importantes para Defensores; e fazer um estudo envolvendo elementos SAM, orientações estratégicas e desempenho com a finalidade de verificar se os elementos mais importantes para determinada orientação estratégica são as que realmente contribuem para o desempenho organizacional.",nacional,1,0,0,0,1,0,nucleo,
Lume_UFRGS,oai:www.lume.ufrgs.br:10183/18804,A criação de conhecimento em clusters industriais,2010,por,"Vilela Júnior, Dalton Chaves",Lume_UFRGS,geral,"Esta tese propõe um quadro referencial abrangente para analisar os elementos envolvidos na criação de conhecimento em clusters (CCC), tema não completamente abordado pela literatura. A CCC é um processo que visa ampliar a base de conhecimento, compreendendo o cluster, a governança do cluster e/ou a coletividade dos membros. O quadro proposto contempla os diferentes atores que operam em clusters (empresas, instituições de ensino e pesquisa, governo, instituições de cooperação e instituições para financiamento), os níveis onde o conhecimento é criado (nas organizações, na governança e no cluster) e as diferentes dimensões do conhecimento (tecnológica, gerencial, relacional e estratégica). A estratégia da pesquisa previu a realização de quatro estudos de caso: no cluster de desenvolvimento de software em Manaus – AM – Brasil (Amazonsoft), no cluster de ciências da vida com foco em biotecnologia na região de Marseille – França (Bioméditerranée), no cluster de móveis na região de Bento Gonçalves – RS – Brasil (Pólo Moveleiro da Serra Gaúcha) e no cluster têxtil na região de Caxias do Sul – RS – Brasil (Pólo de Moda da Serra Gaúcha).  Os principais resultados apontam para: a) a importância do conhecimento criado no nível do cluster para o desenvolvimento coletivo; b) a importância do conhecimento criado pelos membros decorrente de sua participação no cluster; c) a influência do setor industrial; do estágio de desenvolvimento e da composição do cluster na CCC; d) o papel da governança na potencialização da CCC; e) a relevância dos spillovers como um dos impulsionadores do conhecimento no cluster; f) a ligação entre a capacidade absortiva dos membros e a CCC; g) a necessidade de envolvimento dos membros na expansão do conhecimento no cluster; h) a consideração das diferentes dimensões do conhecimento para o desenvolvimento e a sustentabilidade dos clusters. Estes resultados podem orientar o desenvolvimento de novas pesquisas sobre a CCC e podem auxiliar a tomada de decisão de gestores de clusters, de membros de clusters e de agências governamentais para impulsionarem a CCC nos clusters, os quais estão envolvidos.",nacional,1,0,0,0,0,0,nucleo,
Lume_UFRGS,oai:www.lume.ufrgs.br:10183/18816,"Plano de uso público do Parque Nacional do Monte Roraima : proposta de estruração de uma cadeia produtiva de ecoturismo na calha do rio Cotingo, com base nos princípios da economia ecológica",2010,por,"Silva, Edileuza Lopes Sette",Lume_UFRGS,geral,"O trabalho elabora uma proposta de cadeia produtiva para o ecoturismo na Unidade de Conservação do Parque Nacional do Monte Roraima – Parna Monte Roraima, a partir de uma pesquisa realizada na comunidade Ingarikó de Karamanpaktëi, o agrupamento brasileiro mais próximo do Monte Roraima, na bacia do rio Cotingo. O Plano de Manejo do Parna Monte Roraima, datado de 2000, divide a região, em seis zonas ecológicas - uso extensivo, intensivo, intangível, primitiva, de uso especial e de transição-, com as respectivas regras para intervenção humana. Na zona de uso extensivo estão previstas a realização de pesquisa científica, educação ambiental e ecoturismo com a participação das comunidades indígenas, com vistas à melhoria de suas condições de vida, uma vez que o povo Ingarikó habita essa floresta desde tempos imemoriais. A pesquisa constatou serem os índios exímios conhecedores do Parna, onde já desenvolvem a atividade de ecoturismo com extrema habilidade. São familiarizados com importantes aspectos do ecossistema, com os hábitos dos animais e as particularidades do clima, o que os qualifica como peças chaves no planejamento da segurança do turista.  Devido à proibição legal, caçam raramente, tendo uma dieta concentrada em carboidratos de mandioca, quase sem nenhuma proteína. A partir de uma excursão realizada à Cachoeira Kïtik Yen e à Comunidade Mapae, com duração de seis dias, pela floresta, foi estruturada uma cadeia de ecoturismo que reflete a realidade atual da atividade no Parna. Observa-se que alguns elos da cadeia estão mais bem organizados que outros, mas no geral, se a comunidade puder contar com a presença do poder público, a atividade poderá alcançar padrão de excelência internacional. Ali estão presentes o conhecimento dos sítios naturais, o respeito e a prática da cultura ancestral, a vocação e a amabilidade no trato com o turista, a consciência da importância de cada elemento da paisagem para a atividade e a facilidade com idiomas estrangeiros. Com alguma orientação dos órgãos de vigilância sanitária, poderá ser desenvolvida uma culinária leve e saudável, bem ao gosto do turista. Neste sentido, a preparação do cachiri, com alguma inovação tecnológica, poderá representar significativa geração de renda pela venda aos turistas, por ser uma bebida energética, fresca e saudável.",nacional,2,0,0,0,1,0,contexto,
Lume_UFRGS,oai:www.lume.ufrgs.br:10183/18843,"Crescimento econômico, inovação e empreendedorismo",2010,por,"Souza, Maria Cristina de Andrade",Lume_UFRGS,inovacao_politicas_publicas,"A presente pesquisa enfeixa o exame das relações existentes entre crescimento econômico e inovação tecnológica, empreendedorismo e o papel das políticas públicas direcionadas para o fomento da inovação tecnológica no âmbito das microempresas (ME) e empresas de pequeno porte (EPP). O ponto de partida do trabalho explica que o crescimento econômico constitui objeto de grande relevância para a teoria econômica, considerando que enquanto aumento sustentável do Produto Interno Bruto real per capita revela-se essencial para a elevação do padrão de bem estar da sociedade e que a inovação é amplamente aceita como vetor decisivo para o crescimento do produto e da produtividade total dos fatores. Tanto o modelo exógeno (Solow) quanto o endógeno mostram que o “choque tecnológico” é condição central para o crescimento. A diferença é que o segundo vai além, diz que políticas públicas contam sim como fator de crescimento, pois este requer sistema de Ciência e Tecnologia eficiente, formação de capital humano, regras de jogo e incentivos adequados.  Considera também o papel estratégico do empreendedor como agente de inovação, agregador de valor, organizador da produção, responsável por novos processos de produção e de produtos, criador de empregos, de novos mercados, de lucro e de riquezas. No caso do Brasil, ao mesmo tempo em que é confirmado o perfil empreendedor do povo brasileiro, aponta-se, porém, fortes características de não-inovadores. As ME e EPP possuem papel significativo na geração de empregos, mas insignificante participação como agentes de inovação. É que de maneira geral, as empresas brasileiras manifestam clara opção pela compra de tecnologias, ao invés de promover projetos estratégicos de geração de inovações. A dificuldade em produzir conhecimentos que possam ser incorporados como inovação é que no Brasil o mercado tem falhado sistematicamente na realização de investimentos em Ciência, Tecnologia e Inovação – CT&I e em Pesquisa e Desenvolvimento - P&D, questões tratadas predominantemente na esfera pública. Por sua vez, a maioria dos programas de CT&I tem diretrizes de natureza setorial. É certo que a detenção do conhecimento científico é condição necessária, mas não suficiente para o processo de inovação.  Neste sentido, iniciativas governamentais recentes demonstram que dentre os mecanismos de financiamento em vigor, os Fundos Setoriais são as ferramentas principais para o alcance da inovação tecnológica nos setores produtivos e áreas estratégicas. Ao lado disso, constatamos que Roraima também carece de implantação de políticas de desenvolvimento de Ciência e Tecnologia e de mecanismos próprios de financiamento das atividades de P&D. No entanto, quando se percebe a inovação e o empreendedorismo como elementos essenciais do crescimento econômico, pode-se argumentar que o Estado brasileiro vem buscando derivar políticas públicas de metodologias e enfoques teóricos que só têm sentido para o desenvolvimento de tecnologias nas empresas, com a ilusão que existem sistemas nacionais de inovação científico-tecnológicos. Fica evidente que o Brasil muito terá que fazer para criar um ambiente de negócios mais amplo, em que as empresas privadas queiram investir em inovação, assumam riscos e expandam suas atividades produtivas para se tornarem mais competitivas.",nacional,4,0,0,0,2,0,nucleo,
Lume_UFRGS,oai:www.lume.ufrgs.br:10183/18849,A indústria moveleira de Boa Vista : estrutura e potencialidades,2010,por,"Souza, Luciana Silva de",Lume_UFRGS,geral,"O objetivo desta dissertação foi avaliar a estrutura e as potencialidades da indústria moveleira do Município de Boa Vista (Roraima). Para a obtenção dos dados, foram aplicados questionários a empresas filiadas ao Sindicato das Indústrias de Marcenaria do Estado de Roraima – SINDIMAR; de um total de 19 empresas, 15 responderam aos questionários, representando 78,9% da amostra. Procurou-se levantar dados de forma simplificada, mas que retratassem a real situação do setor. Além desses dados, se obteve outros de fontes secundárias e de estudos empíricos anteriores sobre o setor, além daqueles fornecidos por instituições como SEBRAE. A idéia foi efetuar sugestões visando o aumento da competitividade do setor, através de melhorias nas matérias-primas, mão-de-obra, tecnologia e design, para agregar maior valor ao produto final. A revisão da literatura focou a teoria da localização, a teoria dos pólos de crescimento e a teoria do desenvolvimento local endógeno, centrada no papel das inovações e dos atores locais. Ao visitar as empresas, procurou-se detectar suas deficiências e potencialidades.  Com o diagnóstico da situação atual do setor, se identificou os fatores de seu sucesso e os que vêm dificultando o seu avanço, com o objetivo de motivar os empresários a investir nessa atividade. Constatou-se que a matéria-prima utilizada é oriunda de outros municípios do Estado de Roraima e que cerca de 80% da produção é destinado ao próprio Município de Boa Vista, enquanto que os outros 20% destina-se a outros municípios do Estado. Concluiu-se que o setor moveleiro de Boa Vista necessita de muitas melhorias, tanto no plano tecnológico, com máquinas mais modernas, como do ponto de vista de gestão e logística. As principais dificuldades enfrentadas pelo setor são a carência de mão-de-obra qualificada, a falta de capital de giro para investir em equipamentos apropriados, já que a produção é feita na maior parte de forma semi-artesanal, entre outros fatores. Nesse sentido, o setor necessita de mais apoio de órgãos oficiais de assistência e de crédito, a fim de promover o desenvolvimento do setor, independentemente do porte das empresas.",nacional,1,0,0,0,3,0,contexto,
Lume_UFRGS,oai:www.lume.ufrgs.br:10183/18874,"Micro e pequenas empresas e as compras governamentais : uma abordagem sobre a aplicação do capítulo V da Lei 123/06, no Brasil e em Roraima",2010,por,"Cerino, Pedro de Jesus",Lume_UFRGS,inovacao_politicas_publicas,"O Brasil enfrenta o desafio de criar mais emprego e ampliar a geração de renda. O desenvolvimento dos pequenos negócios é condição fundamental para que esses objetivos sejam atendidos, pois são intensivos em postos de trabalho e estão em todos os municípios do país. A sociedade por meio do segmento das Micro e Pequenas Empresas prepararam uma proposta, amplamente discutida, tecnicamente elaborada e longamente negociada. A Lei Geral é o novo Estatuto Nacional das Micro Empresas e das Empresas de Pequeno Porte, Instituído pela Lei Complementar nº 123, de 14 de dezembro de 2006, vem estabelecer normas gerais relativas ao tratamento diferenciado e favorecido a ser dispensado às Microempresas - ME e Empresas de Pequeno Porte - EPP no âmbito dos Poderes da União, dos Estados, do Distrito Federal e dos Municípios. Esta Lei vai preparar o Brasil para uma política efetiva de apoio promoção do desenvolvimento, da competitividade e prosperidade. Unifica impostos e contribuição da União, de Estados e Municípios, dispensa o cumprimento de certas obrigações trabalhistas e previdenciárias, facilita o acesso ao crédito ao mercado, confere preferência nas compras públicas para as empresas de pequeno porte e estimula a inovação tecnológica, entre outros benefícios.  A utilização do poder de compra governamental significa dar uma função econômica e social à demanda por bens e serviços da administração pública, potencializando o papel do estado como promotor de políticas redistributivas e indutor do desenvolvimento econômico. A atual perspectiva de alterações na legislação brasileira sobre compras governamentais, as análises das experiências internacionais e, principalmente, das experiências bem sucedidas de governos estaduais, corroboram para a viabilidade de se utilizar o poder de compra do Estado de Roraima como um instrumento alternativo na busca pelo desenvolvimento econômico sustentável das Micro e Pequenas Empresas. Através dos dados sobre as compras governamentais do Estado de Roraima, verificou-se que não existe uma política de incentivos para que as compras sejam feitas localmente. Poucas MPE‟s participam da vendas para órgãos públicos. Quanto à dinâmica interna das compras governamentais, apurou-se um elevado desconhecimento por parte dos gestores públicos sobre a importância e o papel que às MPE‟s exercem na economia do estado.  Despreparo dos empresários sobre o tema “Compras Públicas” e o que a empresa precisa para participar das licitações. E ainda um sentimento de pequenez dos empresários respondentes, diante dos concorrentes que participam das vendas para a administração pública.",nacional,2,0,0,0,2,0,contexto,
Lume_UFRGS,oai:www.lume.ufrgs.br:10183/18876,O novo mercado da BM&FBOVESPA e o desenvolvimento do mercado de capitais brasileiro,2010,por,"Oliveira, José Júnior de",Lume_UFRGS,geral,"Esta dissertação tem o objetivo de analisar a importância do Novo Mercado da BM&FBOVESPA para o desenvolvimento do mercado de capitais brasileiro. O Novo Mercado é um segmento especial de empresas listadas na bolsa de valores que adotam boas práticas de Governança Corporativa em sua gestão. Aderindo a tais práticas, as empresas assumem compromissos de informação e transparência adicionais aos existentes na legislação, favorecendo o monitoramento das companhias pelo mercado e oferecendo maior proteção aos acionistas e credores. Dessa forma, a Governança Corporativa facilita o acesso das empresas aos mercados financeiros e de capitais para financiar suas atividades e auxilia na redução dos riscos das operações. Adicionalmente, minimiza os problemas de informação assimétrica existentes nos mercados financeiros e de capitais, melhorando sua eficiência. A partir da implementação do Novo Mercado, em dezembro de 2000, o mercado de capitais brasileiro vem passando por mudanças significativas. Cresceu em volume de negócios, liquidez e valorização das ações.  Aumentou significativamente o número de empresas que vem se utilizando do mercado de capitais para captar recursos e financiar seus projetos e atividades através de emissões de ações em bolsa, com destaque para as adesões das novas empresas ao Novo Mercado da bolsa. Nesse contexto, este estudo aborda em que medida o Novo Mercado da BM&FBOVESPA vem contribuindo para o processo de desenvolvimento recente do mercado de capitais nacional.",nacional,1,0,0,0,3,0,nucleo,
Lume_UFRGS,oai:www.lume.ufrgs.br:10183/18879,Arranjos produtivos locais e capital social no Vale do Jaguari/RS,2010,por,"Anése, Rogério Luis Reolon",Lume_UFRGS,geral,"Nas últimas décadas, as teorias de desenvolvimento passaram por um processo de transformação engendrado pelas mudanças nos padrões de produção e consumo, com a emergência do modelo de produção flexível ou pós-fordista. Estas mudanças levaram a uma emergência e reinvenção do local como espaço de desenvolvimento e, evidenciam o papel central das inovações, do conhecimento e do aprendizado interativo como fatores da competitividade sustentada e desenvolvimento local. Neste sentido, as localidades devem ser vistas como espaços ativos dotados de cultura, história, recursos humanos, recursos sociais e materiais diferenciados, e podem com a organização e dinamização destes fatores definirem os rumos do desenvolvimento de maneira endógena e sustentável. É neste contexto que se propõe a presente tese, que busca identificar as condições sociais, através do Capital Social e, econômicas com a identificação dos setores industriais da Região do Vale do Jaguari/RS.  Para tanto, foi calculado o Índice de Capital Social através das dimensões propostas pelo Banco Mundial e, com isso, pode-se inferir de que forma este capital pode impulsionar ou obstaculizar a expansão sólida dos setores industriais e torná-los Arranjos Produtivos Locais (APLs). As análises mostraram que em alguns municípios o Capital Social, pode realizar o papel de construir o entorno inovador para as empresas, e estas, ganharem competitividade para se inserir no contexto da competição global.",nacional,1,0,0,0,1,0,contexto,
Lume_UFRGS,oai:www.lume.ufrgs.br:10183/22651,"Inovação, salários e estrutura de mercado",2010,por,"Silva Júnior, Gílson Geraldino da",Lume_UFRGS,geral,"Esta tese tem como elemento central a estrutura de mercado, cujos resultados são inéditos até onde conhecemos. Na primeira parte, tratamos de inovação e estrutura de mercado, dada a apropriabilidade. Analisamos P&D em particular e inovação em produto e processo para empresa e para o mercado, bem como formas de apropriabilidade além de patentes, tais como copyright e desenho industrial complexo. Entre os resultados empíricos que encontramos vale destacar que: (i) estrutura de mercado tem impacto positivo sobre inovação, via de regra, quando considerado junto com gasto com propaganda ou com um mix de mecanismos de apropriabilidade; (ii) lucratividade defasada, via de regra, tem efeito positivo sobre a decisão de gastar ou não em P&D e de inovar ou não, seja em produto ou processo, para a empresa ou para o mercado; (iii) exceto gastos com propaganda, os outros indicadores de apropriabilidade aqui considerados isoladadamente, via de regra, não têm impacto positivo sobre os indicadores de inovação; e (iv) em geral, o mix de mecanismos de apropriabilidade tem impacto positivo e significativo tanto sobre gastos com P&D quanto sobre a decisão de gastar em P&D e inovar.  Na segunda parte tratamos de salários e estrutura de mercado dada a qualificação dos trabalhadores sob uma perspectiva muito recente. Verificamos empiricamente em que medida o poder de mercado das empresas da indústria brasileira de transformação no mercado de produto influenciou os salários dos trabalhadores, dadas suas qualificações, no período 1998 a 2005. Para tal, adotamos um procedimento pouco presente na literatura sobre mercado de trabalho: experimento quase natural (no caso, o overshooting cambial de 2002-2003), como forma de corrigir a potencial simultaneidade entre salários e parcela de mercado. Entre os resultados desta seção vale destacar que: (i) a parcela de mercado tem efeito positivo sobre os salários dos trabalhadores de escolaridade alta, mas negativo sobre os de média, sugerindo que as empresas da indústria brasileira de transformação usam o poder no mercado de produto para pagar melhores salários para os trabalhadores mais qualificados e pagar menores salários para os menos qualificados – algo que tende a ampliar a polarização dos rendimentos no mercado de trabalho brasileiro.  Dado que parcela de mercado também é uma forma de medir tamanho de empresa, este resultado sugere também que as firmas maiores da indústria brasileira de transformação pagam os trabalhadores mais qualificados melhor que as firmas menores. E (ii) atividades de P&D tiveram efeito negativo sobre escolariadade alta, mas inovação em geral teve efeito positivo sobre os mais qualificados, sugerindo que a competição no mercado de produto aumenta atividades inovativas em geral, acirrando a disputa por mão de obra qualificada. Porém, esta mesma competição no mercado de produto não aumenta a atividade de P&D e, portanto, a disputa por mão de obra qualificada para esta finalidade. Pelo contrário. A evidência empírica obtida sugere que a competição no mercado de produto diminui esta atividade, bem como a procura por mão de obra qualificada para este fim.",nacional,4,0,0,0,1,0,nucleo,
Lume_UFRGS,oai:www.lume.ufrgs.br:10183/24183,Atividade de inovação em firmas de economias emergentes : proposta de um conjunto de novos indicadores,2010,por,"Marins, Luciana Manhães",Lume_UFRGS,geral,"Os indicadores tradicionais de atividades inovativas, dentre os quais se destacam as estatísticas de pesquisa e desenvolvimento e patentes, se apoiam no argumento linear de que a pesquisa leva à comercialização de novas tecnologias. Baseados nos indicadores tradicionais, estudos recentes focados no processo de inovação industrial em economias emergentes afirmam que hoje em dia as firmas latino-americanas desempenham um papel passivo nas atividades inovadoras mundiais, caracterizado pela ausência de capacidades inovadoras. Esses indicadores, entretanto, não parecem ser os mais adequados para se medir a inovação, em especial em firmas dessa natureza. Isso porque eles se mostram limitados para captar como o processo de inovação ocorre no interior das firmas. O fato de que o comprometimento empresarial deliberado com a atividade de inovação seja relativamente menor em firmas localizadas em economias emergentes não necessariamente implica a ausência de atividades inovadoras nas mesmas. Possivelmente, atividades inovadoras se desdobram de maneira diferente. Sua avaliação, portanto, requer o uso de outras medidas.  Este estudo tem como objetivo desenvolver um conjunto de novos indicadores de atividades inovativas que ampliem o escopo de análise dos indicadores tradicionais no interior das firmas e testá-los em um grupo de firmas da economia brasileira. Para se garantir a acurácia dos novos indicadores de atividades inovativas, a criação dos mesmos é teoricamente amparada por cinco correntes do pensamento econômico: a teoria clássica, a teoria neoclássica, a teoria schumpeteriana, a teoria coaseana da firma e a teoria evolucionária da mudança econômica. Propõe-se teoricamente um conjunto de 16 novos indicadores de inovação, agrupados em torno de quatro dimensões: empreendedorismo, estrutura, coordenação e valor. Para o teste e a validação dos novos indicadores, é realizado um estudo de casos múltiplos em sete firmas brasileiras. Em paralelo ao conjunto de novos indicadores de inovação, também são aplicados junto aos casos estudados quatro indicadores tradicionais, em vias de se ressaltar as especificidades que os novos indicadores permitem observar.  Evidências empíricas obtidas na pesquisa de campo referentes ao processo de inovação e ao desempenho inovativo dos casos estudados sugerem a existência de atividades inovadoras que extrapolam os aspectos capturados pelos indicadores tradicionais. Especificamente, observou-se a existência de atividades inovadoras e de desempenho inovativo intermediário nos casos estudados. Adicionalmente, as análises realizadas a partir do primeiro exercício de aplicação do conjunto de novos indicadores evidenciaram que 12 novos indicadores de inovação são acurados o suficiente para serem utilizados em pesquisas futuras e complementarem as análises antes embasadas somente nos indicadores tradicionais. Esses novos indicadores, em especial quando usados conjuntamente, permitem um entendimento mais detalhado da atividade de inovação no âmbito intraorganizacional.",nacional,4,0,0,0,0,0,nucleo,
Lume_UFRGS,oai:www.lume.ufrgs.br:10183/25196,"Rotinas, capacidades e inovação na vitivinicultura gaúcha",2010,por,"Alves, André Cherubini",Lume_UFRGS,geral,"Encontrar as razões que tornam as firmas bem-sucedidas em meio à grande competição está constantemente entre as motivações da agenda de pesquisa em administração. Capacidades e capacidades dinâmicas são frequentemente os termos utilizados na literatura para descrever, respectivamente, o que as firmas estão aptas a fazer e como elas buscam e implementam mudanças e inovações para criar e sustentar vantagem competitiva. Assim, é importante compreender de que forma as firmas se tornam capazes e quais são os diferentes caminhos para inovação. Porém os termos capacidades e inovação possuem ambigüidades. Segundo a literatura, as capacidades das firmas estão relacionadas às suas rotinas, um dos conceitos centrais da teoria evolucionária de Nelson e Winter (1982). Já a inovação é tratada, geralmente, sob a perspectiva de mudanças tecnológicas em produtos e processos, porém o conceito pode envolver outras perspectivas. O presente trabalho, a partir de um estudo de casos múltiplos, buscou verificar a relação existente entre rotinas, capacidades e inovação em duas empresas do setor vitivinícola gaúcho. Para tanto, foi desenvolvido um esquema analítico que integra a teoria de inovação de Schumpeter (1997), bem como a teoria econômica evolucionária de Nelson e Winter (1982).  Ademais, foi traçada uma evolução histórica do setor, visando compreender de que forma a indústria do vinho se desenvolveu e como se dá a competição nesse setor nos tempos atuais. As empresas escolhidas, situadas no Vale dos Vinhedos, na Serra Gaúcha, representam duas abordagens diferentes de competição e de busca por mudança e inovação observadas no setor do vinho mundial. De um lado, uma empresa de pequeno porte orientada por uma estratégia de produção e comercialização menos dinâmica, voltada para nicho semelhante às estratégias observadas nos países do Velho Mundo; de outro, uma empresa de grande porte que segue estratégias de produção e comercialização com forte orientação para o mercado, inovação e tecnologia semelhantes às estratégias frequentemente observadas em países produtores do Novo Mundo. O trabalho identificou e analisou as capacidades de Produção, Marketing e Pesquisa e Desenvolvimento de ambas as empresas por meio de uma visão baseada em rotinas, assim como os tipos de inovações implementadas pela empresa ao longo de sua trajetória.  Os resultados mostram que, embora o vinho seja uma das mais antigas bebidas do mundo com tradição – a qual exerce um papel importante na forma como o produto é elaborado e consumido – e as empresas estudadas concorram com dinâmicas diferentes, o desenvolvimento de capacidades e a busca por tipos diferentes de mudança e inovação foram necessários em ambos os casos para obter distinção no mercado.",nacional,2,0,0,0,2,0,contexto,
Lume_UFRGS,oai:www.lume.ufrgs.br:10183/25510,O conceito de affordance como estratégia generativa no design de produtos orientado para a versatilidade,2010,por,"Broch, José Carlos",Lume_UFRGS,geral,"Para a estruturação e qualificação do pensamento criativo alguns educadores sugerem a utilização de modelos de aprendizagem baseados na ampliação das capacidades associativas dos alunos. Neste cenário emerge a Teoria das Affordances como ferramenta, tanto para compreender como o indivíduo interage com os objetos, quanto para ampliar essa interatividade. Focando um design orientado para a ampliação da utilidade dos produtos, o presente estudo explora a aplicação da Teoria das Affordances como estratégia para identificar novas possibilidades de uso dos objetos e analisa como esta aplicação interfere no processo criativo de alunos de Design. O delineamento experimental baseou-se no Plano de Quatro Grupos, de Richard Solomon, e os participantes do estudo exploratório foram alunos de cursos de graduação em Design de quatro instituições privadas de ensino brasileiras.  A análise qualitativa e quantitativa dos dados sugere que a exploração de affordances em sala de aula, ao induzir a abstração, potencializa a emergência de alternativas de uso que, incorporadas ao processo de design, podem conferir versatilidade e aumentar as possibilidades de inovação na concepção de produtos. Os resultados da pesquisa deverão ser ainda ulteriormente confrontados com resultados de novos testes para que seja possível confirmar as hipóteses sobre a importância do uso de associações estruturadas (affordances) no ensino e no processo de design de produtos.",nacional,2,0,0,0,0,0,contexto,
Lume_UFRGS,oai:www.lume.ufrgs.br:10183/25817,Web 2.0 : uma análise evolucionária do seu impacto nas empresas a nível global,2010,por,"Valdez Montalván, Daniel Borja",Lume_UFRGS,geral,"O objetivo principal desta dissertação é analisar as tecnologias de aplicativos da Web 2.0, desde uma perspectivas evolucionária, e dos seus impactos nas empresas em nível global. Desta forma, para poder entender o seu nascimento, essência e importância econômica para as empresas, se tomou como base teórica o conceito evolucionário de revoluções tecnológicas e paradigmas tecno-econômicos, o qual serviu como modelo para interpretar a atual revolução das tecnologias de informação e comunicação (TIC) e seu conseqüente paradigma tecnoeconômico, e na qual se constatou que este grupo de tecnologias surgiu no período de tempo atual de dito paradigma conhecido como “intervalo de reacomodação” (turning point). Por outro lado, se ressaltou que uma das principais características no processo de difusão de cada paradigma tecno-econômico é o seu impacto na organização das empresas. Desta forma, a teoria evolucionária se apresentou como a abordagem adequada para entender tanto o caráter da empresa atual, entendida esta em termos do conjunto de suas rotinas (conhecimentos e habilidades), quanto as suas principais inovações organizacionais como respostas aos desafios apresentados pela própria difusão do paradigma tecno-econômico atual das TIC, na qual o acumulo permanente de novos conhecimentos e informações, isto é, de rotinas dinâmicas se tornam variáveis chaves para o próprio processo permanente de inovação, vital para as empresas.  Diante da crescente utilização das tecnologias de aplicativos da Web 2.0 entre as empresas a nível mundial como meios potenciais para atingir esses objetivos, o presente trabalho analisou o seu potencial para gerar de forma mais fluida novos conhecimentos e informações, isto é rotinas dinâmicas, tanto dentro da organização das empresas como na interação com os seus consumidores, refletindo-se, assim, no aumento de inovações permanentes de novos produtos e serviços.",nacional,2,0,0,0,0,0,contexto,
Lume_UFRGS,oai:www.lume.ufrgs.br:10183/25822,Gestão de risco : uma visão teórica da mitigação de riscos no ambiente corporativo,2010,por,"Santos, Regis da Silva dos",Lume_UFRGS,geral,"Este trabalho, de caráter exploratório-descritivo, versa sobre a gestão de risco, mostrando uma visão teórica da mitigação de riscos no ambiente corporativo. Inicialmente aborda os aspectos genéricos da variável risco e seu entorno, para, então, discorrer sobre o tema, mediante a apresentação de suas fases e dimensões, direcionando-se à governança e à gestão por processo de negócio. Esse referencial orienta-se à compreensão da visão sistêmica e da competitividade, à relevância de se explicitarem os processos e outras determinantes, como a cultura, os estímulos comportamentais e principais condutas empregadas no mercado futuro e de opções, pela seleção de derivativos. Os principais resultados remetem a excelência de metodologias, como fator-chave para o crescimento, por meio do uso de modelos consistentes, provenientes de instituições especializadas e da recomendação de profissionais, que dominam o assunto. O principal ganho verificado indica que o processo de gestão de risco deve ser incorporado à cultura organizacional, em sua totalidade, e que esse tipo de conhecimento se constrói por intermédio de ações conjuntas, instrumentos adequados, tecnologia e persistência à expertise requerida.",nacional,1,0,0,0,3,0,nucleo,
Lume_UFRGS,oai:www.lume.ufrgs.br:10183/26008,Análise das interações universidade-empresa em empresas incubadas e graduadas numa incubadora universitária de empresas,2010,por,"Oliveira, Aliomar Silva de",Lume_UFRGS,geral,"No contexto de universidade empreendedora, as incubadoras de empresas são um locus onde se acolhe empreendedores apoiando-os para que seus projetos tornem-se realidade através da constituição de pequenas empresas. Estar no ambiente de uma incubadora universitária de empresas significa estar próximo à universidade e tendo facilitado e estimulado o acesso e colaboração com a Academia. Se poderia questionar que efeitos o processo de incubação provoca na universidade que mantém uma incubadora de empresas e; por outro lado, que vantagens uma empresa nascente teria em estabelecer-se dentro de uma incubadora. Para subsidiar a análise dessas questões, o objetivo da presente pesquisa é analisar as interações universidade- empresa, em empresas incubadas e graduadas, que ocorrem no âmbito de uma incubadora universitária de empresas. Foi estudado o ambiente de incubação da Incubadora de Empresas de Base Tecnológica da UNISINOS, conhecida por UNITEC, através de coleta de dados via questionário submetido às empresas que estavam residentes na Incubadora no ano de 2009. Este estudo foi conduzido do ponto de vista da empresa que passa pelo processo de incubação, materializado na visão de seu empreendedor, sendo respondido por 15 empreendedores que representam 15 das empresas incubadas e graduadas residentes.  Os resultados obtidos permitiram identificar: as parcerias, a receita mensal regular das empresas incubadas, o baixo nível de endividamento, e a troca de informações técnicas com outras empresas, como efeitos do processo de incubação nas empresas. Também pemitiram identificar as palestras em sala de aula, as visitas de alunos nas empresas e a consultoria prestada por alunos, como principais efeitos na Universidade. Além disso, se pode identificar que as percepções dos executivos das empresas graduadas e incubadas, divergem na maioria das questões.",nacional,0,0,0,0,0,0,contexto,
Lume_UFRGS,oai:www.lume.ufrgs.br:10183/27181,"Inovação, aprendizado e desenvolvimento econômico : uma abordagem evolucionária sobre os impactos do comportamento inovativo das grandes empresas estrangeiras na indústria de transformação brasileira (1998-2005)",2010,por,"Pereira, Adriano José",Lume_UFRGS,geral,"A tese analisa o comportamento inovativo das grandes empresas da indústria de transformação brasileira, consideradas importantes agentes do desenvolvimento econômico, com ênfase no papel desempenhado pelas empresas estrangeiras. A partir de uma abordagem baseada na ―teoria econômica evolucionária‖, considera-se que as inovações (tecnológicas, organizacionais e institucionais) são um mecanismo fundamental do desenvolvimento econômico. Dessa forma, procurou-se identificar em que medida as grandes empresas estrangeiras da indústria de transformação brasileira têm se caracterizado como agentes do desenvolvimento econômico nacional, em função da histórica trajetória dependente da economia nacional em relação ao capital produtivo internacional. Com base nos dados da Pesquisa de Inovação Tecnológica (PINTEC-IBGE), foram elaborados indicadores sobre inovação (taxa de inovação, esforço inovativo, relações de cooperação, incentivos à inovação, responsabilidade pela inovação, fontes de informação, qualificação das pessoas ocupadas em P&D e problemas e obstáculos à inovação), a partir dos quais se fez uma análise comparativa acerca do comportamento inovativo das grandes empresas (500 e mais empregados), nacionais e estrangeiras, entre 1998 e 2005.  Com base nos indicadores analisados, verificou-se que as grandes empresas estrangeiras da indústria de transformação brasileira têm dado uma contribuição restrita ao desenvolvimento de inovações em território brasileiro. Além disso, os indicadores também demonstram que há uma influência reduzida, tanto de empresas nacionais como de estrangeiras, sobre o desenvolvimento do ―sistema nacional de inovações‖. Portanto, a atração de investimentos estrangeiros diretos não tem se caracterizado, na perspectiva ―evolucionária‖, como forma adequada ou suficiente de promoção do desenvolvimento econômico nacional. Como agravante, as ―estratégias seguidoras‖ das empresas nacionais têm amplificado os efeitos do comportamento inovativo das empresas estrangeiras.",nacional,4,0,0,0,0,0,nucleo,
OpenAlex,https://openalex.org/W4402977796,Innover socialement par le design et développer des compétences transformatives au lycée professionnel,2024,fr,"Émeline Roy, Christophe Moineau, Éric Tortochot",Nouveaux cahiers de la recherche en éducation,geral,"Cet article questionne l’intégration de pratiques d’innovation sociale par le design dans l’enseignement des arts appliqués dans le second degré. Ces pratiques, souvent qualifiées de design social, s’attachent à la résolution de problèmes sociaux et environnementaux par des approches centrées sur l’humain et la collaboration. De ce point de vue elles constituent une opportunité pour le développement de compétences transformatives. Ces compétences définies par l’OCDE pour le 21e siècle incluent en effet la créativité, la pensée critique, la résolution de problèmes, et la collaboration. Cet article étudie la transposition au lycée professionnel d’un dispositif pédagogique de master en design et innovation sociale à l’Université de Nîmes, explorant l’évolution de l’enseignement des arts appliqués pour mieux préparer les élèves à advenir au monde.",internacional,2,0,0,0,0,0,contexto,
OpenAlex,https://openalex.org/W4323350267,Analyse du processus de co-construction d’un centre social coopératif au prisme du paradigme de la transaction sociale,2023,fr,Lamia Bouadi,Pensée plurielle,economia_solidaria,"Pour notre recherche doctorale, nous avons suivi dans la ville de Saint-Denis (93) la dynamique de préfiguration d’un projet de centre social avec le statut inédit de Société coopérative d’intérêt collectif (SCIC) qui, contrairement aux traditions des Centres sociaux, n’est ni autonome (associatif), ni dépendant (municipal), ni social (guichet de prise en charge), mais partenarial (municipalité, associations, habitants) et entrepreneurial. Ce projet bouscule les pratiques traditionnelles en matière de prestation de services aux habitants et se construit dans la conflictualité : ce projet s’adosse à des dynamiques invisibles par les habitant.e.s et à des encouragements à la co-construction par les pouvoirs publics et la société civile. Le paradigme de la transaction sociale se révèle pertinent pour comprendre les enjeux importants dans ces séquences de négociation, d’échange et de compromis dans cette innovation sociale en France.",internacional,3,0,1,1,0,1,nucleo,
OpenAlex,https://openalex.org/W4386057618,"Las organizaciones comunales como gestoras de reactivación económica: mercados campesinos solidarios en el municipio El Playón, Santander, Colombia 2020",2023,es,"Unidad Administrativas Especial de Organizaciones Solidarias - UAEOS, Ana Beatriz Garzón Olaya, Ehyder Mario Barbosa Pérez, Unidad administrativa Especial de Organizaciones Solidarias – UAEOS, Dustin Tahisin Gómez Rodrí­guez, Universitaria Agustiniana  - Uniagustiniana",Revista CIRIEC Colombia,economia_solidaria,"""El objetivo general del artículo es caracterizar la experiencia de las organizaciones comunales como gestoras de la reactivación económica en el municipio El Playón, Santander, Colombia, haciendo uso de los mercados campesinos solidarios como estrategia enmarcada en los circuitos cortos de comercialización. La metodología utilizada es propia de la Unidad Administrativa Especial de Organizaciones Solidarias, complementada con un corte cualitativo y su método es de revisión documental. La principal conclusión es que los organismos comunales representan una alternativa para la generación de ingresos a las comunidades permitiendo también una reactivación económica de los territorios con la economía solidaria como marco conceptual.""",internacional,4,0,1,1,1,1,nucleo,
OpenAlex,https://openalex.org/W4327790616,Agroecología y circuitos cortos de comercialización,2023,es,"Dustin Tahisin Gómez Rodrí­guez, Ehyder Mario Barbosa Pérez",Cooperativismo & Desarrollo,economia_solidaria,"El objetivo general del presente escrito es describir las relaciones que existen entre la agroecología, la economía solidaria y su estrategia denominada Circuitos Cortos de Comercialización - CCC. La metodología es de corte cualitativo y el método es de revisión documental por matrices que plasma las divergencias y convergencias de los autores. La principal conclusión es que la sostenibilidad fuerte desarrollada por la agroecología en diálogo con los CCC establece espacios de resiliencias entre los sistemas socio ecológicos, así como las territorialidades y los territorios donde se fecunda. Estos enfoques reflejan transiciones socio ecológicas que se sintonizan con los ciclos de la vida. Precisamente, las interacciones con la naturaleza basadas en la sabiduría de las comunidades campesinas, afrodescendiente o indígenas abren la posibilidad de un planeta sostenible, ya que estas acciones repercuten en lo geopolítico, lo económico, lo social, lo tecnológico y ambiental.",internacional,4,0,1,1,0,1,nucleo,
OpenAlex,https://openalex.org/W4205342885,The Futures of Europe: Society 5.0 and Industry 5.0 as Driving Forces of Future Universities,2022,en,"Elias G. Carayannis, Joanna Morawska",Journal of the Knowledge Economy,economia_solidaria,"The concept of Society 5.0 and Industry 5.0 is not a simple chronological continuation or alternative to Industry 4.0 paradigm. Society 5.0 aims to place human beings at the midpoint of innovation, exploiting the impact of technology and Industry 4.0 results with the technological integration to improve quality of life, social responsibility and sustainability. This ground-breaking perspective has common points with the objectives of the United Nations Sustainable Development Goals. It also has major implication for universities transformations. Universities are called upon producing knowledge for new technologies and social innovation. In our paper, we argue that digitalisation opens new perspectives for universities and can become one of the main drivers of their change. Incorporating the assumptions of Society 5.0 and Industry 5.0 into the universities practices and policies will allow both universities and societies to fully benefit from digital transformation. Making the human-oriented innovation as the universities trademark and developing new cooperative models will also help to achieve sustainable priorities. The use of the Quintuple Helix Model (QHM) might foster the process of necessary transformations capacities as it integrates different perspectives and sets the stage for sustainability priorities and considerations. As far as the practical goal is concerned, the paper proposes a set of recommendations for universities aiming at developing new forms and channels of distribution of education, research and innovation within in the context of QHM and Society 5.0. We call them socially and digitally engaged model.",internacional,3,0,1,1,0,1,nucleo,
OpenAlex,https://openalex.org/W4310761311,"Entre patrimonialisation et innovation sociale, le collectif comme opérateur territorial de la transition : le cas du collectif de Chirols en Ardèche",2022,fr,"Flore Vigne, Pierre-Antoine Landel",Norois,geral,"Le présent article résulte d’un travail de recherche sur le devenir du patrimoine industriel dans les Monts d’Ardèche (Vigné, 2021). À partir d’une analyse d’un corpus de près de 700 sites, trois lieux sont identifiés car les porteurs de projet y sont explicitement engagés dans le développement d’innovations sociales. Sur l’un de ces sites, le moulinage de Chirols, la description des patrimoines mobilisés, des acteurs engagés et de leurs modes d’organisation, ainsi que des projets développés, interrogent le statut des collectifs impliqués en tant « qu’opérateur territorial de la transition ». En parallèle à une discussion sur les modalités d’ancrage territorial de ces innovations, l’article vérifie la capacité du porteur de projet, le Collectif du moulinage de Chirols à mettre en place des intermédiations entre des acteurs différenciés, entre des échelles d’intervention mais aussi entre l’histoire longue du territoire et l’action contemporaine. Ce faisant, il met en discussion l’hypothèse d’une patrimonialisation transformative de la trajectoire des territoires, qui mérite maintenant d’être confrontée à d’autres terrains d’étude.",internacional,3,0,0,0,1,0,nucleo,
OpenAlex,https://openalex.org/W4302299653,Design social et enseignement secondaire en France : l’émergence d’un design pédagogique ?,2022,fr,"Christophe Moineau, Émeline Roy, Éric Tortochot",Sciences du Design,geral,"Cet article propose d’aborder une pratique qui pourrait être qualifiée de « design pédagogique ». Dans la continuité des recherches anglo-saxonnes, le développement de la recherche francophone dans le courant des années 1990 a contribué à mettre en lumière des pratiques de design et d’enseignement du design dont l’objet n’est plus la création-conception d’artéfacts destinés à la société de consommation. L’étude de ces nouvelles pratiques conduit à de nouvelles définitions du design qui en questionnent les objectifs. En parallèle, ou conséquemment, des enseignements du design se sont développés pour former de futurs professionnels à ces nouvelles pratiques, mais également à destination d’élèves de lycée qui n’envisagent pas de devenir designers, afin de développer des compétences qui ne sont pas des compétences professionnelles de design. Ce qui est en jeu dans cet article, in fine , c’est le rapprochement entre certaines pratiques émergentes (innovation sociale par le design, design critique, design contextuel), mises en évidence par, ou issues de la recherche, et un design pédagogique prescrit en lycée professionnel en France. Pour réaliser ce rapprochement, une synthèse de recherches sur des pratiques de design à des fins pédagogiques met en regard les objectifs assignés et moyens alloués à l’enseignement et la pratique du design au lycée.",internacional,2,0,0,0,0,0,contexto,
OpenAlex,https://openalex.org/W4311160218,"Les living labs : une approche facilitant les innovations sociales, le développement des territoires et des communautés",2022,fr,"Arnaud Scaillerez, Steve Joncoux, David Guimont",Interventions économiques,geral,"01. Approches contextuelles et conceptuelles : innovation sociale, tiers-lieux, laboratoires vivants, territoires… Le développement des sociétés et des territoires pour améliorer la qualité de vie de leur population est lié en partie à leur capacité d’innovation pour identifier des problématiques, trouver des solutions appropriées et durables et faire face aux enjeux et défis contemporains. L’innovation sociale est plus spécifiquement essentielle à un développement centré sur les besoins des ...",internacional,3,0,0,0,0,0,nucleo,
OpenAlex,https://openalex.org/W4313440255,Coopérer avec méfiance : le système coopératif des bergers entre innovation sociale et développement rural,2022,fr,Domenica Farinella,Canadian journal of nonprofit and social economy research,economia_solidaria,"Dans le débat actuel, l’innovation sociale est analysée comme un outil politique utile pour renforcer le développement rural et contrecarrer la marginalisation dans les zones rurales. Dans ce contexte, il est nécessaire de valoriser la fonction sociale de l’agriculture en tant que productrice de valeurs hors marché et ancrées dans le territoire. La coopérative agricole peut être un vecteur d’innovation sociale et de développement rural dans les zones marginales en tant qu’organisation hybride qui, tout en s’inscrivant dans un contexte de marché et de profit, fonctionne selon une logique d’utilité sociale, orientée vers le soutien de ses membres et des communautés locales. Toutefois, il ne s’agit pas d’un processus automatique. Comment et pourquoi la coopération agricole émerge-t-elle et nperdure-t-elle sur un territoire? Quel est le rôle de la confiance? Dans quelle mesure les structures coopératives actuelles subissent-elles la dépendance au chemin emprunté? Comment les coopératives agricoles innovent-t-elles et quelles sont leurs limites? Cet article vise à répondre à ces questions à partir d’une étude de cas : le système coopératif de bergers sur une île rurale méditerranéenne.",internacional,4,0,1,1,0,1,nucleo,
OpenAlex,https://openalex.org/W4281672675,Innovation sociale et barrières institutionnelles : cheminer des acteurs externes vers les institutions,2022,fr,Mikael St-Pierre,Revue Organisations & territoires,geral,"L’innovation sociale suscite un intérêt grandissant de la part des administrations municipales. Or, l’adoption de processus d’innovation sociale par une organisation municipale comporte son lot d’ajustements auxarrangements institutionnels. Cet article s’intéresse au développement et à la promotion de processus d’innovation sociale par des acteurs non gouvernementaux à l’échelle municipale. L’objectif est d’identifier les barrières institutionnelles et bureaucratiques à l’innovation sociale, et d’offrir un cadre conceptuel aux praticiens faisant face à cet enjeu afin de favoriser le franchissement de ces barrières. Social innovation is attracting growing interest from municipal governments. However, the adoption of social innovation processes by a municipal organization involves adjustments to the institutional arrangements. This article focuses on the development and promotion of social innovation processes by municipal non-governmental actors. The objective is to identify the institutional and bureaucratic barriers to social innovation, and to offer a conceptual framework to practitioners facing this problem to help overcome these barriers.",internacional,2,0,0,0,0,0,contexto,
OpenAlex,https://openalex.org/W4310761286,Les tiers-lieux de transition sociétale en région ouest de la France : penser un « transitio-mètre » pour comprendre leurs effets transitionnels au niveau local,2022,fr,"Pascal Glémain, Valérie Billaudeau",Norois,geral,"Les « nouveaux » espace de travail que nombre d’acteurs, tels que : élus, citoyens, ou les gestionnaires de projets désignent par « tiers-lieux », apparaissent comme des nouveaux vecteurs de développement durable. Mais, pour d’autres, ces nouveaux espaces constituent une « innovation sociale », notion moins démodée que celle de « développement durable ». Pouvons-nous, dès lors, les considérer comme des opérateurs « de » transition afin de rompre avec ce qu’ils produisent en termes de modèles de développement local ? Pour les décideurs locaux, c’est une possibilité de relever les nouveaux défis des politiques publiques, y compris sur la question conjointe du social, de l’économique et de l’environnement. En première partie, nous tentons, au moyen d’une revue de la littérature, de définir ce que nous devons comprendre par « transition » dans le cas des tiers-lieux de Transition Sociétale (TLTS). En deuxième partie, après avoir présenté notre « transitio-mètre » comme un outil de gestion pour les TLTS, nous rendons compte de notre expérimentation sur les premiers espaces situés dans l’Ouest de la France.",internacional,3,0,0,0,0,0,nucleo,
OpenAlex,https://openalex.org/W4312969736,"La transition énergétique, entre expérimentation écologique et innovation sociale",2022,fr,"Anouk Bonnemains, Marie Emilie Forget, Maud Hirczak",Revue de géographie alpine,geral,International audience,internacional,2,0,0,0,0,0,contexto,
OpenAlex,https://openalex.org/W4293025101,Aspectos clave en agroproyectos con enfoque comercial: Una aproximación desde las concepciones epistemológicas sobre el problema rural agrario en Colombia,2022,es,Elvis Leonel Higuera Carrillo,Región Científica,economia_solidaria,"Los agroproyectos de inversión de economía solidaria se han convertido desde la última década en las herramientas Estatales y no Estatales para llevar desarrollo económico a las comunidades rurales de Colombia. El objetivo de este artículo es presentar una revisión bibliográfica de los agro-proyectos de economía solidaria en Colombia y los aspectos clave (economía solidaria, asociatividad y proyectos productivos), que inciden en la sostenibilidad en el tiempo de dichos proyectos. Se aplicó revisión documental en bases de datos como Proquest y Redylac, con el propósito de recopilar la información y datos de calidad sobre del estado del arte del objeto de estudio. Metodológicamente, se aplicó un análisis de enfoques y teorías epistemológicas con las que se ha abordado el problema agrario en Colombia. Se aborda inicialmente el concepto de agroproyecto definiéndolo en sus aspectos técnicos, económicos y administrativos, y diferenciándolo de otros tipos de organización agrícola convencionales, seguidamente se abordan elementos como la economía solidaria, los proyectos productivos y la asociatividad, a la luz del tratamiento epistemológico los autores analizados.",internacional,2,0,1,1,0,1,nucleo,
OpenAlex,https://openalex.org/W4281765717,Política pública en la pandemia desde la economía solidaria: circuitos cortos de comercialización-c.c.c. en Colombia (2020-2021),2022,es,"Beatriz Garzón Olaya, Ehyder Mario Barbosa Pérez, Dustin Tahisin Gómez Rodrí­guez",Apuntes de economía y sociedad,economia_solidaria,"El objetivo general del artículo es caracterizar la estrategia denominada Circuitos Cortos de Comercialización (C.C.C.) en el territorio y las territorialidades colombianas, como un enfoque de política pública para contrarrestar los efectos de la pandemia en el período 2020-2021, fortaleciendo así la Agricultura Campesina Familiar y Comunitaria desde la economía solidaria. La metodología es de corte cualitativo. En un primer momento se realiza una revisión documental por matrices para identificar asimetrías y simetrías entre los autores. En un segundo momento se complementa con la información de las fases de promoción y fortalecimiento de los Mercados Campesinos Solidarios (C.M.S.) y las Compras Públicas Locales (C.P.L.) promovidas por la Unidad Administrativa Especial de Organizaciones Solidarias (UAEOS), entidad rectora de la economía solidaria en el Estado colombiano. La principal conclusión es que los Circuitos Cortos de Comercialización son una alternativa viable para la inclusión y empoderamiento de la Agricultura Familiar en diferentes mercados, en virtud de que promueve la producción asociada, sostenible, propia y justa. Sus diferentes modalidades de venta contribuyen en la promoción del acceso de las organizaciones solidarias. En particular, los M.S. y las C.P.L. han sido política pública del Estado colombiano, que desde la economía solidaria ha coadyuvado a enfrentar los efectos adversos de la pandemia.",internacional,4,0,1,1,1,1,nucleo,
OpenAlex,https://openalex.org/W4317878222,Inteligencia artificial y desarrollo sostenible del turismo,2022,es,"Cristina Gallego Gómez, Laura Vaquero Frías",ESIC MARKET Economic and Business Journal,geral,"Objetivo e interés del trabajo: Este estudio se centra en la aplicación de la inteligencia artificial en el sector del turismo para mejorar la experiencia del consumidor de manera significativa a través del trabajo que desarrollan las distintas organizaciones para aumentar la innovación social. El objetivo que persigue el estudio es, por un lado, presentar un análisis de la literatura para determinar buenas prácticas en el sector, y por otro, analizar datos acerca del sector turístico basados en modelos de colaboración entre Administración, Universidades y Estado para el fomento de la innovación en la apuesta de modelos sostenibles.Diseño de la metodología: Se realiza un análisis de experiencias que demuestran que existen prácticas colaborativas promovidas por distintas instituciones públicas y privadas para fomentar el uso de la tecnología en el sector del turismo. Para conocer información sobre las iniciativas se ha realizado una recopilación de fuentes secundarias.Resultados: El trabajo demuestra que el tema es de interés para comunidad científica y recopila las prácticas en España ligadas al interés de organismos que apuestan por nuevas iniciativas que ayuden a la competitividad del turismo en España, siendo incipiente el uso de la inteligencia artificial en la realidad del sector.Implicaciones prácticas: Las nuevas tendencias en tecnología se están aplicando en la recuperación creciente y sostenible del turismo a largo plazo tras las cifras que ha dejado la pandemia del COVID-19. Esto es fruto de una nueva corriente de pensamiento que pone de manifiesto la cooperación para el progreso social.",internacional,1,0,0,0,0,0,contexto,
OpenAlex,https://openalex.org/W3136594673,Our future in the Anthropocene biosphere,2021,en,"Carl Folke, Stephen Polasky, Johan Rockström, Victor Galaz, Frances Westley, Michèle Lamont, Marten Scheffer, Henrik Österblom, Stephen R. Carpenter, F. Stuart Chapin, Karen C. Seto, Elke U. Weber, Beatrice Crona, Gretchen C. Daily, Partha Dasgupta, Owen Gaffney, Line Gordon, Holger Hoff, Simon A. Levin, Jane Lubchenco, Will Steffen, Brian Walker",AMBIO,geral,"The COVID-19 pandemic has exposed an interconnected and tightly coupled globalized world in rapid change. This article sets the scientific stage for understanding and responding to such change for global sustainability and resilient societies. We provide a systemic overview of the current situation where people and nature are dynamically intertwined and embedded in the biosphere, placing shocks and extreme events as part of this dynamic; humanity has become the major force in shaping the future of the Earth system as a whole; and the scale and pace of the human dimension have caused climate change, rapid loss of biodiversity, growing inequalities, and loss of resilience to deal with uncertainty and surprise. Taken together, human actions are challenging the biosphere foundation for a prosperous development of civilizations. The Anthropocene reality-of rising system-wide turbulence-calls for transformative change towards sustainable futures. Emerging technologies, social innovations, broader shifts in cultural repertoires, as well as a diverse portfolio of active stewardship of human actions in support of a resilient biosphere are highlighted as essential parts of such transformations.",internacional,2,0,0,0,0,0,contexto,
OpenAlex,https://openalex.org/W3193630181,IoT for Smart Cities: Machine Learning Approaches in Smart Healthcare—A Review,2021,en,"Taher M. Ghazal, Mohammad Kamrul Hasan, Muhammad Turki Alshurideh, Haitham M. Alzoubi, Munir Ahmad, Syed Shehryar Akbar, Barween Al Kurdi, Iman Akour",Future Internet,geral,"Smart city is a collective term for technologies and concepts that are directed toward making cities efficient, technologically more advanced, greener and more socially inclusive. These concepts include technical, economic and social innovations. This term has been tossed around by various actors in politics, business, administration and urban planning since the 2000s to establish tech-based changes and innovations in urban areas. The idea of the smart city is used in conjunction with the utilization of digital technologies and at the same time represents a reaction to the economic, social and political challenges that post-industrial societies are confronted with at the start of the new millennium. The key focus is on dealing with challenges faced by urban society, such as environmental pollution, demographic change, population growth, healthcare, the financial crisis or scarcity of resources. In a broader sense, the term also includes non-technical innovations that make urban life more sustainable. So far, the idea of using IoT-based sensor networks for healthcare applications is a promising one with the potential of minimizing inefficiencies in the existing infrastructure. A machine learning approach is key to successful implementation of the IoT-powered wireless sensor networks for this purpose since there is large amount of data to be handled intelligently. Throughout this paper, it will be discussed in detail how AI-powered IoT and WSNs are applied in the healthcare sector. This research will be a baseline study for understanding the role of the IoT in smart cities, in particular in the healthcare sector, for future research works.",internacional,2,0,0,0,0,0,contexto,
OpenAlex,https://openalex.org/W3204882968,EDUCAÇÃO PROFISSIONAL E TECNOLÓGICA NO BRASIL NO SÉCULO XXI,2021,pt,"Francisco das Chagas Silva Souza, Olívia Morais de Medeiros Neta",Educação Profissional e Tecnológica em Revista,inovacao_instituto_publico,"A Lei nº 11.892/2008, que criou no Brasil a Rede Federal de Educação Profissional, Científica e Tecnológica e, compondo esta estavam os Institutos Federais de Educação, Ciência e Tecnologia, cujas bases remontam as Escolas de Aprendizes Artífices, criadas em 1909. Neste contexto, o objetivo do artigo foi analisar a criação e expansão dos Institutos Federais de Educação Ciência e Tecnologia. A partir de análise documental, discussões bibliográficas e conceituais discorremos sobre a criação e expansão da Rede Federal de Educação Profissional, Científica e Tecnológica, apresentando seus objetivos e análises acerca desta e, tratamos dos dilemas e dos impasses que envolvem a expansão e trajetória dos Institutos Federais em fins da segunda década do século XXI no Brasil. Concluímos que a expansão propiciou a inclusão social e desenvolvimento humano em áreas do território brasileiro até então marginalizadas e que limites como a formação de professores para atuar nessa modalidade de ensino; prática de um currículo que integre o ensino médio à educação profissional estão presentes no processo de expansão dos Institutos Federais de Educação, Ciência e Tecnologia.",nacional,4,0,0,1,0,1,nucleo,
OpenAlex,https://openalex.org/W3123669694,Quand l’innovation sociale réoriente l’innovation technologique dans les systèmes agroalimentaires : le cas des chaînes locales autour des blés,2021,fr,"Yuna Chiffoleau, Anaïs Echchatbi, Johanne Rod, Lucille Gey, Grégori Akermann, Dominique Desclaux, Gwénaëlle Jard, Myriam Kessari, Kristel Moinet, Juliette Peres, Marie‐Hélène Robin, Marie‐Françoise Samson",Innovations,geral,"Le verrouillage technologique des filières blés a suscité, dans la période récente, l’émergence d’alternatives qui prennent aujourd’hui une nouvelle dimension au regard des préoccupations des consommateurs vis-à-vis du gluten. Basé sur une recherche-intervention en Occitanie et une étude menée à l’échelle nationale, cet article propose une approche interdisciplinaire et systémique du développement des chaînes locales autour des blés. Il montre comment des agriculteurs et des artisans portent des innovations sociales qui réorientent l’innovation technologique vers un nouveau système agroalimentaire prenant en compte de nouveaux indicateurs de richesse. Tout en prenant place dans les travaux sur le changement d’échelle des circuits courts alimentaires, il appelle ainsi à approfondir le couplage entre innovation sociale et innovation technologique dans l’histoire et la transition des systèmes agroalimentaires. Code JEL : Q13",internacional,2,0,0,0,0,0,contexto,
OpenAlex,https://openalex.org/W3165281582,Ethnographie classificatoire de la participation citoyenne en santé : une innovation sociale majeure ? Le programme Ciné ma santé des quartiers nord de Toulouse (France),2021,fr,"Jean-Charles Basson, Jean‐Paul Génolini",Innovations,geral,"Présentée comme une innovation sociale majeure, la participation citoyenne en santé est couramment sollicitée pour animer le volet sanitaire de la politique de la Ville auprès des populations paupérisées. Ainsi donne-t-elle corps à une multitude de formes et de pratiques dont nous tentons de dresser la typologie en recourant à l’ethnographie empirique fouillée, et menée pendant une durée de dix ans, d’un programme d’éducation à la santé structurant les activités de l’Atelier santé ville des quartiers nord de Toulouse (France). Quatre modalités différentes de participation se dégagent alors. Nous choisissons de les étalonner à l’échelle élaborée par Arnstein afin d’en faire apparaître la gradation en termes de pouvoir(s). Il en ressort que, si le dispositif est susceptible de faire l’objet d’une forme d’appropriation, éventuellement politique, par des acteurs sociaux d’origine populaire, il reste fortement cadré et largement soumis aux aléas de l’engagement des institutions publiques en matière de santé. Code JEL : I18",internacional,2,0,0,0,0,0,contexto,
OpenAlex,https://openalex.org/W4200563293,Innovation sociale transformatrice et gestion de la première vague de la Covid-19 : quelles leçons pour le management de crise et de post-pandémie ?,2021,fr,Elda Nasho Ah‐Pine,Innovations,geral,"Face aux difficultés des pouvoirs publics à relever seuls les nombreux défis sanitaires et socio-économiques liés à la gestion de la Covid-19, des mobilisations exceptionnelles en termes de réactivité, coopération et ressources, se sont multipliées à différents niveaux. Afin de réfléchir à un modèle possible pour le management en situation de crise et de post-pandémie, l’article propose de mobiliser les critères de l’innovation sociale (IS) transformatrice hors crise. Après avoir opérationnalisé ces critères, nous les appliquons de façon comparative à des études de cas exploratoires d’actions émergentes, dans quatre pays réputés pour leur gestion de la première vague de la pandémie : Corée du Sud, Taiwan, Chine, Allemagne. Enfin opérant une comparaison avec le concept voisin de la résilience des individus, nous contribuons à la littérature encore rare sur l’IS en situation de crise, grâce à une réflexion sur le potentiel transformatif d’actions entreprises dans ce type de contexte. Code JEL : O350",internacional,2,0,0,0,0,0,contexto,
OpenAlex,https://openalex.org/W3176504452,L’action communautaire autonome et son potentiel transformationnel dans les territoires.,2021,fr,"Marco Alberio, Ophélie Couspeyre, Érick Plourde",Canadian journal of nonprofit and social economy research,geral,"Cet article prend la forme d’un dialogue entre un représentant du milieu de la recherche (Marco Alberio, titulaire de la Chaire de recherche du Canada en innovation sociale et développement des territoires) et deux représentants du milieu de la pratique (Ophélie Couspeyre, agente de recherche, Table nationale des corporations de développement communautaire et Érick Plourde, Directeur général, Corporation de développement communautaire de Lévis. Reprenant certains points qui ont émergé lors d’une journée de réflexion ayant eu lieu en octobre 2020, l’objectif de ce dialogue était de discuter de la pratique d’une action communautaire autonome (surtout à travers la voix des protagonistes mêmes ) dans un contexte social, économique et politique en fort transformation et pas seulement à cause de la pandémie.",internacional,3,0,0,0,0,0,nucleo,
OpenAlex,https://openalex.org/W3123188204,"Circuits courts, relocalisation et changement social : l’exemple d’un marché de producteurs dans la Drôme",2021,fr,"Matthieu Duboys de Labarre, Jean-Loup Lecoeur",Innovations,geral,"Cet article propose d’analyser les circuits courts au prisme de l’innovation sociale. Il s’appuie sur une étude de cas (un marché de producteurs biologiques) réalisée dans le cadre du programme Strenght2Food. Sa méthodologie mêle approche qualitative (entretiens semi- directifs et observations) et quantitative (questionnaires). En prolongeant les pistes ouvertes par la littérature, nous questionnons l’articulation entre agriculture, alimentation et innovation sociale. Nous utilisons la notion de délocalisation développée par Anthony Giddens, pour interpréter le contexte dans lequel s’inscrit l’expérience des producteurs et des consommateurs. Nous retraçons d’abord l’historique de cette initiative. Puis nous décrivons les spécificités des acteurs de ce marché. Nous caractérisons ensuite sa nature innovante. Enfin, nous revenons sur la potentialité de transformation sociale dont il serait porteur. Codes JEL : O35, Q12, D91",internacional,2,0,0,0,0,0,contexto,
OpenAlex,https://openalex.org/W3206679250,Résumé de thèse. La conception du travail en horaires atypiques : une démarche d’innovation sociale conduite en milieu hospitalier,2021,fr,Marlène Cheyrouze,Activites,geral,"La conception des temps de travail peut être considérée comme une innovation sociale dans les solutions retenues et dans leur processus de création. Portant le point de vue de l’ergonomie, cette thèse propose une démarche de conception du travail en horaires atypiques. Conduite en milieu hospitalier, cette démarche est une opportunité d’engager la diversité des acteurs dans une réflexion collective sur les conditions et les règles du travail concerné.",internacional,2,0,0,0,0,0,contexto,
OpenAlex,https://openalex.org/W3155120436,Le mouvement d’éducation populaire entre innovation sociale et innovation financière : l’exemple des fédérations de centres sociaux,2021,fr,André Decamp,RECMA,geral,"La rubrique « Varia » accueille des études ou des recherches en cours sur l'économie sociale ou ses composantes présentant des monographies d'entreprises ou de territoires, des données ou des enquêtes inédites, des parcours de vie, des points de vue originaux, des entretiens avec des auteurs ou des acteurs remarquables, etc. Les textes, courts (entre 5 000 et 20 000 signes), sont publiés sur décision de la rédaction après avis favorable de deux relecteurs, hors procédure d'évaluation en double aveugle.",internacional,3,0,0,0,0,0,nucleo,
OpenAlex,https://openalex.org/W4286950338,Le partenariat de soins : une évidence écosystémique ! Le cas du Réseau Santé Région Lausanne,2021,fr,Philippe Anhorn,Zenodo (CERN European Organization for Nuclear Research),geral,"Résumé Pourquoi et comment déployer le partenariat de soins entre patient-e-s et professionnel-le-s au sein du système régional de santé ? De plus en plus, on donne la parole aux patient-e-s. C’est très bien ! Et de plus en plus, les patient-e-s âgé-e-s, les malades chroniques et leurs proches nous disent : « Je ne veux pas refaire plusieurs fois les mêmes examens, ni raconter inlassablement mon parcours à des nouvelles personnes ! » « J’aimerais que le médecin de ma mère ait accès à tous ses traitements, et qu’il puisse les coordonner ». « J’ai rédigé un projet de soins anticipé, mais comment être sûr qu’il sera respecté si je perds mon discernement ou si je suis admis aux urgences ? » Et alors ? Pourra-t-on encore longtemps leur répondre : « Désolé, mais ça ne va pas être possible » ? « Chaque structure de soins fonctionne avec ses propres règles, ses processus, son financement et ses tarifs ; impossible à coordonner davantage » ? « Nous travaillons depuis 25 ans sur le dossier électronique du patient mais ça ne marche toujours pas… » ? En Suisse, l’un des pays les plus riches du monde, les soins sont globalement d’excellente qualité. Mais leur coordination reste très aléatoire. Au nom de la liberté de choix, une majorité politique favorable à une responsabilité individuelle accrue plutôt qu’à toute régulation étatique supplémentaire s’évertue à garder bien étanches les frontières entre chaque acteur du système de santé, veillant surtout à ce que chacun d’entre eux soit profitable ! Ces personnes ne voient pas le système de santé suisse comme un bien commun qu’il faut aménager au plus près des besoins des patient-e-s et de la population, mais comme une collection de tiroirs-caisses. Le système régional de santé, tel un écosystème d’affaires, doit pourtant prendre en compte les besoins de ses « client-e-s ». Nous avons conduit une recherche-intervention sur l’introduction d’une innovation clinique et sociétale au sein du Réseau Santé Région Lausanne, et mené deux enquêtes auprès des acteurs régionaux afin de connaître leurs positions et attentes sur le partenariat de soins. Nos résultats apportent aux instances politiques, aux dirigeant-e-s des institutions de santé – publiques ou privées – ainsi qu’à tou-te-s les professionnel-le-s de la santé, des arguments et recommandations pour inclure le partenariat dans leurs stratégies respectives. Ou mieux : pour élaborer une stratégie commune en la matière. Sans oublier d’y associer les patient-e-s et leurs représentant-e-s ! Mots-clés : partenariat de soins / patient-partenaire / management de la santé / systèmes de santé / écosystèmes d’affaires / coordination des soins / soins intégrés / innovation sociale / soins anticipé Abstract Why and how can the patient partnership be implemented within the regional health system? More and more, patients are being given a voice. This is good news! And more and more elderly patients, chronically ill patients and their relatives are telling us: ""I don't want to go through the same tests again and again, nor do I want to keep telling new people about my healthcare journey! ""I would like my mother's doctor to have access to all her treatments and to be able to coordinate them"". ""I have written an advance care plan, but how can I be sure that it will be respected if I lose my judgement or if I am admitted to the emergency room?"" So what? How much longer can we answer: ""Sorry, but that's not going to be possible""? ""Each care provider operates with its own rules, processes, funding and fees; impossible to coordinate further""? ""We have been working for 25 years on the electronic patient file but it still doesn't work...""? In Switzerland, one of the richest countries in the world, health care is generally of excellent quality. But its coordination remains very uncertain. In the name of freedom of choice, the political majority defends increased individual responsibility rather than any additional state regulation, and strives to keep the boundaries between each provider in the health system tightly sealed, ensuring above all that each of them is profitable! These people do not see the Swiss health system as a common good that must be tailored to the needs of patients ant population, but as a collection of cash drawers. The regional health system, like a business ecosystem, must however take into account the needs of its ""clients"". We conducted a research-intervention on the introduction of a clinical and societal innovation within the Réseau Santé Région Lausanne, and carried out two surveys among regional actors in order to find out their positions and expectations regarding the patient partnership. Our results provide political authorities, managers of health institutions - public or private - as well as all health professionals with arguments and recommendations for including patient partnership in their respective strategies. Or better still: to develop a common strategy in this area. Not forgetting to involve patients and their representatives! Keywords: patient partnership / patient centered / healthcare management / business ecosystems / health managed organization / healthcare integration / social innovation / advance care planning",internacional,2,0,0,1,1,2,contexto,if I lose my judgement or if I am admitted
OpenAlex,https://openalex.org/W3160732997,Les systèmes d’échange local dans les Municipalités Amies des Aînés : une initiative favorisant le « vieillir chez soi »,2021,fr,"François Racicot-Lanoue, Nicolas Goudreault, Fanny Larocque-Tourangeau, Suzanne Garon",Enfances Familles Générations,geral,"Cadre de la recherche : Parallèlement à l’augmentation des besoins liés au vieillissement de la population, ainsi qu’à la diminution de l’autonomie fonctionnelle inhérente au processus normal de l’avancée en âge, le « vieillir chez soi » de bien des aînés est fragilisé. Or, une majorité d’entre eux souhaitent vivre dans leur logement le plus longtemps possible. Face à ces enjeux, les initiatives gouvernementales telles que le programme Municipalités amies des aînés (MADA) et les autres services de proximité s’avèrent insuffisants. Tout en facilitant le maillage et la réalisation des actions de ces derniers, les systèmes d’échange local (SEL) constituent une innovation sociale susceptible de faciliter le « vieillir chez soi » des aînés. Objectif : Proposer une conciliation originale entre les SEL et le programme MADA aux fins de faciliter le « vieillir chez soi » des aînés. Méthodologie : Cet article offre une réflexion innovante sur l’association entre les SEL et le programme MADA en l’appliquant sur des microterritoires vécus et en explorant le rôle des parties prenantes locales. Résultats : Une subdivision en microterritoires « vécus » permettrait de répondre à des besoins plus précis et représentatifs de la population tout en interpellant plus facilement les parties prenantes locales. Ces dernières peuvent soutenir les activités des SEL, entre autres en s’impliquant au sein du comité de pilotage MADA. Conclusions : Une collaboration serait envisageable entre les comités de pilotage MADA et les parties prenantes locales à l’intérieur des SEL sur des microterritoires vécus afin de favoriser le « vieillir chez soi » des aînés. Contribution : En plus de favoriser le « vieillir chez soi » des aînés, la mise en place des SEL pourrait permettre de briser leur isolement, de rehausser les liens intergénérationnels et favoriser l’inclusion sociale de l’ensemble des acteurs conviés à l’occasion de ses activités.",internacional,3,0,0,1,0,1,nucleo,
OpenAlex,https://openalex.org/W3165708097,Ancrage des pratiques d’innovation sociale dans les entreprises marocaines : Exploration par études de cas,2021,fr,"Abderrahman Messaoudi, Oualid Benalla, Youssef Karim Lahlimi",Alternatives Managériales Economiques,geral,"Le présent article vise à favoriser la compréhension de la notion d’innovation sociale par rapport aux pratiques de la gestion des ressources humaines, ensuite, présenter à titre d’illustration les pratiques d’innovation sociale adoptées par les entreprises sollicitées dans le contexte marocain. Par innovation sociale, nous entendons, à l’instar de Bouchard (1999), « toute nouvelle approche, pratique ou encore tout nouveau produit mis au point pour améliorer une situation ou résoudre un problème social et ayant trouvé preneur au niveau des institutions, des organisations, des communautés ». Par ailleurs, il est inusité où les chercheurs s’attardent pour l’incorporer dans un cadre théorique adéquat qui permettrait de l’appréhender. Le passage par une étude empirique qualitative, est donc une locomotive impérative, afin de charpenter et aiguiser notre compréhension quant au sujet traité. Selon Yin, (2017) la méthode de l’étude de cas peut être utilisée afin d’expliquer, de décrire ou d’explorer des évènements ou des phénomènes complexes et/ou nouveaux dans leur contexte réel. A cet égard, nous tenons à préciser que notre recherche se fonde sur une étude exploratoire des cas multiples avec la conduite des entretiens comme stratégie d’accès aux données primaires dans une perspective de répondre à la problématique suivante : « Comment se présente l’innovation sociale au sein des entreprises pratiquantes au Maroc ? » Malgré de telles avancées, notre étude ne permet cependant pas de généraliser nos résultats au large du contexte marocain, d’autant que c’est une étude qualitative visant l’exploration d’un phénomène émergent.",internacional,2,0,0,0,0,0,contexto,
OpenAlex,https://openalex.org/W3157999552,ADAM,2021,fr,"Stéphane Trébucq, Elisabetta Magnaghi",Recherche et Cas en Sciences de Gestion,geral,"Lauréat de nombreux prix en responsabilité et innovation sociale, ADAM est une PME d’une cinquantaine de salariés, spécialisée dans la fabrication de packagings pour le secteur des vins et spiritueux. Implantée dans la région bordelaise, avec un autre site de production à Reims, sa proximité avec la forêt des Landes est un atout majeur. Elle tente toutefois de se différencier, face à une concurrence agressive de pays étrangers. En 2014, son dirigeant a souhaité s’engager plus avant en publiant un premier rapport RSE. L’évaluation ISO 26000 et la possibilité d’un passage à un rapport intégré pourraient constituer les prochaines étapes envisagées.",internacional,2,0,0,0,0,0,contexto,
OpenAlex,https://openalex.org/W4285311970,Transition du tourisme et improvisation. (Anti)-innovations sociales dans les vallées de la Valpelline et d’Ollomont (Vallée d’Aoste),2021,fr,"Yann Borgnet, Mathieu Le Touzé",Géocarrefour,geral,"L’analyse de l’itinéraire de l’association NaturaValp dans la Valpelline (Vallée d’Aoste) met en lumière l’importance de l’improvisation, dans les contextes d’émergence de la transition. La construction progressive d’une innovation sociale de niche est dépendante de nombreuses interactions, dont certaines ne lui sont pas favorables. Si le régime socio-politique impose des résistances au changement, l’innovation sociale peut rapidement devenir une anti-innovation, par le fait d’associations ou interactions subies. Dans notre étude de terrain, la niche et le régime représentent deux modèles touristiques distincts en termes d’emprises spatiales, de temporalité, de logique de construction et en raison des rôles divers joués par les acteurs impliqués. Nous mettons en évidence le fait qu’une forme de tourisme « par scalabilité » se réfère largement au régime socio-politique, par sa capacité à s’imposer quelles que soient l’échelle et le contexte, contrairement à une forme de tourisme « par contamination », qui se compose par élargissement relationnel et est intimement lié à la valorisation de ressources spécifiques.",internacional,2,0,0,0,0,0,contexto,
OpenAlex,https://openalex.org/W3176923272,Economía Social y Economía Solidaria: un análisis bibliométrico y revisión de literatura,2021,es,"Pedro Duque, Oscar Eduardo Meza, José David Giraldo Castellanos, Karol Barreto",REVESCO Revista de Estudios Cooperativos,economia_solidaria,"Since the end of the 20th century, the social economy and the solidarity economy have represented an alternative economic model in constant evolution, aimed at generating profits with social impact criteria, addressing inequality, the democratization of resources, and the primacy of people over the capital. Due to the growing interest and relevance of the topic, this study aims to contribute to the knowledge of this area, based on an analysis and review of the literature registered in the WoS and Scopus databases between 2000 and 2020, using bibliometric methods and tools. The main approaches, schools, authors, journals, countries, and institutions in this field were identified from a scientific mapping. The most relevant documents were classified into three categories, classical, structural, and perspectives, represented through the metaphor of the tree of science. The main research fronts in the area, social entrepreneurship, community development and sustainability, and social economy in emerging countries, were determined. Finally, an agenda for future studies.",internacional,3,0,1,1,0,1,nucleo,
OpenAlex,https://openalex.org/W3178198767,Innovación social: ¿Nueva cara de la responsabilidad social? conceptualización crítica desde la perspectiva universitaria,2021,es,Jorge Alberto Vargas-Merino,,geral,"Understanding social innovation is a complex, multi-conceptual and dynamic task. The growing interest in different groups, perspectives and disciplines can be evidenced, to unravel its theoretical and conceptual distinction, since there is a wide variety of definitions that qualify it as ambiguous due to its very multidisciplinary nature. social responsability? Therefore, this article seeks to analyze, elucidate and understand the complexity of the definition of social innovation and the role that this would be forging from the University, through exploratory reviews that allow synthesizing the existing evidence and applying criteria for evaluating the quality of the documents. found. Among the results, it stands out that the management of the companies is not consistent with their mission and vision, seeking only an increase in their reputation with palliative actions. It can be concluded that social innovation is a diffuse, ambiguous and multivariate term, however, there is consensus regarding the attention to unmet social and environmental needs and its contribution to improving the quality of life, from a technical as well as an applied approach, with proactive and lasting solutions, demanding the participation of the university from its core task: Research.",internacional,3,0,0,0,0,0,nucleo,
OpenAlex,https://openalex.org/W4200083512,La economía solidaria como dinamizadora del desarrollo rural y de la construcción de la paz en Colombia,2021,es,"Dustin Tahisin Gómez Rodrí­guez, Ehyder Mario Barbosa Pérez, Óscar Misael Merchán Hernández",Revista Iberoamericana de Economía Solidaria e Innovación Socioecológica,economia_solidaria,"El dialogo entre saberes posibilita mayor dinamismo para solucionar la complejidad de la realidad en este caso específico en la lectura del desarrollo rural como construcción de la paz desde la óptica de la economía solidaria en Colombia. Precisamente, los cambios sociodemográficos, sociopolíticos como socioeconómicos de la sociedad colombiana, urge el análisis interdisciplinario de saberes para así poder potenciar el desarrollo económico rural del país y potencializar el tejido social resquebrajado por 60 años de conflicto armado .La metodología es de corte cualitativa con el método de revisión documental en los primeros apartados como en la discusión y en los resultados se hace un análisis correlacional entre variables teniendo como derrotero la metodología cuantitativa. La principal conclusión es que el fortalecimiento de las organizaciones solidarias en el territorio podría apalancar el crecimiento económico regional teniendo un impacto en el mejoramiento de calidad de vida, tanto de las personas vinculadas a dichas organizaciones, como de las zonas en las que se localizan.",internacional,4,0,1,1,0,1,nucleo,
OpenAlex,https://openalex.org/W3209847376,"Contabilidad popular. Sentidos y experiencias en organizaciones sociales y comunitarias de la vereda Granizal (Bello, Antioquia, Colombia)",2021,es,"Yuliana Gómez Zapata, Natalia Gallón Vargas, María Alejandra Rodríguez Triana, Leidy Jhojana Usma Zuleta",Innovar,economia_solidaria,"La contabilidad popular se propone desde la educación popular como posibilidad de construcción de prácticas y procesos contables en las organizaciones sociales, comunitarias y de economía solidaria y alternativa, en contraposición a la concepción bancaria de la práctica contable. El objetivo de este artículo es significar la sistematización de la experiencia de contabilidad popular con siete organizaciones sociales y comunitarias de la vereda Granizal, ubicada en el municipio de Bello (Antioquia, Colombia), y presentar los sentidos y lugares de la contabilidad popular en ellas como una práctica pedagógico-política. Esta investigación tiene un enfoque cualitativo desde el paradigma sociocrítico, un método de investigación-acción y marcos sociales de interacción que posibilitan la conversación y la acción. Desde la contabilidad popular se piensan y se resignifican las prácticas contables de las organizaciones sociales y comunitarias a partir del contexto, la vivencia y la construcción colectiva y solidaria. Se concluye que los sentidos de la contabilidad popular en estas organizaciones se evidencian en el reconocimiento y proceso de concienciación de su accionar, de los recursos que se tienen, su uso, asignación de valor y en la autogestión como acción que incluye prácticas solidarias, de intercambio y de apoyo colectivo y comunitario.",internacional,3,0,1,1,0,2,nucleo,
OpenAlex,https://openalex.org/W3160573886,Medir la capacidad de innovación social en organizaciones complejas del tercer sector,2021,es,"José Hernández Ascanio, Jaime Aja Valle, Ramón Rueda López, Miguel Jesús Medina‐Viruel",Empiria Revista de metodología de ciencias sociales,geral,"La innovación social es una cuestión que en las últimas décadas ha adquirido un interés creciente por parte tanto del mundo académico como por parte de actores sociales que prestan atención a la cobertura de necesidades y demandas sociales. Sin embargo, la innovación social plantea problemas en la construcción de su corpus teórico (en lo relativo a fundamentos de carácter conceptual y metodológico) que se traduce en dificultades de carácter praxeológico. Contribuir a esta fundamentación es una necesidad de primer orden para avanzar en la construcción de una agenda coherente en el campo de la innovación social. Es especialmente urgente abordar déficits identificados en tres focos: a) el ámbito de la consolidación de una definición canónica; b) aspectos metodológicos orientados a la facilitación de procesos; y c) la identificación de determinantes y condicionantes de la emergencia de procesos de innovación social. Este trabajo pretende avanzar en este sentido, utilizando como referencia el contexto de las organizaciones complejas, especialmente del Tercer Sector. Esta elección se debe a que la bibliografía confirma que son actores especialmente privilegiados en la facilitación de este tipo de procesos. La opción metodológica elegida es la aplicación de un enfoque de Teoría Fundamentada que ha sido triangulada mediante la aplicación de un panel DELPHI. Entre los principales logros alcanzados en el trabajo llevado a cabo es, como se ha dicho, la elaboración de un modelo teórico de explicación de los procesos de innovación social intencional, así como la identificación de sus principales capacidades relacionadas, a partir de las cuales se puede llevar a cabo el diseño de una herramienta de medición de la innovación social en organizaciones complejas del Tercer Sector.Social innovation is an issue that in recent decades has acquired growing interest both from the academic world and from social actors who pay attention to meeting social needs and demands. However, social innovation raises problems in the construction of its theoretical corpus (in relation to foundations of a conceptual and methodological nature) that translates into difficulties of a praxeological nature. Contributing to this foundation is a necessity of the first order to advance in the construction of a coherent agenda in the field of social innovation. It is especially urgent to address deficits identified in three foci: a) the scope of the consolidation of a canonical definition; b) methodological aspects aimed at facilitating processes; and c) the identification of determinants and conditioning factors of the emergence of social innovation processes. This work aims to advance in this sense, using as a reference the context of complex organizations, especially in the Third Sector. This choice is due to the fact that the bibliography confirms that they are especially privileged actors in facilitating this type of process. The methodological option chosen is the application of a Grounded Theory approach that has been triangulated through the application of a DELPHI panel. Among the main achievements in the work carried out is, as has been said, the elaboration of a theoretical model to explain the processes of intentional social innovation, as well as the identification of its main related capacities, from which can carry out the design of a tool for measuring social innovation in complex Third Sector organizations.",internacional,3,0,0,0,0,0,nucleo,
OpenAlex,https://openalex.org/W3048186973,The CARE Principles for Indigenous Data Governance,2020,en,"Stephanie Russo Carroll, Ibrahim Garba, Óscar Luis Figueroa Rodríguez, Jarita Holbrook, Raymond Lovett, S. A. Materechera, M. A. Parsons, Kay Raseroka, Desi Rodriguez-Lonebear, Robyn Rowe, Rodrigo Sara, Jennifer Walker, Jane Anderson, Māui Hudson",Data Science Journal,geral,"Concerns about secondary use of data and limited opportunities for benefit-sharing have focused attention on the tension that Indigenous communities feel between (1) protecting Indigenous rights and interests in Indigenous data (including traditional knowledges) and (2) supporting open data, machine learning, broad data sharing, and big data initiatives. The International Indigenous Data Sovereignty Interest Group (within the Research Data Alliance) is a network of nation-state based Indigenous data sovereignty networks and individuals that developed the ‘CARE Principles for Indigenous Data Governance’ (Collective Benefit, Authority to Control, Responsibility, and Ethics) in consultation with Indigenous Peoples, scholars, non-profit organizations, and governments. The CARE Principles are people– and purpose-oriented, reflecting the crucial role of data in advancing innovation, governance, and self-determination among Indigenous Peoples. The Principles complement the existing data-centric approach represented in the ‘FAIR Guiding Principles for scientific data management and stewardship’ (Findable, Accessible, Interoperable, Reusable). The CARE Principles build upon earlier work by the Te Mana Raraunga Maori Data Sovereignty Network, US Indigenous Data Sovereignty Network, Maiam nayri Wingara Aboriginal and Torres Strait Islander Data Sovereignty Collective, and numerous Indigenous Peoples, nations, and communities. The goal is that stewards and other users of Indigenous data will ‘Be FAIR and CARE.’ In this first formal publication of the CARE Principles, we articulate their rationale, describe their relation to the FAIR Principles, and present examples of their application.",internacional,3,0,0,1,0,1,nucleo,
OpenAlex,https://openalex.org/W2999162869,Mission-oriented innovation systems,2020,en,"Marko P. Hekkert, M. J. Janssen, Joeri Wesseling, Simona O. Negro",Environmental Innovation and Societal Transitions,inovacao_politicas_publicas,"Rather than merely supporting R&D and strengthening innovation systems, the focus of innovation policy is currently shifting towards addressing societal challenges by transforming socio-economic systems. A particular trend within the emerging era of transformative innovation policy is the pursuit of challenge-based innovation missions, such as achieving a 50 % circular economy by 2030. By formulating clear and ambitious societal goals, policy makers are aiming to steer the directionality and adoption of innovation. In the absence of suitable frameworks to understand and enhance the impact of missions, we introduce the notion of Mission-oriented Innovation Systems (MIS). MIS consists of networks of agents and sets of institutions that contribute to the development and diffusion of innovative solutions with the aim to define, pursue and complete a societal mission. We provide several promising research avenues, including how MIS come into existence, how they are governed and how the interactions taking place in a MIS may influence directionality and technological variety.",internacional,3,0,0,0,0,0,nucleo,
OpenAlex,https://openalex.org/W3096717880,A perspectiva dos pesquisadores sobre os desafios da pesquisa no Brasil,2020,pt,"Donizeti Leandro de Souza, André Luiz Zambalde, Daniel Leite Mesquita, Thais Assis de Souza, Nanielle Lourena Campos da Silva",Educação e Pesquisa,geral,"Resumo O desenvolvimento científico e tecnológico brasileiro tem apresentado importantes avanços nas últimas décadas. No entanto, diversos entraves ainda limitam o impacto das pesquisas brasileiras no cenário internacional. Assim, o objetivo deste estudo é identificar os principais desafios da pesquisa científica e tecnológica no Brasil, analisando fatores latentes, segundo a percepção de pesquisadores atuantes em universidades públicas brasileiras. Para tanto, foi realizado um estudo exploratório-descritivo, combinando técnicas qualitativa (análise de conteúdo) e quantitativa (análise fatorial), sendo os dados coletados por meio de 16 entrevistas e 722 questionários preenchidos por pesquisadores atuantes em programas de pós-graduação (mestrado e doutorado) de universidades públicas brasileiras. Os resultados indicaram a presença de onze desafios, os quais podem ser agrupados em três fatores latentes: (i) ambiente de pesquisa, representado pelas condições de trabalho no que se refere ao acesso a recursos, infraestrutura deficitária, alta burocracia e sobrecarga de trabalho; (ii) práticas de pesquisa, representado pela baixa interação dos pesquisadores entre si e com as demandas da sociedade, baixa divulgação/apropriação do conhecimento produzido e valorização excessiva de artigos científicos e (iii) formação e qualificação de recursos humanos, representado pela falta de comprometimento e capacitação dos pesquisadores, além da baixa relevância das pesquisas desenvolvidas. Tais resultados mostram-se importantes para a identificação dos principais entraves da pesquisa no Brasil, permitindo novas reflexões para o avanço do Sistema Nacional de Ciência, Tecnologia e Inovação (SNCTI).",nacional,2,0,0,0,0,0,contexto,
OpenAlex,https://openalex.org/W3041304281,Formação continuada docente: uma análise a partir da Lei de Diretrizes e Bases da Educação Nacional (LDB/1996) e das Diretrizes Curriculares Nacionais para a Formação Inicial e Continuada de Professores da Educação Básica (Resolução CNE-CP 2/2015),2020,pt,"José Moisés Nunes da Silva, Vandernúbia Gomes Cadete Nunes",Research Society and Development,inovacao_politicas_publicas,"A temática do artigo é a formação de professores. O objetivo é discutir a formação continuada docente à luz da LDB/1996 e da Resolução CNE-CP n. 2/2015 (DCN/2015). Metodologicamente, a pesquisa é qualitativa, de caráter bibliográfico-documental, apoiando-se em autores que tratam da temática, tais como Imbernón, Freire, Gatti e Alvarado-Prada, Freitas e Freitas, entre outros, e em normativas oficiais (constituição, leis, decretos e diretrizes). Abordam-se os conceitos de Estado, políticas públicas e políticas educacionais e suas relações no contexto da sociedade contemporânea; verificam-se aspectos literários da formação continuada docente; e analisa-se a formação continuada docente na LDB/1996 e nas DCN/2015. Conclui-se que a relação Estado, políticas públicas e políticas educacionais é condicionada pelas demandas do mercado de trabalho, mediante formas específicas de intervenção na educação, tais como a concepção de formação dos professores; que a formação continuada docente é fundamental para a leitura das reformas educacionais e o consequente reflexo na (des)valorização profissional; que as DCN/2015 perspectivam um avanço à formação continuada docente conduzindo à qualificação da prática educativa, por meio de possibilidades de inovação das práticas pedagógicas formativas; e que a LDB/1996 retrocedeu, com a admissão no magistério de profissionais com notório saber, negando a existência de saberes específicos da docência e a valorização da profissão.",nacional,4,0,0,0,1,0,nucleo,
OpenAlex,https://openalex.org/W3003533118,SISTEMAS NACIONAIS DE POLÍTICAS PÚBLICAS E SEUS EFEITOS NA IMPLEMENTAÇÃO O caso do Sistema Único de Assistência Social (Suas),2020,pt,"Renata Bichir, Sérgio Simoni, Guilherme Nunes Pereira",Revista Brasileira de Ciências Sociais,inovacao_politicas_publicas,"Sistemas nacionais de políticas públicas definem os macroparâmetros para a implementação, com potencial para induzir agendas, disseminar capacidades institucionais e gerar certa convergência nos padrões de provisão no nível subnacional. Neste artigo, testamos se tais efeitos de coordenação ocorrem mesmo em uma área recentemente estruturada como política pública: a assistência social. À luz dos instrumentos de coordenação definidos pelo Sistema Único de Assistência Social (Suas), o presente trabalho tem um duplo objetivo. Primeiramente, analisamos os níveis gerais de implementação dos serviços de proteção básica ofertados pelas unidades do Centro de Referência de Assistência Social (Cras), unidades mais capilares para prestação dos serviços, verificando se os parâmetros nacionais incrementaram o nível geral de implementação e reduziram desigualdades. Em segundo lugar, verificamos se capacidades institucionais locais estão relacionadas com a implementação. Avançamos empiricamente, em relação à literatura disponível, ao construir indicadores originais para mensurar a implementação dos serviços; com base em dados do Censo Suas do período entre 2011 e 2016, elaboramos indicadores para caracterizar a provisão de serviços e benefícios, assim como os recursos humanos e a estrutura física das unidades do Cras. Os resultados indicam que, de fato, houve incremento nos níveis de implementação ao longo do tempo, com tendência à convergência entre esses equipamentos em todo o Brasil e entre regiões e municípios de diversos portes. Uma parte dessa variação é explicada pelas capacidades locais. Embora positiva, essa associação é fraca, o que ressalta a importância de estudos sobre os contextos de implementação e a governança multinível.",nacional,3,0,0,0,0,0,nucleo,
OpenAlex,https://openalex.org/W3032865437,Vers une approche collective de l’innovation sociale : le rôle joué par l’entrepreneuriat social en Tunisie,2020,fr,Yasmine Boughzala,Innovations,geral,"Cet article vise à comprendre dans quelle mesure l’entrepreneuriat social contribue à la construction d’une dimension collective liée à l’innovation sociale. Ce questionnement est instruit à travers une observation participante de huit événements majeurs dédiés à l’entrepreneuriat social ou à l’Économie Sociale et Solidaire durant la période allant de 2013 à 2019. Des entretiens semi-directifs auprès d’entrepreneurs sociaux tunisiens ont également été conduits afin d’enrichir le corpus. Les résultats montrent la nécessaire coopération des acteurs de l’entrepreneuriat social pour une innovation sociale durable. En effet, l’analyse souligne que la viabilité et la pérennité d’une innovation sociale reposent essentiellement sur sa construction collective, au-delà des valeurs sociales communes. Codes JEL : O30, O35",internacional,2,0,0,0,0,0,contexto,
OpenAlex,https://openalex.org/W4232564426,Sous le soleil de Loubeyrat. Quelles combinaisons entre innovation sociale et territoire ?,2020,fr,"Éric Glon, Bernard Pecqueur",Géographie Économie Société,geral,,internacional,3,0,0,0,0,0,nucleo,
OpenAlex,https://openalex.org/W3000512896,Comment organiser un tiers-lieu éphémère pour favoriser l’émergence d’innovations institutionnelles ? Le cas d’un pôle d’opérateurs de services à domicile,2020,fr,"Corinne Grenier, Rym Ibrahim, Lola Duprat",Innovations,geral,"Nous analysons comment des acteurs variés, formant un tiers-lieu éphémère, mais peu habitués à travailler ensemble, ont pu aller au-delà de tensions institutionnelles pour élaborer une innovation sociale (un habitat collectif et connecté pour seniors) et démontrer leur légitimité à agir. L’analyse d’un cas inédit nous permet d’observer, à travers l’élaboration d’une grille d’analyse (environnement social, vie communautaire, et organisation partielle), l’organisation de ce tiers-lieu éphémère. Nos observations empiriques nous ont conduits à mobiliser le concept d’organisationalité pour comprendre les leviers ayant permis au tiers-lieu éphémère de permettre l’innovation malgré sa faiblesse structurelle : la force du design thinking comme méthode alternative de co-construction de connaissances, la construction d’une cause commune, la reconnaissance d’une légitimité à agir, la gestion des frontières sociales et temporelles du lieu. L’identification de ces leviers offre alors un enrichissement du concept d’organisationalité. Codes JEL : O310",internacional,2,0,0,0,0,0,contexto,
OpenAlex,https://openalex.org/W4247741405,L'intermédiation territoriale et innovation sociale : des leviers face aux trajectoires de déclin ? L’exemple du Pôle Territorial de Coopération Économique de la Haute Vallée de l’Aude,2020,fr,"Benoît Prévost, Delphine Mercier",Géographie Économie Société,geral,,internacional,2,0,0,0,0,0,contexto,
OpenAlex,https://openalex.org/W3217340293,Les systèmes alimentaires de proximité à l’épreuve de la Covid-19,2020,fr,"Catherine Darrot, Yuna Chiffoleau, Luc Bodiguel, Grégori Akermann, Gilles Maréchal",Classiques GARNIER,geral,"Cet article présente l’analyse qualitative et lexicométrique de 540 réponses à une enquête en ligne ouverte le 15 mars 2020, invitant à des retours d’expériences dans le domaine alimentaire durant le confinement lié à la crise de la Covid-19. Le matériau recueilli porte surtout sur les systèmes alimentaires de proximité. Analysé selon trois approches (perspective multi-niveau, innovation sociale, gouvernance territoriale), il témoigne des adaptations et innovations dans ces systèmes.",internacional,3,0,0,0,1,0,nucleo,
OpenAlex,https://openalex.org/W3042749837,Innovation sociale et travail institutionnel : le rôle des organismes communautaires dans l'évolution des politiques sociales au Québec,2020,fr,"Christian Jetté, Jean-Vincent Bergeron-Gaudin",Canadian journal of nonprofit and social economy research,geral,"Au Québec, la participation des organismes communautaires à l’élaboration et à la mise en oeuvre des politiques sociales au niveau provincial depuis les années 1970 est une réalité empirique connue et bien documentée. En nous appuyant sur la notion de travail institutionnel, telle que développé par l’institutionnalisme sociologique, nous démontrons comment ces acteurs du tiers secteur ont pu jouer un rôle actif dans l’institutionnalisation de certaines de leurs pratiques et opérer ainsi un travail de création institutionnelle. À partir de trois études de cas dans le domaine de la santé et des services sociaux portant sur des pratiques innovantes (approche Carpe Diem, gestion autonome de la médication et soutien communautaire en logement social), nous faisons ressortir plus particulièrement deux formes de travail institutionnel exercé par ces acteurs : la constitution de réseaux normatifs, qui favorise le changement des normes d’intervention dans un secteur donné, et la construction d’identités, qui conditionne l’action collective.",internacional,2,0,0,0,1,0,contexto,
OpenAlex,https://openalex.org/W3039833924,Laboratoires vivants en innovation sociale et coconstruction des connaissances dans les villes : les cas du TIESS (Montréal) et de l’OBISF (Florianópolis),2020,fr,"Thiago de Oliveira Magalhães, Annie Camus, Carolina Andion, Sonia Tello‐Rozas",Revue Organisations & territoires,geral,"Le débat sur le rapport entre l’innovation sociale et les villes s’est élargi au cours des dernières décennies. Ce débat met en évidence l’intérêt suscité par les processus de coconstruction des savoirs dans les laboratoires vivants en innovation sociale (LVIS). Cet article a pour objectif de présenter une approche conceptuelle et analytique du traitement des LVIS, ainsi que de décrire et de mettre en perspective deux expériences de mise en oeuvre de LVIS dans les villes : l’Observatoire de l’innovation sociale de Florianópolis (OBISF) au Brésil et Territoires innovants en économie sociale et solidaire (TIESS) à Montréal au Canada. Bien qu’ils émergent dans des réalités et des contextes différents avec des méthodologies de mise en oeuvre spécifiques, qui sont présentées dans le texte, la discussion et l’analyse des deux cas apportent des pistes d’apprentissage sur les défis et les perspectives quant à la coconstruction des connaissances visant à renforcer les dynamiques d’innovation sociale à l’échelle d’une ville.",internacional,3,0,0,0,0,0,nucleo,
OpenAlex,https://openalex.org/W3145924799,L'intermédiation territoriale et innovation sociale : des leviers face aux trajectoires de déclin ? L’exemple du Pôle Territorial de Coopération Économique de la Haute Vallée de l’Aude,2020,fr,"Benoît Prévost, Delphine Mercier",Géographie Économie Société,geral,"Les poles territoriaux de cooperation economique (PTCE) se presentent comme des innovations sociales permettant d’impulser de nouvelles dynamiques d’action collective au service d’innovations territoriales dans des territoires en declin. Ces dynamiques relevent de processus d’intermediation territoriale qui renouvellent a la fois les relations des acteurs a leur territoire et leurs conceptions et pratiques du developpement local. A partir de l’exemple du PTCE 3EVA, dans la Haute Vallee de l’Aude, cet article analyse l’emergence d’innovations territoriales revendiquant les valeurs de l’economie sociale et solidaire pour depasser les processus de lock-in economique, politique et institutionnel, associes au declin territorial. En particulier, nous identifions quelles proximites ont ete activees au cours des differentes phases de l’intermediation territoriale et comment naissent des tensions liees a la dimension politique des alternatives tout en questionnant les interactions institutionnelles entre les acteurs du developpement local.",internacional,4,0,0,0,0,0,nucleo,
OpenAlex,https://openalex.org/W3097461388,L’apport du design social aux politiques françaises de gestion des risques naturels. Contribution à une innovation sociale territorialisée,2020,fr,Béatrice Gisclard,Ocula,geral,"Se protéger face aux aléas et organiser la gestion des catastrophes sont des préoccupations constantes pour toutes les sociétés humaines. Cependant, les défis environnementaux actuels imposent de repenser la réapartition des responsabilités et des rôles de chacun, gestionnaires comme citoyens. En partant du cas de la France, notre recherche propose d’étudier la piste du design social sous l’angle de l’innovation sociale territorialisée, afin de mieux impliquer les habitants face au risque inondation. Nous questionnerons la place assignée par le législatif à l’individu en tant que premier acteur de sa sécurité, puis nous détaillerons les conditions d’une mise en œuvre d’un atelier créatif. En nous basant sur les résultats obtenus, nous étudierons l’apport du design comme facteur d’engagement individuel et collectif, ainsi que sa réception par les acteurs.",internacional,2,0,0,0,0,0,contexto,
OpenAlex,https://openalex.org/W3185886415,Breve estudio bibliométrico sobre economía solidaria,2020,es,"Ehytder Mario Barbosa Pérez, Henry Vargas Pacheco, Dustin Tahisin Gómez Rodrí­guez",Cooperativismo & Desarrollo,economia_solidaria,"En este estudio se realizó un análisis bibliométrico de la producción científica (282 artículos) de la categoría economía solidaria en el periodo 2010-2019 en la base de datos Web of Science. Se identificó un aumento en el número de publicaciones sobre economía solidaria hasta 2017. La gran mayoría de los documentos fueron artículos científicos (76 %), seguidos de capítulos de libro. Los autores con mayor número de publicaciones fueron S. Calvo y A. Morales, mientras que las organizaciones con mayor producción fueron la Universidad Cooperativa de Colombia y la Bournemouth University. El país con mayor producción fue Brasil, y Colombia ocupó el séptimo puesto, lo cual ratifica la necesidad de ampliar y enriquecer el acervo científico del país frente a la economía solidaria.",internacional,3,0,1,1,0,2,nucleo,
OpenAlex,https://openalex.org/W3028990826,Las perspectivas Latinoamericana y Europea de la Economía Solidaria,2020,es,"Leomara Battisti Telles, Carmen Marcuello Servós, Juliana Vitória Messias Bittencourt",REVESCO Revista de Estudios Cooperativos,economia_solidaria,"The Solidarity Economy is presented as an alternative economic model and has been a recurring theme both in Latin America and in Europe. However, there is not yet a single accepted definition with respect to this alternative model. Sometimes conceptually different terms are used, but interconnected with each other and, especially in relation to Social Economy. Thus, the debate on the subject of the terms that define new economic experiences, centred on human values and solidarity, which oppose the current economic model, is very relevant for the advancement of these new ways of doing economics. Thus, the objective of this work is to analyse the context of the Solidarity Economy from the Latin American and European aspects. For this, the main authors are analysed on the subject, in order to examine the concepts, definitions and legal recognition of the Solidarity Economy in both continents. Likewise, the main platforms of the Social and Solidarity Economy at national, regional and/or global level are studied. From the results, the evolution of the concept of the Solidarity Economy in Latin America and in Europe is observed. Beyond its different evolutions, in both continents, the Solidarity Economy presents itself as an alternative economy to the current capitalist system, which shows that it is possible to contribute solidarity to economic relations. However, a greater debate is still pending on the conceptual and organizational delimitation of the Solidarity Economy. Also, currently eight countries in Latin America and eleven in Europe legally recognize the Solidarity Economy through laws, decrees, secretaries and/or institutes which shows the progress made.",internacional,3,0,1,1,0,1,nucleo,
OpenAlex,https://openalex.org/W3019073185,Las plataformas colaborativas como oportunidad para la innovación social,2020,es,Juan Manuel Dieste Cobo,REVESCO Revista de Estudios Cooperativos,economia_solidaria,"Social and sharing economy have some issues in common, like, sometimes, digital platforms. Both models have also a great complementary potential to create synergies and pursue its mutual strengthening. Perhaps sharing economy is faced with a major challenge in the coming years: to move towards a platform cooperativism model, in which digital platforms reflect the principles and values of cooperativism, or instead of, to be absorbed by the corporate economy, more interested in reduce costs and increase benefits through this platforms. Differences between these options are related to how the resources and goods are shared, the governance model adopted and the involvement of empowered citizens who are conscious of their role as producers, and not only as users or consumers. Therefore, the application of the cooperative values can contribute, not only to improved business performance and to reach cooperative governance, but also to make progress towards a new social and cultural paradigm, focused on promoting human and social development.",internacional,3,0,1,1,0,1,nucleo,
OpenAlex,https://openalex.org/W3042500243,Medios informativos alternativos y economía solidaria en España,2020,es,"Álex Iván Arévalo Salinas, Tamer Al Najjar Trujillo, Griselda Vilar Sastre",Psicoperspectivas Individuo y Sociedad,economia_solidaria,"La presente investigación realiza un análisis sobre el modelo jurídico, de financiación y sostenibilidad en relación con los principios de la economía solidaria en doce medios alternativos en España, a través de un análisis de contenido. Los parámetros que rigen el análisis se establecen a través de la observación de cuatro ejes clave: Estructura jurídica; Nivel de ingresos y balance; Distribución de los ingresos y diversificación de fuentes; Crowdfunding. Se comprueba si los medios analizados consiguen generar un modelo alternativo al convencional. Los resultados expresan una diversificación de fuentes económicas y la relevante contribución de la financiación colectiva vía socios-suscriptores, siendo el principal ingreso en siete de los ocho medios que publican sus cuentas. También se concluye que los medios basados en cooperativas y asociaciones sin fines de lucro tienen una mayor diversidad de fuentes de financiación en comparación a las principales sociedades limitadas. Esta investigación aporta datos sobre qué fuentes de financiación contribuyen a su consolidación, siendo un aspecto relevante para el diseño de nuevos emprendimientos y para el estudio de los factores que inciden en su viabilidad.",internacional,3,0,1,1,0,2,nucleo,
OpenAlex,https://openalex.org/W3040941533,"Innovación pública en américa latina: conceptos, experiencias exitosas, desafíos y obstáculos",2020,es,Freddy Maríñez Navarro,Revista de Gestión Pública,inovacao_politicas_publicas,"De acuerdo a algunas miradas en el debate académico, la innovación pública es posible con una plataforma abierta de gobierno democrático que implique gobernanza colaborativa, espacios de participación digitales y presenciales, liderazgo público innovador, redes de capacidades e innovación social. En este sentido, la innovación pública quiere decir ir más allá de lo gubernamental. Implica un compromiso cívico que se expresa en términos colaborativos entre ciudadanos, funcionarios públicos y sector privado, que apunta a producir cambios en valores, actitudes, procesos y liderazgos para la co-creación de decisiones y políticas públicas que logren el mejoramiento del aprovisionamiento de los servicios públicos.Este artículo discute las diversas aproximaciones que existen en la literatura actual sobre el tema, analiza los artículos que forman parte del dossier que Revista de Gestión Pública ha preparado sobre innovación pública en América Latina,e identifica una serie de cuestiones críticas tanto para el debate académico como para el impulso de la innovación en las administraciones públicas latinoamericanas",internacional,3,0,0,0,0,0,nucleo,
OpenAlex,https://openalex.org/W3038938650,La innovación social como estrategia de desarrollo. Políticas urbanas y acción colectiva,2020,es,Gema González Romero,Teuken Bidikay - Revista Latinoamericana de Investigación en Organizaciones Ambiente y Sociedad,geral,"El artículo profundiza sobre las formas que adopta la innovación social, focalizando el interés en las políticas urbanas y prácticas ciudadanas de economía alternativa. El objetivo es conocer y valorar en qué medida las administraciones y la sociedad civil, a través de la política urbana, implementan ideas transformadoras que incrementan el empoderamiento ciudadano y el bienestar social, contribuyendo, así, al desarrollo urbano. Para la consecución de este objetivo se han considerado las experiencias de la ciudad de Sevilla (España). De la investigación se desprende que las acciones públicas y civiles de innovación social son más que estrategias defensivas frente al impacto de la crisis, pues plantean modelos alternativos de desarrollo; aun así, su eficacia y capacidad para contribuir a impulsar procesos de desarrollo local sigue siendo limitada.",internacional,2,0,0,0,0,0,contexto,
OpenAlex,https://openalex.org/W3210266446,Emprendimientos de economía solidaria en Colombia,2020,es,"Blanca Mery Velasco Burgos, Sandra Olimpia Quintana Arévalo, Wílliam Rodrigo Avendaño Castro",Revista Venezolana de Gerencia,economia_solidaria,"La economía solidaria hace parte integral de las dinámicas de la economía y desarrollo local. El objetivo de esta investigación es analizar las características del emprendimiento social que adelantan las organizaciones solidarias del municipio de Abrego (Colombia). Es un estudio cuantitativo no experimental de nivel descriptivo en el que participaron 36 organizaciones de economía solidaria del municipio de Abrego. Se utilizó como técnica de recolección de información un cuestionario estructurado en 20 preguntas y validado a través de juicio de expertos. Los resultados muestran que las organizaciones de economía solidaria son variadas en cuanto alcance, actividad, propósitos y prácticas, con incidencia significativa en el ámbito socio-económico local. Se concluye que las organizaciones de economía solidaria hacen parte de un sistema complejo, articulado e interdependiente que facilita el desarrollo local.",internacional,3,0,1,1,0,1,nucleo,
OpenAlex,https://openalex.org/W2907777557,Seven lessons for planning nature-based solutions in cities,2019,en,Niki Frantzeskaki,Environmental Science & Policy,geral,"Nature-based solutions are proliferating in European cities over the past years as viable solutions to urban challenges such as climate change, urban degeneration and aging infrastructures. With evidence amounting about nature-based solutions, there is a need to translate knowledge about nature-based solutions to future policy and planning. In this paper, we analysed fifteen cases of nature-based solutions’ experiments across 11 European cities. What makes our case studies stand out is the balanced focus between ecosystem and social benefits in contrast to many published cases on nature-based solutions that have a weighted focus on the climate benefits. From a cross-case comparative analysis we draw seven overarching lessons related to all stages of proof-of-concept and implementation of nature-based solutions in cities: (a) nature-based solutions need to be aesthetically appealing to citizens, (b) nature-based solutions create new green urban commons, (c) experimenting with nature-based solutions requires trust in the local government and in experimentation process itself, (d) co-creation of nature-based solutions requires diversity and learning from social innovation, (e) nature-based solutions require collaborative governance, (f) an inclusive narrative of mission for nature-based solutions can enable integration to many urban agendas and (g) design nature-based solutions so as to learn and replicate them on the long-term. The lessons we draw show that nature-based solutions require multiple disciplines for their design, diversity (of settings) for co-creation and recognition of the place-based transformative potential of nature-based solutions as ‘superior’ to grey infrastructure. We further discern that urban planners need to have an open approach to collaborative governance of nature-based solutions that allows learning with and about new appealing designs, perceptions and images of nature from different urban actors, allows forming of new institutions for operating and maintaining nature-based solutions to ensure inclusivity, livability and resilience.",internacional,3,0,0,0,0,0,nucleo,
OpenAlex,https://openalex.org/W2971227808,Policy mixes for sustainability transitions: New approaches and insights through bridging innovation and policy studies,2019,en,"Florian Kern, Karoline S. Rogge, Michael Howlett",Research Policy,inovacao_politicas_publicas,"There has been an increasing interest in science, technology and innovation policy studies in the topic of policy mixes. While earlier studies conceptualised policy mixes mainly in terms of combinations of instruments to support innovation, more recent literature extends the focus to how policy mixes can foster sustainability transitions. For this, broader policy mix conceptualisations have emerged which also include considerations of policy goals and policy strategies; policy mix characteristics such as consistency, coherence, credibility and comprehensiveness; as well as policy making and implementation processes. It is these broader conceptualisations of policy mixes which are the subject of the special issue introduced in this article. We aim at supporting the emergence of a new strand of interdisciplinary social science research on policy mixes which combines approaches, methods and insights from innovation and policy studies to further such broader policy mix research with a specific focus on fostering sustainability transitions. In this article we introduce this topic and present a bibliometric analysis of the literature on policy mixes in both fields as well as their emerging connections. We also introduce five major themes in the policy mix literature and summarise the contributions made by the articles in the special issue to these: methodological advances; policy making and implementation; actors and agency; evaluating policy mixes; and the co-evolution of policy mixes and socio-technical systems. We conclude by summarising key insights for policy making.",internacional,3,0,0,0,0,0,nucleo,
OpenAlex,https://openalex.org/W2949838620,Universities as the engine of transformational sustainability toward delivering the sustainable development goals,2019,en,"Wendy Maria Purcell, Heather Henriksen, John D. Spengler",International Journal of Sustainability in Higher Education,geral,"Purpose Universities can do more to deliver against the sustainable development goals (SDGs), working with faculty, staff and students, as well as their wider stakeholder community and alumni body. They play a critical role in helping shape new ways for the world, educating global citizens and delivering knowledge and innovation into society. Universities can be engines of societal transformation. Using a multiple case study approach, this study aims to explore different ways of strategizing sustainability toward delivering the SDGs are explored in a university setting with an example from the UK, Bulgaria (Europe) and USA. Design/methodology/approach The first case is a public UK university that adopted enterprise and sustainability as its academic mission to secure differentiation in a disrupted and increasingly marketized global higher education sector; this became a source of inspiration for change in regional businesses and the local community. The second case is a business sector-led sustainability-driven transformation working with a private university in Bulgaria to catalyze economic regeneration and social innovation. Finally, a case from the office for sustainability in a major US research university is given to show how its engagement program connected faculty and students in sustainability projects within the institution and with external partners. Findings Each case is in effect a “living lab,” positioning sustainability as an intentional and aspirational strategy with sustainable development and the SDG framework a means to that end. Leadership at all levels, and by students, was key to success in acting with a shared purpose. Partnerships within and with universities can help accelerate delivery of the SDGs, enabling higher education to make a fuller contribution to sustaining the economic, environmental, cultural and intellectual well-being of our global communities. Originality/value The role of universities as the engine of transformational sustainability toward delivering the SDGs has been explored by way of three case studies that highlight different means toward that end. The collegiate nature of the higher education sector, with its shared governance models and different constituencies and performance drivers, means that sustainability at a strategic level must be led with leaders at all levels acting with purpose. The “living lab” model can become a part of transformative institutional change that draws on both top-down and bottom-up strategies in pursuit of sustainable development.",internacional,3,0,0,0,2,0,nucleo,
OpenAlex,https://openalex.org/W2972946962,Influência da governança pública na eficiência da alocação dos recursos públicos,2019,pt,"Rodolfo Rocha dos Santos, Suliani Rover",Revista de Administração Pública,geral,"Resumo Este estudo buscou verificar a influência de práticas de governança pública na eficiência da aplicação dos recursos públicos em educação e saúde nos municípios brasileiros, a partir da perspectiva da nova governança pública (new public governance - NPG). Para atingir tal objetivo, construiu-se um índice de eficiência municipal (IEM) com o intuito de medir a eficiência da aplicação dos recursos públicos com educação e saúde dos municípios brasileiros no ano de 2010. Posteriormente, por meio de modelos estatísticos de regressões de Mínimos Quadrados Ordinários, Tobit bootstraping e quantílica, verificou-se a influência de variáveis tidas como princípios de governança pública: transparência/accountability, participação, integridade/ética, conformidade legal, equidade e efetividade. Como conclusão, este artigo mostra que práticas de governança pública influenciam a eficiência da aplicação dos recursos públicos em educação e saúde nos municípios brasileiros.",nacional,2,0,0,0,2,0,nucleo,
OpenAlex,https://openalex.org/W2953491680,Educação e Sociedade,2019,pt,"Érika Dias, Fátima Cunha Ferreira Pinto",Ensaio Avaliação e Políticas Públicas em Educação,inovacao_politicas_publicas;inovacao_instituto_publico,"A educação é, desde a sua gênese, objetivos e funções, um fenômeno social, estando relacionada ao contexto político, econômico, científico e cultural de uma determinada sociedade. O ato de educar é um processo constante na história de todas as sociedades, não é o mesmo em todos os tempos e lugares, e é, em na sua essência, um processo social. Além disso, educação e sociedade se correlacionam porque a primeira exerce forte influência nas transformações ocorridas no âmago da segunda.A partir desta concepção, pode-se deduzir que, embora a educação seja um processo constante na história de todas as sociedades, o processo educativo não é o mesmo em todos os tempos e em todos os lugares, e se acha vinculada ao projeto de cidadão e de sociedade que se quer ver emergir por meio deste mesmo processo.A educação é, portanto, um processo social que se enquadra numa certa concepção de mundo, concepção esta que estabelece os fins a serem atingidos pelo processo educativo em concordância com as ideias dominantes numa dada sociedade. A Educação não pode ser entendida de maneira fragmentada, ou como uma abstração válida para qualquer tempo e lugar, mas, sim, como uma prática social, situada historicamente, numa determinada realidade.Posto isso, o número 104 da revista Ensaio: avaliação e políticas públicas em Educação apresenta aos seus leitores uma variada gama de artigos que discutem temas e objetos, os quais envolvem o fenômeno educativo e o meio social onde este fenômeno ocorre. As pesquisas e ensaios aqui publicados abordam a qualidade de ensino, a inovação tecnológica, a educação ambiental, a identidade social, as políticas de ação afirmativa, o racismo e também educação parental.Partimos do pressuposto de que a Educação exerce forte influência nas transformações da sociedade. A nosso ver, a Educação reforça a capacidade crítica do indivíduo e atesta o grau de desenvolvimento de uma sociedade. Quanto mais desenvolvida for ela, mais facilmente se compreenderá o papel da Educação. Também é lícito referir que, em virtude de uma maior capacidade de análise que os seus cidadãos têm, maior será a transmissão do conhecimento, maior o nível do debate e da consciência com os deveres e responsabilidades na defesa e na promoção dos direitos humanos e sociais (Cunha; Dias, 2018).Neste número contamos com artigos oriundos da Europa e da África, além das pesquisas de variadas regiões do Brasil. Os artigos abordam diferentes temáticas, temáticas estas que perpassam pelo Ensino Superior, pelo Ensino Fundamental e Médio, pelas tecnologias da informação e da comunicação, utilizadas por alunos e professores, pela qualidade de ensino em centros educativos, pela educação ambiental, pelo desempenho dos institutos federais no Brasil e pelas inovações no ensino secundário na Rússia.Sempre foi importante para a revista Ensaio publicar artigos sobre pesquisas, vivências e experiências de outros espaços educacionais - fora das nossas fronteiras-, para que as realidades dos outros contribuíssem para uma melhor percepção da nossa sociedade e para uma melhor compreensão do nosso contexto educacional.Assim, escolhemos iniciar o número 104 com uma pesquisa da África do Sul, intitulada “Unboxing ‘born-frees’: Freedom to choose identities”. Trata-se de uma investigação que analisou como estudantes “nascidos livres”, isto é, vinte anos após o fim do apartheid, compreendiam suas identidades. A pesquisa mostrou que alguns alunos expressavam otimismo pela liberdade, mas outros se sentiam constrangidos pela herança persistente do apartheid. O artigo se correlaciona com a obra de Paulo Freire, quando, na primeira edição, em 1996, no livro intitulado “Pedagogia da Autonomia: saberes necessários à prática Educativa”, fez uma reflexão acerca da Educação, do preconceito e da democracia. Para Paulo Freire, a rejeição de qualquer forma de discriminação faz parte do que é certo. “A prática preconceituosa de raça, de classe, de gênero ofende a substantividade do ser humano e nega radicalmente a democracia” (Freire, 2011, p. 17). A pesquisa demonstra que parte dos alunos, que não viveu o regime separatista, e que vive atualmente num país democrático, convive com os legados físicos deste mesmo regime – como a segregação geográfica – demonstrando que estes alunos sul-africanos não são tão diferentes de outros que precisaram resistir à implementação do regime e falharam.Da região Sudeste do Brasil, recebemos o artigo “Como o acesso à Educação desmonta o mito da Democracia Racial”, demonstra como este mito já não pode mais ser sustentado, quando tantos dados mostram a exclusão do negro nos níveis mais altos de ensino, nos postos mais altos das organizações, ou mesmo sua predominância no sistema penitenciário do país. As relações raciais no Brasil são sim discriminatórias. A negação do racismo apenas perpetua as injustiças sociais em relação aos negros no país. A educação e as políticas públicas passam a ser peça fundamental para a diminuição das desigualdades sociais, econômicas e regionais, indispensáveis para um verdadeiro Estado de direito democrático social. Nesse sentido, as políticas afirmativas adquirem relevância, tendo em vista a ideia de igualdade de oportunidades e de sua respectiva concepção de mérito, não se mostrar suficiente para a redução da desigualdade. A Educação, mais uma vez, surge como ferramenta de transformação social (Bordieu, 1987). A Educação modifica a realidade social.Ainda no âmbito do Ensino Superior, publicamos uma pesquisa oriunda da região Centro-Oeste do Brasil, intitulada “Jovens universitários em silêncio no mundo das informações: casos de liberação” que investigou estratégias de superação da lógica de violência, exclusão e silêncio, aos quais estão submetidos os jovens universitários. A investigação concluiu que os momentos de superação destes indivíduos, que entram nas universidades muito jovens, são potenciais estratégias educacionais transformadoras, que levam do discurso à prática, da opressão à esperança.Da Espanha chega-nos um artigo - Las Educadoras y Educadores Sociales ante la Sociedad red - com os resultados de uma investigação sobre o grau de competência digital autopercebida pelos futuros Educadores Sociais, a fim de identificar o quê os educadores conhecem, se sabem manejar as ferramentas tecnológicas, qual a atitude que os educadores têm em relação às TICs, objetivando compreender o desenvolvimento profissional dos educadores e educadoras numa sociedade digital, cada vez mais em rede.Do Rio Grande do Sul apresentamos os resultados de uma pesquisa intitulada “Percursos escolares de estudantes do ensino médio de escolas públicas do município de São Leopoldo, RS: desempenho escolar, perfil e características”. A pesquisa analisou os percursos escolares de estudantes do ensino médio, por meio da identificação de perfis que interferem nas desigualdades escolares, especialmente de fluxo escolar, levando à aprovação, à reprovação e ao abandono. Por meio de um estudo quantitativo, a pesquisa identificou evidências que permitem afirmar que as diferenças de perfis associadas às características dos estudantes de escolas públicas se relacionam com a produção de desigualdades educacionais e sinalizam, além disso, situações de vulnerabilidades sociais que se reproduzem nos espaços escolares. O estudo notou que, nas escolas públicas pesquisadas, há diferenças singulares entre os estudantes do Ensino Médio diurno e noturno.De um contexto educacional diferente do nosso, oriundo da Espanha, publicamos um artigo intitulado “ Procesos de mejora en los centros educativos: ejemplificación de tres campos de análisis e innovación docente”. Pesquisadores de Madri fizeram um estudo relevante no âmbito do ensino fundamental, cujos resultados contribuem para o debate pedagógico internacional. Por meio de uma pesquisa bibliográfica, analisaram a questão da qualidade do ensino em centros educativos na Espanha. Concluíram que, para que a tão almejada eficácia escolar seja alcançada, é preciso levar em conta o contexto socioeconômico das famílias, o momento histórico, a realidade política, os processos culturais, o professor, as características dos alunos, entre outros fatores. Para os pesquisadores, as medidas para melhorar a qualidade do ensino devem ser combinadas a partir de aspectos econômicos, políticos e socioeducativos, de forma clara. Em segundo lugar, é preciso favorecer as escolas que são permeáveis à participação real das famílias, flexívies e abertas à mudança e melhoria dos currículos e da didática. E, por último, deve ser promovida uma formação inicial e permante de professores de qualidade, permitinhdo-lhes compreender a magnitude existente entre o social, a aprendizagem e a emoção. Professores que compreendam a importância de gerar processos educativos integrais, baseados na interdependência entre o cognitivo e o emocional, entre o analítico e o criativo, entre o intelectual e o lúdico.Da Rússia chega-nos um texto que demonstra à resistência de professores à inovação tecnológica e mostra ao leitor como esta inovação é relevante para a modernização e melhoria da qualidade do ensino secundário naquele país. O artigo intitula-se “Major factors of teachers’ resistance to innovations” e a abordagem ampla da pesquisa permitiu identificar fatores sociais, psicológicos e profissionais que predeterminavam a resistência dos professores às mudanças. O estudo conclui que a modernização no treinamento dos professores, uma contínua formação, contribuiu significativamente para acelerar o processo e aumentar a eficiência pedagógica.Da Universidade Católica de Brasília, publicamos o artigo intitulado “ O uso de indicadores para avaliação qualitativa de projetos educativos socioambientais: a gestão participativa no ambiente escolar”. O artigo discutiu os novos paradigmas educacionais, voltados para o desenvolvimento sustentável, a fim de se construir um novo modelo de escola, a partir da interação mais eficaz de todos os envolvidos no processo educaci",nacional,9,0,0,1,2,1,nucleo,
OpenAlex,https://openalex.org/W2946791470,"La médiation en santé : une innovation sociale ? Obstacles, formations et besoins",2019,fr,"Nadine Haschar‐Noé, Florent Bérault",Santé Publique,geral,"Our study focuses on health mediation as an answer to the challenges of reducing social inequalities in health, a key goal of the 2016 Health System Modernization Act. Mediation in health requires that two ""Social worlds"", the health professions and social action, sometimes distant from one another, meet each other and collaborate. Assuming that training would be a lever to facilitate their collaboration, the aim of the research is to characterize the current offer of training in the sphere of social and health mediation, to identify unmet needs and social innovation proposals that can respond to them. Our methods of investigation are based on a three-fold collection of quantitative and qualitative data: a first-hand literature review, an inventory of trainings in the national territory, focus groups and interviews with mediators and institutions working in this domain. Our results show that a certain number of obstacles tend to keep partitions between the health and social ""worlds"" including a strong asymmetry of the supply of training to the benefit of the social sector, an unequal territorial distribution and a heterogeneity of their contents. The expressed needs make it possible to advance a certain number of consensual principles related to social innovation to consolidate cooperation between social and health professionals.",internacional,2,0,0,0,0,0,contexto,
OpenAlex,https://openalex.org/W2912681849,Les organisations de l’économie sociale et solidaire (ESS) comme intermédiaires de l’innovation sociale : leurs apports… et limites,2019,fr,"Paul Müller, Corinne Tanguy",Innovations,economia_solidaria,"Les organisations de l’ESS sont considérées comme des acteurs essentiels de l’innovation sociale au sein des territoires, non seulement en étant à leur origine, mais aussi par leur rôle d’intermédiation coordonnant différentes catégories de parties prenantes. En mobilisant la littérature sur l’intermédiation d’innovation, cet article analyse les apports et limites des structures ESS dans leur fonction d’intermédiation. Nous appliquons cette grille d’analyse à l’étude du rôle d’une cave coopérative dans la diffusion d’une innovation sociale portant sur la transmission-reprise des exploitations vitivinicoles dans le vignoble bourguignon du Mâconnais. Nous montrons que la coopérative remplit son rôle d’intermédiation grâce à sa position privilégiée dans le réseau relationnel local tout en encourageant les proximités entre les parties prenantes. Néanmoins, sa capacité d’action est limitée du fait de choix stratégiques, mais aussi d’évolutions dans l’environnement local. Ces limites insistent sur la nécessité d’une intermédiation concertée avec d’autres acteurs, publics et parapublics. Codes JEL : O31, O39, Q15, R30",internacional,4,0,1,1,0,1,nucleo,
OpenAlex,https://openalex.org/W2949241884,Les innovations sociales à la lumière de la notion de communautés de personnes,2019,fr,"Marie-Noëlle Albert, Nadia Lazzari Dodeler, Jean-Pierre Pérouma",Projectics / Proyéctica / Projectique,geral,"Les innovations sociales réfèrent à la création et à la mise en œuvre d’idées nouvelles concernant la manière dont les individus devraient organiser des activités interpersonnelles ou des interactions sociales, afin de dégager un ou plusieurs objectifs communs (Mumford, 2002). Ainsi, les innovations sociales concernent ce qui a trait aux personnes et à ce qui les rassemble. C’est pourquoi, il nous a semblé pertinent d’étudier une innovation sociale à la lumière de la notion de communauté de personnes (Melé, 2012), cette notion se distingue à la fois des points de vue individualiste et collectiviste. Pour ce faire, nous avons réalisé une autopraxéographie sur une recherche-action ayant pour objectif la mise en œuvre d’une innovation sociale. Les résultats insistent sur l’importance de favoriser la mise en place de communautés de personnes pour permettre des innovations sociales. Ainsi, cela permet de transformer les cibles de l’innovation sociale en passant d’une cible à trois niveaux (individu, organisation, territoire), à une cible formée de communautés de personnes.",internacional,3,0,0,0,1,0,nucleo,
OpenAlex,https://openalex.org/W2944300228,"La conception managériale de la responsabilité sociale d’entreprise (RSE), une innovation sociale ? Enjeux d’une méthode d’évaluation systémique",2019,fr,"Jean-Pierre Chanteau, Thomas Borrell, Ludovic Temple",Innovations,geral,"Le mouvement de la responsabilité sociale d’entreprise (RSE) qui gagne les pays du Sud est souvent présenté comme une innovation sociale permettant, par des initiatives volontaires modifiant le modèle productif ou la gouvernance d’une entreprise, de prendre en charge à son niveau les problèmes sociaux ou écologiques qu’engendre son activité. Cet article offre des éléments de méthode pour une évaluation complète, jusqu’au niveau sociétal, de ces dispositifs managériaux. Pour cela, l’institutionnalisme méthodologique IAD-SES est mobilisé : nous en exposons le cadre et nos apports à cette méthode. Puis nous présentons les résultats avec une étude des dispositifs RSE dans le secteur de la banane-export au Cameroun, prenant en compte les règles en usage et les double-effets pour évaluer leur impact sur la structuration du mode de gestion de la ressource foncière du territoire concerné. Ces résultats confirment que la RSE peut avoir un effet conservatoire plutôt qu’innovant sur la structure sociale. Codes JEL : B52, M14, O13, O17, O35",internacional,4,0,0,0,0,0,nucleo,
OpenAlex,https://openalex.org/W2979912426,Dynamiques entrepreneuriales au sein de projets collectifs d’innovation sociale,2019,fr,"Valérie Billaudeau, Hervé Christofol, Jean‐Pierre Mathieu",Marché et organisations,geral,"Pour optimiser l’accompagnement de l’entrepreneuriat collectif sur le chemin de l’innovation sociale, l’équipe du projet ISTESS (Innovation Sociale et Technologique dans l’Economie Sociale et Solidaire 1 ) a conçu deux outils afin d’aider les porteurs de projets ; 1- L’AutoDiagnostic de l’Innovation Sociale-ADIS qui a pour but d’aider à se repérer dans l’innovation sociale et faciliter l’argumentation pour obtenir des financements. 2- Un guide d’Accompagnement de Projets Innovants et Collectifs-APIC qui questionne de façon systémique les domaines de compétences de l’entrepreneuriat pour modéliser l’état d’avancement du projet. Après deux années d’expérimentation avec ces deux outils, nous proposons de présenter leur évolution pour mieux cerner le profil des entrepreneurs innovants. JEL Codes : L26, L 31, O 32, O 35.",internacional,2,0,0,0,0,0,contexto,
OpenAlex,https://openalex.org/W2991393440,Soutien des incubateurs à l’innovation sociale sur les territoires : le cas d’I-Engage,2019,fr,"Sébastien Tran, Fernanda Arreola",Entreprendre & Innover,geral,"Cet article explore les spécificités de l’innovation sociale et le rôle d’un incubateur dans le développement de projets socialement innovants. Notre analyse porte sur les caractéristiques qui font de l’innovation sociale un cas particulier de développement entrepreneurial. L’étude de l’incubateur I-Engage souligne le besoin d’adapter l’offre d’accompagnement afin de concilier la dimension commerciale des projets, nécessaire à leur viabilité, et la dimension innovation sociale à long terme. Cela est d’autant plus sensible que, dans le cas d’un incubateur spécialisé dans l’ESS, nous constatons que certaines caractéristiques telles que la dimension territoriale des projets peuvent s’avérer être un frein dans leur développement.",internacional,3,0,0,0,0,0,nucleo,
OpenAlex,https://openalex.org/W2922776923,Digital Social Innovation: analysis of the conceptualization process and definition proposal,2019,es,"Laura Rodrigo, Miguel Palacios, Isabel Ortiz‐Marcos",Dirección y Organización,geral,"El objetivo de este trabajo es revisar en el dominio de la literatura científica los diferentes términos y conceptos referidos a la locución “Innovación Social Digital”. A partir de esta revisión, realizada desde una perspectiva descriptiva, aportamos, con el fin de clarificar dicha locución, una clasificación de los términos encontrados en diferentes contextos científicos y un análisis del proceso de conceptualización. Por último, siguiendo los criterios prescriptivos de los estándares relacionados con la construcción del conocimiento, proporcionamos un avance en dicho proceso mediante la propuesta de una nueva definición que permita definir algunas dimensiones y medidas en las fases posteriores de esta investigación. Palabras clave: Innovación social digital, modelo de organización en red, co-creación, participación ciudadana, comunidad en línea",internacional,3,0,0,0,0,0,nucleo,
OpenAlex,https://openalex.org/W2931629746,Educación superior y economía solidaria hacia un enfoque territorial,2019,es,"Colombia Pérez Muñoz, María Edilma Gómez Gómez, Isabel Hernández Arteaga, Sonia García Porras",Sophia,economia_solidaria,"La crisis evidente en las dimensiones sociales, económicas y ambientales ha convocado a la definición de estrategias desde las universidades, los gobiernos y las organizaciones de la sociedad civil, entre ellas, las de la economía social y solidaria, para crear condiciones que propicien una mejora en la calidad de vida y el desarrollo sostenible. El artículo presenta el avance en el desarrollo de la propuesta de educación en y para la economía solidaria en la Universidad Cooperativa de Colombia, la cual tiene un enfoque por competencias orientado a la activación de ciudadanía, el conocer y hacer visible a la economía solidaria y promover el emprendimiento y la innovación social con impactos en la comunidad interna y externa. El acompañamiento y monitoreo de este proceso, orientado por la metodología de investigación acción revela buenas prácticas, oportunidades de mejoramiento y grandes retos, especialmente en lo que se refiere a los territorios donde la universidad tiene su campo de acción. Seguir avanzando en el fortalecimiento de esta estrategia, cobra especial relevancia por la reciente firma del acuerdo de paz entre la guerrilla de las FARC-EP y el gobierno nacional de Colombia, que invita a un mayor compromiso ciudadano e institucional con la construcción de territorios solidarios para la paz.",internacional,6,0,1,1,0,2,nucleo,
OpenAlex,https://openalex.org/W2971888767,"Condiciones de trabajo y de seguridad social en asociaciones de pequeños y medianos agricultores campesinos con prácticas de economía solidaria en tres municipios del oriente antioqueño, Colombia, 2015",2019,es,"Lisardo Osório Quintero, Luz Dolly Lopera-García, Yolanda Lucía López-Arango, Iván Darío Rendón-Ospina, Juan Carlos Tabares-López, Marisol Medina-Tamayo, Emmanuel Nieto",Revista Facultad Nacional de Salud Pública,economia_solidaria,"Introducción: En algunas asociaciones de pequeños ymedianos productores agropecuarios del oriente de Antioquiase identifican prácticas de economía solidaria y de producciónagrícola que se han constituido en escenarios de resistenciay alternativas de trabajo para una población económica ysocialmente vulnerable. La economía campesina fundamentadaen el trabajo agrícola y las incertidumbres relacionadas conlas transformaciones productivas que supone la cercaníadel oriente antioqueño al Área Metropolitana son aspectosrelevantes que deben considerarse a la hora de propenderpor el fortalecimiento de las organizaciones campesinas dela economía solidaria. Objetivo: Analizar las condicionesde trabajo y de seguridad social de un grupo de pequeños ymedianos agricultores del sector solidario, comprometidoscon la seguridad alimentaria, en tres municipios del orientede Antioquia.Metodología: Se hizo un estudio descriptivotransversal de 111 productores, asociados activos de diezasociaciones campesinas de economía solidaria, legalmenteconstituidas. Se recolectó información primaria medianteencuestas. Se analizaron variables sociodemográficas,laborales y de seguridad social.Resultados: 85,6 % de losasociados pertenecen a estratos bajos y son trabajadoresindependientes, con ingreso promedio de $296 000 mensual; el72 % posee seguridad social en salud en régimen subsidiado; el91 % presenta desprotección en riesgos laborales, y el 88,3 %,en pensiones.Conclusión: Los ingresos de estos colectivosde agricultores del sector solidario son inferiores al salariomínimo legal y al ingreso promedio de los trabajadores delcampo colombiano; las desigualdades son protuberantes enrelación con los ingresos del resto de trabajadores del país. Laprotección social supone retos para el Gobierno, en cuanto aincrementar la cobertura en pensiones y riesgos laborales.",internacional,2,0,1,1,0,1,nucleo,
OpenAlex,https://openalex.org/W2889003232,"Three frames for innovation policy: R&D, systems of innovation and transformative change",2018,en,"Johan Schot, W. Edward Steinmueller",Research Policy,inovacao_politicas_publicas,"Science, technology and innovation (STI) policy is shaped by persistent framings that arise from historical context. Two established frames are identified as co-existing and dominant in contemporary innovation policy discussions. The first frame is identified as beginning with a Post-World War II institutionalisation of government support for science and R&D with the presumption that this would contribute to growth and address market failure in private provision of new knowledge. The second frame emerged in the 1980s globalising world and its emphasis on competitiveness which is shaped by the national systems of innovation for knowledge creation and commercialisation. STI policy focuses on building links, clusters and networks, and on stimulating learning between elements in the systems, and enabling entrepreneurship. A third frame linked to contemporary social and environmental challenges such as the Sustainable Development Goals and calling for transformative change is identified and distinguished from the two earlier frames. Transformation refers to socio-technical system change as conceptualised in the sustainability transitions literature. The nature of this third framing is examined with the aim of identifying its key features and its potential for provoking a re-examination of the earlier two frames. One key feature is its focus on experimentation, and the argument that the Global South does not need to play catch-up to follow the transformation model of the Global North. It is argued that all three frames are relevant for policymaking, but exploring options for transformative innovation policy should be a priority.",internacional,3,0,0,0,2,0,nucleo,
OpenAlex,https://openalex.org/W2897383306,Mission-oriented innovation policies: challenges and opportunities,2018,en,Mariana Mazzucato,Industrial and Corporate Change,inovacao_politicas_publicas,"This article focuses on the broader lessons from mission-oriented programs for innovation policy—and indeed policies aimed at investment-led growth. While much has been written about case studies on missions, this has not resulted in an alternative policy making toolkit. Missions—in the least—require those tools to be just as much about market cocreating and market shaping, as they are about market fixing. The article reviews the characteristics of mission-oriented programs, ooks at key features of those programs that can provide lessons, and discusses how to choose and implement mission-oriented policies, with an example.",internacional,3,0,0,0,1,0,nucleo,
OpenAlex,https://openalex.org/W2782563105,"Open Innovation: Research, Practices, and Policies",2018,en,"Marcel Bogers, Henry Chesbrough, Carlos Moedas",California Management Review,inovacao_politicas_publicas,"Open innovation is now a widely used concept in academia, business, and policy making. This article describes the state of open innovation at the intersection of research, practice, and policy. It discusses some key trends (e.g., digital transformation), challenges (e.g., uncertainty), and potential solutions (e.g., EU funding programs) in the context of open innovation and innovation policy. With this background, the authors introduce select papers published in this Special Section of California Management Review that were originally presented at the second annual World Open Innovation Conference, held in Santa Clara, California, in December of 2015.",internacional,3,1,0,0,0,0,nucleo,
OpenAlex,https://openalex.org/W2800327305,"Public Governance, Corporate Governance, and Firm Innovation: An Examination of State-Owned Enterprises",2018,en,"Nan Jia, Kenneth Guang-Lih Huang, Cyndi Man Zhang",Academy of Management Journal,geral,"Innovation activities create substantial firm value, but they are difficult to manage owing to agency risk, which is commonly thought to result in shirking, and hence underinvestment in innovation. However, agency risk can also create inefficient allocation of resources among innovation activities, on which the literature has provided limited understanding. We examine an important outcome created by agency risk—that agents pursue quantity of innovation at the expense of novelty—and investigate how it is influenced by corporate and public governance. We theorize that improved corporate governance tools, including better alignment of agents’ private incentives and stronger monitoring, and high-quality public governance reduce such agency risk in state-owned enterprises (SOEs). Furthermore, higher-quality public governance enhances the functioning of corporate governance tools in further reducing such agency risk in innovation. We test our theory by examining SOEs in China that responded to the state’s pro-innovation policies relying disproportionately on quantifiable outcomes (e.g., patent counts) for assessing innovation performance. Our difference-in-differences estimates provide overall support for our hypotheses. These findings provide new insights on how agency risk affects innovation by distinguishing the consequences for quantity and novelty of innovation and for how conventional corporate governance tools shaping innovation depend on public governance.",internacional,4,0,0,0,0,0,nucleo,
OpenAlex,https://openalex.org/W2891019415,Mission-oriented innovation policy and dynamic capabilities in the public sector,2018,en,"Rainer Kattel, Mariana Mazzucato",Industrial and Corporate Change,inovacao_politicas_publicas,"This article contextualizes the reemergence of mission-oriented innovation policies in the broader search for a new type of innovation policies—and the appropriate organizational forms—that can tackle “grand societal challenges, ” and focuses on our knowledge gaps in designing and implementing such innovation policies. We identify the concept and practice of dynamic capabilities in the public sector as perhaps the key missing element in the search for the new generation of innovation policies. We offer a brief conceptual and historical overview of what constitutes mission-oriented policies, focusing on two key elements of missions: coordinated public investments and market-shaping policies to “crowd in” private and third sector experimentation and innovation. The article concludes by briefly discussing the central public sector dynamic capabilities for 21st-century missions.",internacional,3,0,0,0,1,0,nucleo,
OpenAlex,https://openalex.org/W2790697279,Next-Generation Innovation Policy and Grand Challenges,2018,en,"Stefan Kuhlmann, Arie Rip",Science and Public Policy,inovacao_politicas_publicas,"The paper explores transformative ways to address Grand Challenges, while locating them in a broader diagnosis of ongoing changes. Coping with Grand Challenges is a challenge in its own right, for policy as well as for science, technology, and innovation actors. The paper presents building blocks for a next generation of innovation policies, and it discusses the opportunities offered by new constellations of actors and their concertation. Future innovation policy designs can build on ‘creative corporatism’, a concept in which governments (or related international alliances) can adopt the crucial role of facilitating broader, more diverse ‘varieties of cooperation’ in advanced capitalist economies.",internacional,3,0,0,0,0,0,nucleo,
OpenAlex,https://openalex.org/W2802951056,Beyond agricultural innovation systems? Exploring an agricultural innovation ecosystems approach for niche design and development in sustainability transitions,2018,en,"Ashlee-Ann E. Pigford, Gordon M. Hickey, Laurens Klerkx",Agricultural Systems,inovacao_politicas_publicas,"Well-designed and supported innovation niches may facilitate transitions towards sustainable agricultural futures, which may follow different approaches and paradigms such as agroecology, local place-based food systems, vertical farming, bioeconomy, urban agriculture, and smart farming or digital farming. In this paper we consider how the existing agricultural innovation systems (AIS) approach might be opened up to better support the creation of innovation niches. We engage with Innovation Ecosystems thinking to consider the ways in which it might enhance efforts to create multi-actor, cross-sectoral innovation niches that are capable of supporting transitions to sustainable agricultural systems across multiple scales. While sharing many similarities with AIS thinking, Innovation Ecosystems thinking has the potential to broaden AIS by: emphasizing the role of power in shaping directionality in innovation platforms or innovation communities that are connected to niches and their interaction with regimes; highlighting the plurality of actors and actants and the integral role of ecological actants in innovation; and offering an umbrella concept through which to cross scalar and paradigmatic or sector boundaries in order to engage with a variety of innovation systems affecting multifunctional agricultural landscapes and systems. To this end, an Agricultural Innovation Ecosystems approach may help design and support development of transboundary, inter-sectoral innovation niches that can realize more collective and integrated innovation in support of sustainability transitions, and help enact mission oriented agricultural innovation policy.",internacional,3,0,0,0,0,0,nucleo,
OpenAlex,https://openalex.org/W2900531799,Transformative innovation policy: Addressing variety in an emerging policy paradigm,2018,en,"Gijs Diercks, Henrik Larsen, Fred Steward",Research Policy,inovacao_politicas_publicas,,internacional,3,0,0,0,0,0,nucleo,
OpenAlex,https://openalex.org/W2887958698,"Social Innovation: Integrating Micro, Meso, and Macro Level Insights From Institutional Theory",2018,en,"Jakomijn van Wijk, Charlene Zietsma, Silvia Dorado, Frank G. A. de Bakker, Ignasi Martí",Business & Society,geral,"Social innovations are urgently needed as we confront complex social problems. As these social problems feature substantial interdependencies among multiple systems and actors, developing and implementing innovative solutions involve the re-negotiating of settled institutions or the building of new ones. In this introductory article, we introduce a stylized three-cycle model highlighting the institutional nature of social innovation efforts. The model conceptualizes social innovation processes as the product of agentic, relational, and situated dynamics in three interrelated cycles that operate at the micro, meso, and macro levels of analysis. The five papers included in this special issue address one or more of these cycles. We draw on these papers and the model to stimulate and offer guidance to future conversations on social innovations from an institutional theory perspective.",internacional,2,0,0,0,0,0,contexto,
OpenAlex,https://openalex.org/W2905774687,"Territórios saudáveis e sustentáveis: contribuição para saúde coletiva, desenvolvimento sustentável e governança territorial",2018,pt,"Jorge Mesquita Huet Machado, Wagner de Jesus Martins, Maria do Socorro de Souza, André Luiz Dutra Fenner, Missifany Silveira, Aletheia de Almeida Machado",Comunicação em Ciências da Saúde,inovacao_politicas_publicas,"Este ensaio é uma contribuição ao debate teórico‑metodológico para o desenvolvimento de territórios saudáveis e sustentáveis. Aborda conceitos já incorporados à saúde coletiva e a outras das ciências humanas e sociais. A construção e a aplicação do conceito de territórios saudáveis e sustentáveis remetem a análise das ações desenvolvidas por instituições de ciência e tecnologia, pesquisa e ensino, movimentos sociais, organizações não‑governamentais e governamentais. Exigem ainda pensar como ocorre o envolvimento de múltiplos atores que atuam nos territórios. Na saúde pública, esses conceitos foram incorporados e já norteiam as políticas de Atenção e Vigilância e de Promoção da Saúde do Sistema Único de Saúde. Nessa perspectiva, o objetivo deste ensaio, a partir de reflexões e experiências com pesquisa‑ação na região do semiárido para ativação de redes de governança participativa locais e regionais, é o de avançar na definição conceitual e na proposição de estratégias para o desenvolvimento territorial saudável e sustentável, considerando a ação local, o fortalecimento de processos de governança, a avaliação sistêmica dos impactos das políticas públicas regionais e o acompanhamento da Agenda 2030 para o desenvolvimento sustentável da ONU.",nacional,5,0,0,0,0,0,nucleo,
OpenAlex,https://openalex.org/W2939170102,La participation culturelle est-elle une innovation sociale ?,2018,fr,"Emmanuel Négrier, Lluís Bonet",Nectart,geral,"Le discours de l’innovation, dans le domaine artistique, a une portée sociale qui est peu mise en avant, notamment du côté de la participation. Or, on parle de plus en plus d’un tournant participatif qui, dans le domaine culturel, est lié à trois facteurs (technologique, sociologique et politique) qu’il faut regarder de plus près. Cet article fait référence à des expériences concrètes, en France et dans d’autres pays européens, pour confronter l’idée générale et généreuse d’un « tournant » aux contingences du terrain. Il se demande, à l’heure des droits culturels, si le monde artistique est prêt à confier un pouvoir aux citoyens.",internacional,2,0,0,0,1,0,contexto,
OpenAlex,https://openalex.org/W2794185131,Perspective historique de la responsabilité sociale des entreprises (RSE),2018,fr,Nejla JBARA,Revue multidisciplinaire sur l emploi le syndicalisme et le travail,geral,"La responsabilité sociale des entreprises est une notion très répandue sur le plan international, aussi bien dans les pays développés que dans les pays sous-développés. Le Maroc ne fait pas exception : il adhère bel et bien à cette pratique, constituant depuis quelques années un chantier dans lequel innovation sociale et économique sont en plein développement. En bref, les entreprises qui y pratiquent sont amenées à jouer un rôle qui dépasse le cadre de leur activité économique, en participant au bien public, en luttant contre la pauvreté, l’analphabétisme, etc., ainsi qu’en promouvant le développement durable, la gouvernance, l’éthique et l’instauration d’une philosophie conforme aux droits de l’homme. Depuis la fin de la Seconde Guerre mondiale, on a pu distinguer trois vagues successives de conception de la RSE : dans les années 1950, la conception éthique aux États-Unis ; dans les années 1970-1990, la conception utilitariste aux États-Unis ; depuis 1990, la conception fondée sur la soutenabilité dans les pays européens occidentaux qui est loin d’être arrivée à maturité encore de nos jours. Dans notre article, nous essaierons de définir ces trois conceptions de la RSE en nous attardant aux différents termes qui ont vu le jour en association avec cette notion : éthique, gouvernance, développement durable, management responsable, etc. Nous exposerons en même temps le cas du Maroc, en tant que situation prometteuse d’intégration de la RSE dans les pays en développement. L’analyse de ces trois conceptions se fera dans une perspective historique, par la présentation des lieux et des dates d’apparition et de développement de cette notion, y compris de son développement historique au Maroc.",internacional,3,0,0,0,1,0,nucleo,
OpenAlex,https://openalex.org/W2986253027,"Yuna Chiffoleau, Les circuits courts alimentaires. Entre marché et innovation sociale",2018,fr,Tom Duterme,Lectures,geral,"Les circuits courts alimentaires (CCA), un mode de vente réduisant le nombre d’intermédiaires entre producteurs et consommateurs, ont davantage été l’objet de stéréotypes que d’études scientifiques. C’est ce constat qui a conduit Yuna Chiffoleau, ingénieure agronome et sociologue proche des CCA depuis plusieurs années, à publier cette recherche-action, organisée en quatre parties. La première partie retrace l’histoire des CCA en France, de leurs racines précapitalistes (places marchandes, coo...",internacional,2,0,0,0,0,0,contexto,
OpenAlex,https://openalex.org/W2889766764,La recherche qualitative : le vecteur d’une innovation sociale et organisationnelle destinée aux personnes présentant une déficience intellectuelle ou un trouble du spectre de l’autisme,2018,fr,"Valérie Godin-Tremblay, Dany Lussier‐Desrochers",Revue francophone de la déficience intellectuelle,geral,"Dans une société où les changements surviennent à une vitesse fulgurante, les acteurs et les organisations se retrouvent constamment en processus d’adaptation face à de nouvelles pratiques permettant d’améliorer les services à la clientèle. Celles-ci doivent être documentées et peuvent bénéficier de la perspective des acteurs qui les vivent. Dans ce contexte, le propos ci-dessous présente la contribution de la recherche qualitative dans le déploiement d’une innovation, en s’intéressant à la perspective des acteurs, qu’ils soient des membres du personnel ou de la clientèle. Puis, à travers les différents aspects méthodologiques, la place stratégique que peuvent occuper les personnes présentant une déficience intellectuelle ou un trouble du spectre de l’autisme dans le déploiement d’une pratique novatrice leur étant destinée montrée, soit l’intervention technoclinique.",internacional,2,0,0,0,0,0,contexto,
OpenAlex,https://openalex.org/W2899338707,L’essor des populismes,2018,fr,Henri Wallard,Futuribles,geral,"L’essor des mouvements populistes, notamment dans les pays occidentaux supposés incarner l’idéal démocratique, voire l’arrivée au pouvoir de certains de leurs leaders suscitent légitimement une vive inquiétude et bien des questions : comment expliquer ce phénomène ? Quelles sont les caractéristiques communes à ces mouvements et, inversement, qu’est-ce qui fait leur spécificité dans les différents pays ? Tel est le premier thème retenu pour faire suite à l’accord de coopération établi à l’initiative de Najat Vallaud-Belkacem entre Ipsos, dont elle est directrice générale déléguée « Études internationales et innovation sociale », et la revue Futuribles. L’article d’Henri Wallard, s’appuyant sur les enquêtes et études de l’institut Ipsos, rappelle d’abord ce que recouvre ce terme. Puis il montre que si les populismes possèdent des traits communs et fondent leur action sur certains thèmes de prédilection, ils sont néanmoins très divers et doivent être analysés en tenant compte de l’histoire, de la culture, du contexte socio-économique et politique propre à chaque pays. En témoignent, selon l’auteur, les cas analysés ici des États-Unis, de l’Italie et du Royaume-Uni. « Il n’y a pas, écrit Henri Wallard, de montée du populisme mais plutôt émergence de différents mouvements populistes particuliers. » Ce n’est toutefois pas une raison pour sous-estimer le danger qu’ils représentent. H.J.",internacional,2,0,0,0,0,0,contexto,
OpenAlex,https://openalex.org/W4237393257,Édito,2018,fr,Nicolas Chambon,Rhizome,geral,"Aller vers »... d'autres pratiques ?RHIZOME n.m. (gr.rhyza) Tige souterraine vivante, souvent horizontale, émettant chaque année des racines et des tiges aériennes.Bulletin national santé mentale et précarité Juin 2018 Le champ de la précarité a été le laboratoire d'une innovation sociale majeure : des dispositifs pour « aller vers » les plus exclus du système de soins et d'assistance ont été pensés à la fin des années 1990.L'« aller vers » est devenu au fil des ans un concept et s'est largement diffusé dans de nombreuses organisations, au-delà des équipes « pionnières ».Qu'est-ce que cette perspective engage concrètement en termes de pratiques ?Dans ce numéro de Rhizome, Alain Mercuel et Xavier Emmanuelli nous rappellent le contexte de création des équipes mobiles psychiatrie-précarité (EMPP) et du Samu social, pour des personnes en souffrance psychique vivant dans des situations de grande précarité.On apprend que le refus de soin peut se comprendre d'un point de vue clinique et témoigner d'une impossibilité psychique à s'inscrire dans une démarche thérapeutique, nécessitant la mise en place d'approches plus proactives.Retenons, avant d'y revenir, cette proposition : « la permanence du lien par un Édito",internacional,2,0,0,0,0,0,contexto,
OpenAlex,https://openalex.org/W2892173155,"La economía social ante los paradigmas económicos emergentes: innovación social, economía colaborativa, economía circular, responsabilidad social empresarial, economía del bien común, empresa social y economía solidaria",2018,es,"Rafael Chaves Ávila, José Luis Monzón Campos",CIRIEC-España revista de economía pública social y cooperativa,economia_solidaria,"En los últimos quince años han irrumpido en el escenario político, económico y científico términos como la innovación social, la economía colaborativa, la empresa social, la responsabilidad social empresarial, la ciudadanía corporativa, la economía circular, la economía del bien común, la economía solidaria y las prácticas económicas alternativas. La irrupción de este nuevo léxico se ha hecho patente durante la última crisis y en el contexto de transformación estructural de las economías occidentales. Conforman paradigmas que nacen en el contexto de deslegitimación del modelo económico imperante basado en la empresa maximizadora de beneficios y poniendo en valor la dimensión social.El objeto del presente artículo es analizar estas nociones emergentes y compararlas con el ya consolidado concepto de la economía social. Para ello, en primer lugar y como punto de referencia, se presenta el concepto de economía social, su sentido socioeconómico y epistemológico y sus dimensiones cuantitativas actuales en Europa. En segundo lugar, se estudia cada una de estas nociones emergentes abordando su contenido, su grado de institucionalización académica y social y finalmente el grado de notoriedad alcanzado. En tercer lugar, se realiza una interpretación de la aparición de estas nociones y se ofrece un marco de análisis para su comparación con el concepto de economía social. El artículo finaliza con un apartado de conclusiones.",internacional,5,0,1,1,0,1,nucleo,
OpenAlex,https://openalex.org/W2890040809,Características de la economía solidaria colombiana. Aproximaciones a las corrientes influyentes en Colombia,2018,es,"Miguel Ricardo Dávila Ladrón de Guevara, Amanda Vargas Prieto, Lina Blanco, Edgar Roa, Luz Stella Cáceres Gómez, Luis Alfredo Vargas",CIRIEC-España revista de economía pública social y cooperativa,economia_solidaria,"En Colombia, la procedencia teórica y doctrinal para la definición y conceptualización de lo que se entiende por economía solidaria no es muy clara, por esto consideramos la realización de un proyecto de investigación que nos llevará a ello. El primer resultado se presenta en este artículo. El objeto del mismo es presentar la reflexión teórica que nos permitirá tener una guía de análisis para definir la economía solidaria en Colombia. A través de una metodología cualitativa basada en el método de análisis documental y utilizando diferentes técnicas de recolección de información, analizamos dos corrientes demográficas que han tenido incidencia en la definición de la economía solidaria en Colombia. La primera es la corriente latinoamericana y la segunda es la corriente de economía social y solidaria. Finalmente hacemos una revisión del marco normativo para proponer algunos elementos teóricos que son la base de la investigación. Este artículo es la realización del primer objetivo específico del proyecto en mención.",internacional,2,0,1,1,0,1,nucleo,
OpenAlex,https://openalex.org/W2802974529,La identidad de la empresa social en España: análisis desde cuatro realidades socioeconómicas,2018,es,"Marta Solórzano García, Carmen Guzmán, Teresa Savall Morera, Esther Villajos",CIRIEC-España revista de economía pública social y cooperativa,economia_solidaria,"La realidad y la literatura científica de la empresa social han ido adquiriendo mayor relevancia durante los últimos años en España, aunque no ha llegado a equipararse a los niveles de otros países europeos, en los cuales el concepto goza de un mayor reconocimiento y desarrollo. Si bien se pueden identificar ejemplos de empresas sociales en nuestro país desde el siglo XV, no es hasta hace una década cuando se ha acuñado el concepto de manera más generalizada.Nuestro objetivo es identificar los modelos de empresa social existentes en España sobre cada uno de los enfoques considerados en la literatura específica de empresa social.Partiendo de la metodología y el trabajo desarrollado dentro del proyecto ICSEM (equipo español), estableceremos una clasificación de los distintos modelos de empresas sociales, utilizando como referencia las fronteras conceptuales de cuatro realidades socioeconómicas presentes en España: la economía social, el Tercer Sector de Acción Social, la economía solidaria y el Emprendimiento Social.Como resultado más relevante obtenemos una nueva perspectiva de análisis de las empresas sociales, contribuyendo así al debate actual de delimitación del concepto y realidad de la empresa social, en España en particular, y en la esfera académica en general.",internacional,2,0,1,1,0,1,nucleo,
OpenAlex,https://openalex.org/W2907613108,Intereses y perspectivas formativas en economía social y solidaria de los estudiantes universitarios,2018,es,"Isabel Hernández Arteaga, Colombia Pérez Muñoz, Sohely Rúa Castañeda",CIRIEC-España revista de economía pública social y cooperativa,economia_solidaria,"Este artículo es resultado de un proceso de investigación educativa, cuyo objetivo fue analizar e interpretar las preguntas que formulan estudiantes universitarios sobre la economía social y solidaria, dando cuenta de su interés y perspectivas formativas. El estudio se realizó con la participaron de 96 jóvenes universitarios, que en su plan de estudios de pregrado contempla la formación en economía social y solidaria y que para el momento del estudio se encontraban matriculados en uno de los cursos específicos sobre el tema. El estudio concluye que los estudiantes demandan aprendizajes significativos y una participación activa en los procesos de construcción de conocimiento. Asimismo, se identifica la necesidad del desarrollo de enfoques educativos que logren construir mayores niveles de complejidad del pensamiento del estudiante sobre las mencionadas temáticas. El estudio replicado en otros contextos de educación superior puede contribuir al mejoramiento de enfoques, contenidos y metodologías que permitan la mayor articulación de la formación con un escenario de desempeño profesional en el sector de la economía solidaria desde la innovación, el emprendimiento o la vinculación laboral a organizaciones ya existentes en los territorios.",internacional,5,0,1,1,0,1,nucleo,
OpenAlex,https://openalex.org/W2894852113,Innovación transformadora. Propuestas desde la innovación social colectiva para el desarrollo humano,2018,es,"Alejandra Boni Aristizábal, Sergio Belda‐Miquel, Victoria Pellicer-Sifres",Recerca Revista de pensament i anàlisi,economia_solidaria,"Hay muchas maneras de entender y practicar la innovación social. En este artículo queremos abordar una perspectiva concreta: la innovación social colectiva (ISC) que busca explícitamente la transformación de los regímenes socio-técnicos. A partir del análisis de dos experiencias que tienen lugar en Valencia (grupos de consumo y una cooperativa energética), caracterizamos el sentido de la transformación de las ISC y su direccionalidad. Para lo primero, se recurre al marco de las transiciones socio-técnicas, mientras que para lo segundo el análisis se realiza desde el desarrollo humano. El análisis arroja diferencias sustanciales en la manera en la que las ISC entienden la producción, las tecnologías, las políticas y regulaciones, la estructura industrial, los canales de acceso y las fuentes de conocimiento, respecto de las prácticas socio-técnicas dominantes. Asimismo evidencia que sus propuestas se alinean claramente con los principios del desarrollo humano y permiten la expansión de capacidades y de agencia.There are many ways to understand and practice social innovation. In this article we touch upon a specific perspective: grassroots innovations (gi) which explicitly seek the transformation of socio-technical regimes. From the analysis of two experiences that took place in the city of Valencia (consumer groups and an energy cooperative), we characterize the sense of the transformation of the grassroots and its directionality. For the former, the framework of socio-technical transitions is used, while, for the latter, the analysis is being made through the human development approach. The analysis reveals substantial differences in the way in which gi understand production, technologies, policies and regulations, industrial structure, access channels and sources of knowledge, compared with dominant socio-technical practices. It also shows that their proposals are clearly aligned with the principles of human development and allow the expansion of capabilities and agency.",internacional,4,0,1,1,0,1,nucleo,
OpenAlex,https://openalex.org/W2586315688,"Innovation policy: what, why, and how",2017,en,"Jakob Edler, Jan Fagerberg",Oxford Review of Economic Policy,inovacao_politicas_publicas,"During the last two to three decades policy-makers have increasingly became concerned about the role of innovation for economic performance and, more recently, for the solution of challenges that arise (such as the climate challenge). The view that policy may have a role in supporting innovation has become widespread, and the term innovation policy has become commonly used. This paper takes stock of this rapidly growing area of public policy, with particular focus on the definition of innovation policy (what it is); theoretical rationales (why innovation policy is needed); and how innovation policy is designed, implemented, and governed.",internacional,4,0,0,0,0,0,nucleo,
OpenAlex,https://openalex.org/W2770889229,The Fourth Industrial Revolution (Industry 4.0): A Social Innovation Perspective,2017,en,"Rabeh Morrar, Husam Arman",Technology Innovation Management Review,geral,"IntroductionEvery industrial revolution brought with it benefits and challenges to the socioeconomic status of the countries that have engaged in such transformation. For instance, Great Britain led the first industrial revolution with the invention of the commercial steam engine, which revolutionized communication and transportation and led to many other industrial",internacional,2,0,0,0,0,0,contexto,
OpenAlex,https://openalex.org/W2622131111,Transformative social innovation and (dis)empowerment,2017,en,"Flor Avelino, Julia M. Wittmayer, Bonno Pel, Paul M. Weaver, Adina Dumitru, Alex Haxeltine, René Kemp, Michael Søgaard Jørgensen, Tom Bauler, Saskia Ruijsink, Timothy O’Riordan",Technological Forecasting and Social Change,geral,"This article responds to increasing public and academic discourses on social innovation, which often rest on the assumption that social innovation can drive societal change and empower actors to deal with societal challenges and a retreating welfare state. In order to scrutinise this assumption, this article proposes a set of concepts to study the dynamics of transformative social innovation and underlying processes of multi-actor (dis)empowerment. First, the concept of transformative social innovation is unpacked by proposing four foundational concepts to help distinguish between different pertinent ‘shades’ of change and innovation: 1) social innovation, (2) system innovation, (3) game-changers, and (4) narratives of change. These concepts, invoking insights from transitions studies and social innovations literature, are used to construct a conceptual account of how transformative social innovation emerges as a co-evolutionary interaction between diverse shades of change and innovation. Second, the paper critically discusses the dialectic nature of multi-actor (dis)empowerment that underlies such processes of change and innovation. The paper then demonstrates how the conceptualisations are applied to three empirical case-studies of transformative social innovation: Impact Hub, Time Banks and Credit Unions. In the conclusion we synthesise how the concepts and the empirical examples help to understand contemporary shifts in societal power relations and the changing role of the welfare state.",internacional,2,0,0,0,0,0,contexto,
OpenAlex,https://openalex.org/W2397761253,Fundamentals for an International Typology of Social Enterprise Models,2017,en,"Jacques Defourny, Marthe Nyssens",VOLUNTAS International Journal of Voluntary and Nonprofit Organizations,geral,"Abstract The quest for a widely accepted definition of social enterprise (SE) has been a central issue in the last two decades. However, it only seems feasible today to identify a few criteria that were most debated: the specific role of individual social entrepreneurs, the place of social innovation, the search for market income and the issue of governance. The arena of conceptualization efforts should now be fed with more contributions starting from bottom-up approaches built upon a hypothesis that could be termed “the impossibility of a unified definition”. In this paper, we develop a theoretical framework combining principles of interest (mutual, general and capital interest) and resource mixes to identify institutional trajectories generating four major SE models. We then show that all four SE models may address the actual diversity of SE’s social missions. Finally, we suggest that such social missions may be enhanced differently depending on the respective governance mechanisms.",internacional,3,0,0,0,1,0,nucleo,
OpenAlex,https://openalex.org/W2595692298,‘Don’t call me resilient again!’ : the New Urban Agenda as immunology … or … what happens when communities refuse to be vaccinated with ‘smart cities’ and indicators,2017,en,Maria Kaïka,Environment and Urbanization,geral,"The Habitat III Conference’s New Urban Agenda hails a “paradigm shift” for pursuing the Sustainable Development Goals (SDGs). However, the new call for “safe, resilient, sustainable and inclusive cities” remains path dependent on old methodological tools (e.g. indicators), techno-managerial solutions (e.g. smart cities), and institutional frameworks of an ecological modernization paradigm that did not work. Pursuing a new urban paradigm within this old framework can only act as immunology: it vaccinates citizens and environments so that they can take larger doses of inequality and degradation in the future; it mediates the effects of global socio-environmental inequality, but does little towards alleviating it. Indeed, an increasing number of communities across the world now decline these immunological offers. Instead, they rupture path dependency and establish effective alternative methods for accessing housing, healthcare, sanitation, etc. I argue that real smart solutions and real social innovation are to be found not in consensus-building exercises, but in these dissensus practices that act as living indicators of what/where urgently needs to be addressed.",internacional,2,0,0,0,0,0,contexto,
OpenAlex,https://openalex.org/W2603376329,"‘Shaken, but not stirred’: Sixty years of defining social innovation",2017,en,"Mónica Edwards-Schachter, Matthew L. Wallace",Technological Forecasting and Social Change,geral,,internacional,2,0,0,0,0,0,contexto,
OpenAlex,https://openalex.org/W2614366703,"REFORMA DO ENSINO MÉDIO NO CONTEXTO DA MEDIDA PROVISÓRIA N o 746/2016: ESTADO, CURRÍCULO E DISPUTAS POR HEGEMONIA",2017,pt,"Celso João Ferreti, Mônica Ribeiro da Silva",Educação & Sociedade,tecnologia_social,"RESUMO: O texto se propõe a tomar como foco de análise a Medida Provisória (MP) nº 746/2016 e as proposições relativas à reforma curricular do ensino médio. Partimos do entendimento do currículo em suas dimensões restrita (matriz curricular) e ampla, como tecnologia social a serviço de ações hegemônicas e/ou contra hegemônicas. À luz do conceito de Estado ampliado de Gramsci, a partir do qual o tensionamento entre sociedade política e sociedade civil engendra disputas por hegemonia, desenvolvemos a análise considerando duas fontes: os argumentos trazidos nas audiências públicas que debateram a Medida Provisória até sua conversão em Projeto de Lei (PL) e, finalmente, em Lei; e as proposições em torno da Base Nacional Comum Curricular (BNCC), considerada central para a implementação da reforma.",nacional,2,0,1,0,0,0,nucleo,
OpenAlex,https://openalex.org/W2765928944,Modernidade/Colonialidade sem “Imperialidade”? O Elo Perdido do Giro Decolonial,2017,pt,Luciana Ballestrin,Dados,emancipacao_inovacao,"RESUMO O “giro decolonial” ao adaptar o argumento pós-colonial para a América Latina, compreende que a colonialidade é a face oculta e constitutiva da modernidade. Ao constatar criticamente que o problema do imperialismo é subdesenvolvido pelos seus principais teóricos, lanço as seguintes indagações: é possível pensar na relação entre colonialidade e modernidade, sem a dinâmica da “imperialidade”? Como explicar a reprodução das novas formas de colonialismo sem a consideração das novas formas de imperialismo? Neste artigo, assim, proponho o conceito de Imperialidade como uma lacuna que impede a explicação dos mecanismos de reprodução da colonialidade. Ao entendê-la como lógica do imperialismo, constitutiva e relacional da colonialidade, observo ainda que as estratégias de descolonização devem ser muito mais dirigidas à “Imperialidade” do que à modernidade propriamente dita. A informalidade, invisibilidade e nebulosidade dos mecanismos contemporâneos de Imperialidade reproduzem o imperialismo sem império através da governança sem governo no contexto global.",nacional,2,0,0,1,0,1,nucleo,
OpenAlex,https://openalex.org/W2761816763,Loucura e diversidade cultural: inovação e ruptura nas experiências de arte e cultura da Reforma Psiquiátrica e do campo da Saúde Mental no Brasil,2017,pt,"Paulo Amarante, Eduardo Henrique Guimarães Torre",Interface - Comunicação Saúde Educação,geral,"O presente trabalho busca refletir sobre as inovações produzidas pela Reforma Psiquiátrica para o governo da Saúde Mental no Brasil, especialmente por meio de um movimento artístico-cultural de construção de novas concepções sobre a loucura e o sofrimento mental. Desse modo, o artigo analisa as rupturas com o paradigma psiquiátrico que vêm sendo operadas a partir das experiências artístico-culturais brasileiras, por meio de inúmeros projetos de arte-cultura no campo da Saúde Mental, nos quais os atores do processo de reforma psiquiátrica vêm produzindo não só novas possibilidades de vida, expressão e inclusão social para os sujeitos em sofrimento mental, mas também a construção de um novo lugar social para a loucura. Finalmente, reflete-se sobre as mudanças no imaginário social no sentido da solidariedade, frente a permanências e resistências às mudanças e o surgimento de outras formas de exclusão e medicalização.",nacional,2,0,0,1,0,1,contexto,
OpenAlex,https://openalex.org/W2589337637,Sociedade civil e inovação social na esfera pública: uma perspectiva pragmatista,2017,pt,"Carolina Andion, Luciana Francisco de Abreu Ronconi, Rubens Lima Moraes, Aghata Karoliny Ribeiro Gonsalves, Lilian Brum Duarte Serafim",Revista de Administração Pública,geral,"Este artigo propõe uma nova leitura teórico-analítica para o estudo dos processos de inovação social promovidos por atores da sociedade civil na esfera pública, com base na sociologia pragmática francesa. Parte de uma discussão sobre o lugar das iniciativas da sociedade civil na ação pública na atualidade. Em seguida, faz uma incursão no debate sobre a incidência da sociedade civil na esfera pública, buscando evidenciar em que a sociologia pragmática francesa pode auxiliar para uma nova compreensão desse processo. Finalmente, relaciona os debates sobre ação coletiva da sociedade civil, inovação social e ação pública, sob uma ótica pragmatista, propondo um enfoque analítico particular para compreensão dos processos de codefinição e codomínio de situações problemáticas em arenas públicas.",nacional,2,0,0,0,0,0,contexto,
OpenAlex,https://openalex.org/W2596647123,Une typologie d’espaces ouverts d’innovation basée sur les différents modes d’innovation et motivations à la participation,2017,fr,Ignasi Capdevila,Gestion 2000,geral,"Les espaces ouverts d’innovation (tels que les Fab Labs, les Living Labs, les espaces de coworking, les hackerspaces, makerspaces, etc.) sont des espaces localises qui offrent un acces ouvert a des ressources et qui sont caracterises par une culture d’ouverture et de collaboration reposant sur le partage de connaissances, de ressources et d’outils. Cet article propose une typologie de ces espaces basee sur les types d’innovation (methodes et techniques d’ideation ; innovation sociale ; innovation ouverte ; et innovation par les utilisateurs) et les motivations qui incitent a la participation. Cette typologie aide a identifier les caracteristiques communes mais aussi les particularites des approches d’innovation qui sont derriere les differentes denominations.",internacional,2,0,0,0,0,0,contexto,
OpenAlex,https://openalex.org/W2780625265,Innovation sociale et travail social,2017,fr,"Laëtitia Lethielleux, Dominique Paturel",Forum,geral,"Si l’innovation sociale aujourd’hui s’est institutionnalisée et traverse de nombreux secteurs, de l’entreprise à la société civile, il n’en reste pas moins qu’elle est également liée à la façon dont les acteurs du travail social pensent leur professionnalité. Pour autant, exercer comme travailleur social n’équivaut pas à être innovateur social. Regarder l’innovation sociale du point de vue de la professionnalité des travailleurs sociaux et ensuite comprendre ce que recouvre ce concept sont l’objet de cet article.",internacional,2,0,0,0,0,0,contexto,
OpenAlex,https://openalex.org/W2767762847,Les gérontotechnologies sont-elles une innovation sociale ?,2017,fr,Dominique Argoud,Retraite et société,geral,"La littérature scientifique indique que les innovations sociales ne peuvent pas être considérées comme de simples inventions ni se limiter à un processus de diffusion de nouvelles techniques ou technologies. Désormais, les innovations sont plus fondamentalement appréhendées comme le résultat de l’engagement d’acteurs sociaux dans des actions leur permettant de résoudre des problèmes, afin d’atteindre des buts considérés comme légitimes. Or, si les gérontotechnologies, tout comme la silver economy , sont fréquemment assimilées à des produits ou des dispositifs dits « innovants », l’analyse de l’émergence de ce secteur démontre que l’on a affaire à un processus en grande partie défini par le « haut ». Les pouvoirs publics ont en effet joué un rôle structurant dans la tentative de promouvoir cette nouvelle filière industrielle qui se veut prometteuse du point de vue de ses potentialités technologiques, économiques et sociales. Pourtant, malgré un référentiel d’action publique favorable à ces technologies de l’autonomie, ces dernières se heurtent à d’importants obstacles quant à leur diffusion au sein du corps social. L’analyse de la genèse sociale de ce réseau sociotechnique consacré aux gérontotechnologies démontre qu’une des raisons provient sans doute du rôle central joué par les ingénieurs, les chercheurs et les industriels, au détriment des acteurs relevant du champ social et médico-social et des personnes en perte d’autonomie elles-mêmes.",internacional,2,0,0,1,0,1,contexto,
OpenAlex,https://openalex.org/W2770264827,Les paradoxes de la transformation d’une association en coopérative de solidarité : le cas de l’Accorderie de Québec,2017,fr,"Myriam Michaud, Luc K. Audebrand",Économie et solidarités,economia_solidaria,"Cet article vise à approfondir les connaissances sur les défis et les enjeux complexes des coopératives de solidarité, une configuration multisociétaire qui doit compter au moins deux catégories de membres parmi les suivantes : consommateurs, producteurs, travailleurs et membres de soutien. Bien qu’il s’agisse d’une innovation sociale qui répond aux besoins d’acteurs du développement socioéconomique communautaire, la coopérative de solidarité reste, à ce jour, peu étudiée. Afin d’améliorer notre compréhension de ce modèle d’entreprise, nous étudions le cas de l’Accorderie de Québec, qui a entrepris un processus de transformation, passant d’une structure associative (OBNL) à une structure de coopérative multisociétaire (coopérative de solidarité). Notre étude de cas nous conduit à mettre en évidence certains paradoxes vécus dans cette coopérative de solidarité, contribuant ainsi à enrichir les connaissances des enjeux entourant cette nouvelle forme organisationnelle.",internacional,3,0,1,1,0,1,nucleo,
OpenAlex,https://openalex.org/W2596734599,Modelo de Innovación Abierta: Énfasis en el Potencial Humano,2017,es,"Érick Leobardo Álvarez-Aros, César Augusto Bernal Torres",Información tecnológica,economia_solidaria,"El objetivo del trabajo presentado fue analizar la planificación y gestión interna de organizaciones de economía solidaria establecidas por población vulnerable. Se emplearon técnicas mixtas de recolección de datos, dirigidas a asociados y directivos para evaluar procesos internos que influyen en la productividad y oportunidad de inclusión social de las empresas estudiadas. Los principales hallazgos indican que la planificación es incipiente y los resultados de la gestión interna son limitados por diversos factores socioeconómicos, siendo significativo el bajo nivel de formación. Se concluye que a pesar de que las organizaciones cuentan con el apoyo de profesionales externos en el diseño y puesta en marcha de la planeación, los directivos adolecen de competencias necesarias para gestionar la ejecución de estos procesos y de recursos económicos que les permitirían lograr un mejor desempeño",internacional,3,0,1,1,0,1,nucleo,
OpenAlex,https://openalex.org/W2772161192,"Innovación y Emprendimiento, y su relación con el Desarrollo Local del Pueblo de Salinas de Guaranda, Provincia Bolívar, Ecuador",2017,es,"Milton C. Barragán, Dante Ayaviri Nina",Información tecnológica,economia_solidaria,"El objetivo de la presente investigación fue analizar empíricamente la relación entre innovación, \nemprendimiento y desarrollo local del pueblo de Salinas de Guaranda, provincia Bolívar, Ecuador. Para \neste propósito se empleo un enfoque cualitativo a través de la observación de campo y entrevistas, y otro \ncuantitativo con la aplicación de una encuesta que permita generar un modelo simple de regresión. Los \nresultados muestran que el emprendimiento contribuye de manera significativa al desarrollo local, no así la \ninnovación. La organización comunitaria, la economía solidaria, liderazgo y cultura emprendedora son \nfactores claves para el éxito de los emprendimientos en esta localidad. Se concluye que el emprendimiento \nha contribuido al desarrollo local generando fuentes de empleo que permiten mejorar el nivel de vida de la \npoblacion basado en equidad, participación comunitaria y economía solidaria.",internacional,4,0,1,1,0,1,nucleo,
OpenAlex,https://openalex.org/W2590057770,"Políticas públicas para la economía solidaria en Colombia, antecedentes y perspectivas en el posconflicto",2017,es,Jarrison Martínez Collazos,REVESCO Revista de Estudios Cooperativos,economia_solidaria;inovacao_politicas_publicas,"From an epistemological position in the social sciences and particularly in political science , the next article reflects on public policies that are designed and implemented in Colombia for the solidarity economy . It holds that in the country a restrictive view of the solidarity economy has had profound implications for the development of this sector and policies designed to him institutionalized . Today when Colombian society seeks ways to end an armed conflict that has affected for decades and build a peaceful society , it is necessary to look back on the solidarity and the solidarity economy , which involves reviewing our paradigms . Peace and needs a legal framework that institutional viability , a cultural framework to forgiveness and reconciliation , a financial framework enabling consolidation is also required . Peace requires a more caring economy.",internacional,5,0,1,1,0,1,nucleo,
OpenAlex,https://openalex.org/W2750602079,"Regeneración urbana, innovación social y prácticas económicas alternativas en ciudades medias: el Barrio del Oeste (Salamanca) / Urban renewal, social innovation and alternative economic practices in intermediate cities: a case study from the Oeste Quarter (Salamanca, Spain)",2017,es,"JosÃ© Luis SÃ¡nchez HernÃ¡ndez, AdriÃ¡n NicolÃ¡s Penela, JosÃ© Luis Alonso Santos, Lourdes Moro GutiÃ©rrez",Ería,geral,"En las ciudades españolas han proliferado formas alternativas de coordinación económica y social durante la crisis económica. La proximidad geográfica entre los participantes propicia el surgimiento de estas iniciativas. En el barrio del Oeste (Salamanca), la acción vecinal está transformando un entramado urbano densificado en un espacio atractivo para las actividades económicas que incorporan valores sociales y comunitarios.Des formes alternatives de coordination économique et sociale ont proliféré pendant la crise économique dans les villes espagnoles. La proximité géographique des participants favorise la naissance de ces initiatives. Dans le quartier de l’Ouest (Salamanque), les initiatives citoyennes sont en train de réussir à transformer un tracé urbain densifié en un espace plus attrayant pour les activités économiques qui incorporent des valeurs sociales et communautaires.Alternative forms of social and economic coordination have flourished in Spanish cities during the economic downturn. Geographical proximity among partners fosters the development of these initiatives. In the Oeste district (Salamanca), grassroots action is reshaping a highly densified environment into a more attractive area for economic activities inflected with social and community values.",internacional,3,0,0,0,0,0,nucleo,
OpenAlex,https://openalex.org/W2581723657,"Una perspectiva antropológica de las organizaciones desde la caracterización sociocultural, administración y contabilidad social. Caso institución de educación superior",2017,es,"Carmen Luz Cely-López, Ofelia Gómez-Niño",Cuadernos de Contabilidad,economia_solidaria,"Este estudio se enfocó en identificar desde la antropología cultural las relaciones culturales e interculturales y socioeducativas que se establecen en las organizaciones y su incidencia en el clima laboral para el logro de los propósitos misionales, desde la perspectiva de la administración y la contabilidad social. Se estudió una institución de educación superior, perteneciente al sector de la economía solidaria; el alcance fue el conocimiento del tejido social de las organizaciones para mostrar cómo desde la comprensión de las relaciones y los significados que se establecen en la organización pueden llegar a mayor productividad. Los indicadores cualitativos permiten evaluar ventajas comparativas de la gestión del talento humano en función del conocimiento, los aprendizajes y el compromiso con los propósitos misionales u organizacionales. Los instrumentos para recolección de información fueron entrevistas semiestructuradas, grupos focales y observación participante. Las categorías emergentes son relaciones laborales, cultura e interculturalidad, aspectos socioeducativos y adaptación.",internacional,2,0,1,1,0,1,nucleo,
OpenAlex,https://openalex.org/W2567844208,The empowerment of the film spectators: Theatrical on demand in Spain,2017,es,"Rafael Linares, Antonio Baraybar-Fernández",El Profesional de la Informacion,geral,"Gracias a las posibilidades que genera la tecnología digital se abre un nuevo escenario donde las multitudes son capaces de innovar y transformar de forma eficaz las prácticas tradicionales de empresas y organizaciones. En este artículo presentamos los resultados de una investigación sobre el fenómeno de la distribución y exhibición cinematográfica bajo demanda en España, también conocido en el sector profesional con el término “estrenos bajo demanda” o “theatrical on demand”. Además del análisis descriptivo, se aportan datos cuantitativos y cualitativos que permiten evaluar la dimensión económica, cultural y social de esta nueva forma de relación entre el espectador y la película. La innovación empresarial de carácter comercial y la innovación social no son conceptos independientes, una sociedad activa puede contribuir a nuevas formas de comercialización que le permitan acceder a producciones independientes de difícil difusión por los canales convencionales de distribución y vivir nuevas experiencias culturales. AbstractThanks to the possibilities generated by digital technology a new scenario has emerged in which large groups of people are able to efficiently innovate and transform the traditional practices of companies and organizations. This article presents the results of research into the distribution and screening of films in Spain through a phenomenon known as theatrical on demand. In addition to a descriptive analysis, quantitative and qualitative data is presented to provide an evaluation of the economic, cultural, and social dimensions of this new relationship between audiences and movies. Commercial business innovation and social innovation are not separate concepts. An active society can serve as a vehicle new cultural experiences and new forms of marketing that provide access to independent productions that would otherwise be difficult to get to market through conventional distribution channels.",internacional,3,0,0,0,1,0,nucleo,
OpenAlex,https://openalex.org/W2773415365,From NASA to EU: the evolution of the TRL scale in Public Sector Innovation,2017,en,Mihály Héder,SZTAKI Publication Repository (Hungarian Academy of Sciences),inovacao_politicas_publicas;inovacao_instituto_publico,"This study examines how the Technology Readiness Level (TRL) scale became, through various mutations, an innovation policy tool of the European Union (EU), and summarizes the risks and opportunities created along the way. The paper presents a comparative study about the evolution of two innovation-related policies that share a common concept. This document-centric study relies on position papers, white papers, government documents, policy documents and research program descriptions. The paper establishes that the concreteness and sophistication of the TRL scale gradually diminished as its usage spread outside its original context (space programs). A discipline-specific tailoring of the scale is essential in every area before application. Yet for a number of disciplines this has not happened, while in some other areas the available customizations and handbooks are not used in EU context. This uncritical usage of the scale in the current EU framework program seems to carry more risks than advantages. In the absence of discipline-specific guides, TRLs will predictably become a source of confusion and a subject of abuse in efforts to obtain EU funding.",internacional,3,0,0,0,0,0,nucleo,
OpenAlex,https://openalex.org/W3120385572,"Living Labs, innovation sociale et territoire",2017,fr,"Juan‐Luis Klein, Bernard Pecqueur",HAL (Le Centre pour la Communication Scientifique Directe),geral,International audience,internacional,3,0,0,0,0,0,nucleo,
OpenAlex,https://openalex.org/W2752100949,"La innovación social: orígenes, tendencias y ambivalencias",2017,es,Xavier Martínez Celorrio,Sistema: Revista de ciencias sociales,geral,"espanolThe article defines, first, what social innovation is and what its different conceptions and approaches are, describing its origins and its recent process of institutionalization. Second, we analyze the incipient state of development of social innovation in the Spanish case, hampered by the ignorance of political elites. Third, we describe its main components and actors that interact in the form of ecosystem. Finally, we conclude by reflecting on the ambivalent role of social innovation as an engine for transformative change, as well as a compensatory palliative that is insufficient in the face of inequalities and problems of a more structural scope. espanolEl articulo define, en primer lugar, en que consiste la innovacion social y cuales son sus diferentes concepciones y enfoques, describiendo sus origenes y su reciente proceso de institucionalizacion. En segundo lugar, analizamos el estado incipiente de desarrollo de la innovacion social en el caso espanol, obstaculizado por el desconocimiento de las elites politicas. En tercer lugar, describimos sus principales componentes y actores que interactuan en forma de ecosistema. Por ultimo, concluimos reflexionando sobre la funcion ambivalente que presta la innovacion social en tanto motor de cambios transformadores a la vez que paliativo compensatorio, que es insuficiente ante las desigualdades y los problemas de alcance mas estructural.",internacional,3,0,0,0,0,0,nucleo,
OpenAlex,https://openalex.org/W2499023717,Social innovation research: An emerging area of innovation studies?,2016,en,"Robert van der Have, Luis Rubalcaba",Research Policy,geral,,internacional,2,0,0,0,0,0,contexto,
OpenAlex,https://openalex.org/W2388878075,From market fixing to market-creating: a new framework for innovation policy,2016,en,Mariana Mazzucato,Industry and Innovation,inovacao_politicas_publicas,"Many countries are pursuing innovation-led “smart” growth, which requires long-run strategic investments and public policies that aim to create and shape markets, rather than just “fixing” markets or systems. Market creation has characterized the kind of mission-oriented investments that led to putting a man on the moon and are currently galvanizing green innovation. Mission-oriented innovation has required public agencies to not only “de-risk” the private sector, but also to lead the direct creation of new technological opportunities and market landscapes. This paper considers four key issues that arise from a market-creating framework for policy: (1) decision-making on the direction of change; (2) the nature of (public and private) organizations that can welcome the underlying uncertainty and discovery process; (3) the evaluation of mission-oriented and market-creation policies; and (4) the ways in which both risks and rewards can be shared so that smart growth can also result in inclusive growth.",internacional,3,0,0,0,1,0,nucleo,
OpenAlex,https://openalex.org/W2516013275,Public value creation through collaborative innovation,2016,en,"Barbara C. Crosby, Paul ‘t Hart, Jacob Torfing",Public Management Review,inovacao_instituto_publico,"This article explores how public managers can use insights about public sector innovation and public value governance to make more than incremental progress in remedying society’s most pressing needs. After outlining the features of public innovation, it considers some traditional barriers to achieving it. It then considers the usefulness of the public value framework for managers seeking to design innovative solutions for complex problems, and examines the type of leadership that is likely to foster collaborative innovation and public value. It finishes by offering levers for achieving innovation by adopting design logics and practices associated with inclusive, experimentalist governance.",internacional,3,0,0,0,0,0,nucleo,
OpenAlex,https://openalex.org/W2294712836,How Social Innovation ‘Came to Be’: Tracing the Evolution of a Contested Concept,2016,en,"Noorseha Ayob, Simon Teasdale, KYLIE FAGAN",Journal of Social Policy,geral,"Abstract Social innovation is a contested concept with multiple meanings that have implications beyond academia. It is not a new term – its sociological heritage can be dated to the late nineteenth century. However, until the twenty-first century the concept was sparsely utilised, and, despite its current popularity among policy makers in Europe and the United States, remains largely ignored by social policy researchers. Through bibliometric analysis we identify the most influential articles on social innovation and explore how these have conceptualised the term. We show that over time social innovation has taken on a set of meanings far removed from its sociological roots. In particular we identify a weak tradition that sees social innovation as any increase in aggregate individual utility arising from an innovation, and a strong tradition that focuses on the process of collaboration between different groups and the restructuring of power relations. We conclude by outlining implications for social policy research.",internacional,2,0,0,0,0,0,contexto,
OpenAlex,https://openalex.org/W2464152861,Social innovation in rural development: identifying the key factors of success,2016,en,Stefan Neumeier,Geographical Journal,geral,"In political and lay discourses, social innovation has recently been seen as a promising solution to fill gaps caused by austerity politics, or as a means to meet the so‐called Grand Challenges of the twenty‐first century. This article focuses on factors supporting the success of social innovation; that is, factors that support the development of a social innovation that enhances the probability of a high rate of adoption. To achieve this, the questions addressed are: Which factors bring forward social innovation? Where in the innovation process do they take effect? To what extent can rural development policy purposefully exert influence on these factors? Drawing on findings in innovation and social innovation research as well as from the rural participative planning discourse, it is shown that three tiers of factors influence the success of social innovation. These are: (1) factors important for the success of the overall innovation process; (2) factors influencing the room to manoeuvre for the social innovation actor network; and (3) factors influencing the actual participation process. A closer look at each of these factors reveals that most of them are excluded from external steering, and only factors influencing the room to manoeuvre provide potential links for rural policy to support social innovation. This allows one to conclude that social innovation in rural development cannot be easily initiated or steered from the top down, raising the question of whether social innovation can be politically instrumentalised.",internacional,2,0,0,0,0,0,contexto,
OpenAlex,https://openalex.org/W2277696370,Business Statesman or Shareholder Advocate? CEO Responsible Leadership Styles and the Micro‐Foundations of Political CSR,2016,en,"Thomas Maak, Nicola M. Pless, Christian Voegtlin",Journal of Management Studies,geral,"ABSTRACT In this article we pursue two objectives. First, we refine the concept of responsible leadership from an upper echelon perspective by exploring two distinct styles (instrumental and integrative) and thereby further developing the understanding of the newly emerging integrative style. Second, we propose a framework that examines the micro‐foundations of political corporate social responsibility (CSR). We explicate how the political CSR engagement of organizations (in social innovation and multi‐stakeholder initiatives) is influenced by responsible leadership styles and posit that most CEOs tend to espouse either instrumental or integrative responsible leadership approaches, based on perceived moral obligations toward shareholders or stakeholders. We examine the moderating effects of societal‐ and organizational‐level factors (such as power distance and corporate governance), and individual‐level influences (such as cognitive and social complexity). We discuss both approaches with respect to their effectiveness in dealing with political CSR challenges in a complex environment and conclude that an instrumental responsible leadership style may be effective in relatively stable settings with strong institutional arrangements, while the complex and unstable context of a post‐national constellation with weak institutions calls for an integrative responsible leadership style. The latter can be expected to be more effective in dealing with political CSR challenges in a global world, contributing to closing governance gaps and producing sustainable outcomes for societies.",internacional,3,0,0,0,0,0,nucleo,
OpenAlex,https://openalex.org/W2466901970,Governança e capacidades estatais: uma análise comparativa de programas federais,2016,pt,"Roberto Rocha Coelho Pires, Alexandre de Ávila Gomide",Revista de Sociologia e Política,inovacao_politicas_publicas,"Resumo O artigo se dedica ao exame dos arranjos institucionais que marcaram a implementação de políticas públicas pelo governo federal no Brasil na última década. Pretende-se compreender de que forma as características desses arranjos condicionaram as capacidades estatais disponíveis e afetaram o desempenho e os resultados até então observados de políticas públicas pré-selecionadas. A pesquisa se baseia em uma análise comparativa de oito casos de políticas públicas federais prioritárias no período recente (nomeadamente entre os anos de 2003 e 2013). Os casos foram selecionados em função da homogeneidade de seus contextos de implementação e da heterogeneidade de suas áreas temáticas (social, infraestrutura e desenvolvimento industrial). A partir do mapeamento dos arranjos institucionais e da avaliação de capacidades técnico-administrativas e político-relacionais de cada caso, desenvolveu-se uma comparação entre os casos baseada em técnicas de QCA (Qualitative Comparative Analysis), as quais permitiram identificar associações e mecanismos causais entre as características dos arranjos, tipos e níveis de capacidades estatais e o desempenho observado por fontes secundárias das políticas públicas em termos de entrega de resultados e inovação. A análise comparativa indicou uma expressiva variação na configuração dos arranjos institucionais que sustentam a implementação de políticas federais contemporâneas. O exame dessa variação apontou dois achados relevantes. De um lado, verificou-se que os arranjos institucionais indutores de altas capacidades técnico-administrativas, envolvendo combinação de organizações profissionalizadas com mecanismos efetivos de coordenação intra e intergovernamentais, tendem a promover um melhor desempenho relativo em termos de entrega de resultados. De outro lado, arranjos promotores de altas capacidades político-relacionais, envolvendo interações com agentes políticos e canais para a participação da sociedade civil, tendem a ampliar, relativamente, o potencial de revisão, aprendizado e inovação nas políticas públicas. Estas conclusões contribuem para o avanço dos debates sobre governança e capacidades estatais, pois permitem compreender como diferentes tipos e níveis de capacidades estatais afetam diferentemente o desempenho e os resultados de políticas públicas. Os resultados sugerem um campo de pesquisa profícuo sobre as estruturas de governança de políticas públicas no Brasil contemporâneo, suas implicações teóricas para o debate sobre capacidades do Estado e suas decorrências práticas para o campo da gestão de políticas públicas.",nacional,5,0,0,0,0,0,nucleo,
OpenAlex,https://openalex.org/W2402387171,Quand une innovation sociale produit de l’innovation responsable,2016,fr,"Corinne Van Der Yeught, Véronique Bon",Revue française de gestion,geral,"Cet article examine comment une démarche expérimentale initiée par une organisation de l’économie sociale et solidaire stimule les capacités d’innovation responsable de petites organisations artisanales et touristiques mises en réseau dans le Sud de la France en développant leur capital social et en favorisant les apprentissages grâce à diverses expérimentations. Fondée sur une étude de cas longitudinale avec design enchâssé, la recherche opérationnalise le concept de capacités dynamiques afin de révéler les processus à l’origine des innovations responsables observées.",internacional,2,0,0,0,0,0,contexto,
OpenAlex,https://openalex.org/W2403386957,Innovation sociale et innovation radicale sont-elles contradictoires ?,2016,fr,"Kevin Levillain, Marine Agogué, Elsa Berthet",Revue française de gestion,geral,"Rejetant l’idée selon laquelle les entrepreneurs sociaux sont intrinsèquement innovants, cet article explore en quoi la formulation de la mission sociale peut être un levier pour l’innovation radicale. Par l’étude longitudinale d’une PME spécialisée dans le traitement de la malnutrition, il montre l’enjeu pour cette entreprise de renouveler régulièrement sa mission de façon à impliquer les partenaires pertinents et stimuler l’exploration de voies conceptuelles nouvelles. Formuler une mission commune et générative semble être une condition pour l’innovation sociale radicale.",internacional,2,0,0,0,0,0,contexto,
OpenAlex,https://openalex.org/W2470525656,L’innovation entre tradition et nouveauté,2016,fr,Yvon Pesqueux,Vie & sciences de l entreprise,geral,"L’innovation est devenue une référence idéologique. Elle est mise en avant à la fois comme salvatrice de la croissance économique mais aussi comme étant susceptible de résoudre les problèmes liés au développement durable, aux crises sanitaires et aux difficultés sociales (avec l’« innovation sociale »). Ce texte a pour ambition de questionner la notion au regard de son imprécision en termes de définition et de contenu avec la nécessité de se référer à un point de départ (référence fondée par rapport à la notion de tradition), de faire une analyse de l’innovation comme transgression et de mettre en regard l’innovation par rapport aux notions d’apprentissage organisationnel et de changement organisationnel.",internacional,2,0,0,0,1,0,contexto,
OpenAlex,https://openalex.org/W2464223651,La montée de l’innovation sociale,2016,fr,Paul Leduc Browne,Quaderni,geral,"Si l’expression « innovation sociale » existe depuis plus de deux siècles, elle connaît depuis vingt-cinq ans une montée remarquable. Cet article cherche à situer le moment de l’innovation sociale dans le contexte de l’histoire récente, offrant à la lumière de celle-ci une caractérisation du discours de l’innovation sociale et une interprétation de son déploiement dans des programmes de recherche. L’article propose en outre un bref aperçu de certaines tendances dans la théorie et la pratique de l’innovation sociale qui répondent à une conjoncture historique nouvelle.",internacional,2,0,0,0,0,0,contexto,
OpenAlex,https://openalex.org/W2521154231,"Alternativas a la economía y al desarrollo, desde las epistemologías del Sur y algunas nuevas visiones del mundo",2016,es,José A. González,Cooperativismo & Desarrollo,economia_solidaria,"Propósito: Este esfuerzo se enmarca en una lucha regional por la construcción de autonomías, de espacios liberados y de defensa del territorio y de nuestra Madre Tierra. La búsqueda de alternativas en estos tiempos de crisis global es urgente. Pero no necesitamos alternativas, sino un nuevo modo de producción de conocimiento, es decir de un pensamiento alternativo de las alternativas. Descripción: en este artículo expondremos el caso de Yomol A’tel (grupo de cooperativas y empresas de economía solidaria en Chiapas, México) en donde intentamos partir de la cosmovisión indígena tseltal para construir otras formas de hacer economía y de entender el trabajo y la producción. Punto de vista: La economía, el desarrollo y todas las instituciones de la sociedad industrial son hijas del ego moderno, este es el que está en crisis y en cuestión. Realizar nuestros análisis e investigaciones desde premisas epistémicas distintas nos llevará a diferentes conclusiones; la realidad responde según el lenguaje en el que se le pregunte. Conclusiones: Tanto las epistemologías del Sur como otras nuevas visiones del mundo pueden entrar en un diálogo de saberes y ser la base para la construcción de un nueva y pertinente forma de conocimiento.",internacional,6,0,1,1,0,3,nucleo,
OpenAlex,https://openalex.org/W2410406264,"La innovación social desde el ámbito público: Conceptos, experiencias y obstáculos",2016,es,"Enrique Conejero Paz, Juan Carlos Redondo Lebrero",Gestión y Análisis de Políticas Públicas,inovacao_politicas_publicas,"Este estudio se centra en la innovación social, aproximación conceptual emergente para conformar y explicar las relaciones entre el estado, la sociedad y el mercado. En este sentido, los gobiernos están comenzando a incluir en sus agendas programas de innovación social con distintos enfoques, aunque su implementación y evaluación aún denotan deficiencias debido a la existencia de determinadas barreras de carácter estructural. El trabajo se realiza desde un enfoque de gobernanza, residiendo su novedad, por un lado, el propio tratamiento de la innovación social, poco estudiada en España y, por otro, la integración en el análisis tres elementos; los enfoques de la innovación social, su aplicación en políticas públicas nacionales, y los obstáculos que inhiben la innovación social en el sector público.",internacional,3,0,0,0,3,0,nucleo,
OpenAlex,https://openalex.org/W2332352931,El sector solidario como alternativa para el desarrollo social e inclusivo en el postconflicto colombiano,2016,es,"Humberto Serna Gómez, Mario Samuel Rodríguez Barrero",Cooperativismo & Desarrollo,economia_solidaria,"Propósito: En el presente escrito, se busca dar respuesta a la pregunta: ¿cómo puede contribuir el sector de la economía social y solidaria en la inclusión social y laboral para la construcción de la paz? Descripción: Para dar respuesta a este interrogante se hace un resumen sobre la evolución del cooperativismo, luego se contextualiza la situación actual del sector de la economía solidaria y posteriormente, se describe a manera de ejemplo, la propuesta de investigación bajo el método de caso de la Cooperativa Prosperando. Punto de vista: uno de los factores que ha generado el conflicto es la problemática social de pobreza y desigualdad en la cual vivimos, y la aplicación de los principios de la economía solidaria puede ser una salida viable para mejorar la situación de miles colombianos, por lo cual es importante que se aborden estos temas no solo en el ámbito académico sino que trasciendan a nivel político, gubernamental y, sobre todo, que se hagan realidad. Conclusiones: se concluye que la asociatividad, la inclusión social y la economía civil, como parte del sector de la economía solidaria, son esenciales para la reconciliación y el fortalecimiento de la paz en el posible escenario del postconflicto colombiano.",internacional,3,0,1,1,0,2,nucleo,
OpenAlex,https://openalex.org/W2520234617,El Cooperativismo y la Economía Solidaria: Génesis e Historia,2016,es,"Luis Francisco Ramírez-Díaz, José de Jesús Herrera-Ospina, Luis Fernando Londoño Franco",Cooperativismo & Desarrollo,economia_solidaria,"Propósito: el presente artículo realiza una revisión sistemática del pensamiento filosófico en función de los comienzos de la economía solidaria, en los contextos internacional y nacional. Descripción: Actualmente el desarrollo de la economía globalizada exige nuevos escenarios que involucren el pensamiento y la praxis en las diferentes actividades que constituyen el quehacer de los seres humanos. Punto de vista: en consecuencia el objetivo del artículo se fundamenta en dar una mirada al desarrollo teórico que se puede leer desde las diferentes corrientes expuestas en el tiempo en torno a la economía solidaria, como una respuesta a las crisis sociales que han acompañado el trascurrir de la humanidad. Conclusiones: la solidaridad a lo largo de la historia se ha venido constituyendo en una base de desarrollo social que busca la equidad, la justicia y la sostenibilidad de los individuos, lo cual se describe a lo largo de este trabajo. Esto con el ánimo de establecer la caracterización del pensamiento solidario como base para el progreso de las comunidades en el contexto actual, tal como lo expresa DANSOCIAL (2005).",internacional,3,0,1,1,0,2,nucleo,
OpenAlex,https://openalex.org/W2508468273,Movimiento de Economía Social y Solidaria de Ecuador. Circuitos Económicos Solidarios Interculturales,2016,es,Jhonny Jiménez,Revista de la Academia,economia_solidaria,"El presente artículo hace referencia a la construcción de los Circuitos Económicos Solidarios Interculturales (CESI), como una herramienta metodológica política para el fomento de sistemas económicos solidarios que promuevan la reproducción ampliada de la vida, en búsqueda del sumak ally kawsay (Buen Vivir). Los CESI parten del reconocimiento de la existencia de prácticas económicas ancestrales basadas en la reciprocidad y la redistribución, las cuales están presentes en las diferentes culturas, particularmente en los pueblos andinos. La propuesta de los CESI, al contrario de las cadenas productivas, se construyen en los territorios para satisfacer las necesidades fundamentales de las familias, impulsando prácticas productivas que promuevan el cuidado de la naturaleza, el consumo y la intermediación solidaria. La estrategia de los circuitos es la articulación de diversas prácticas solidarias a través del estímulo de su relación con el mercado y el trabajo en red. Palabras clave: Circuitos de Economía Solidaria, territorio, consumo solidario, sociedades de mercado, interculturalidad, Buen Vivir (sumak ally kawsay) Social movement of Ecuador and Solidarity Economy. Intercultural Circuits of Solidarity Economy This article refers to the construction of Economic Solidarity Intercultural Circuits (CESI) as a methodological political tool to promote economic systems that advance solidarity expanded reproduction of life, in search of Good Living (sumak kawsay ally). The CESI based on the recognition of the existence of ancient economic practices based on reciprocity and redistribution, which are present in different cultures, particularly in the Andean peoples. The proposal of the CESI, contrary to the productive chains, are built in the territories to meet the basic needs of families, promoting productive practices that foster care for nature, consumption and solidarity intermediation. The strategy of the circuits is the articulation of various solidarity practices through encouragement of their relationship with the market and networking. Keywords: Circuits of Solidarity Economy, territory, solidarity consumption, market societies, multiculturalism, Good Living",internacional,5,0,1,1,2,1,nucleo,
OpenAlex,https://openalex.org/W2619675016,La Responsabilidad Social Empresarial en Cuba,2016,es,Rafael Betancourt Abio,DOAJ (DOAJ: Directory of Open Access Journals),economia_solidaria,"El artículo aborda y analiza la expresión de la Resonsabilidad Social Empresarial en Cuba durante los ultimos años y cómo se ha desarrollado el término en el ambito empresarial. Se realiza un análisis de la importancia y las posibilidades que tiene para el nuevo socialismo cubano la incorporación de la Sostenibilidad Empresarial en las estrategias competitivas de negocio de todos los actores económicos autónomos. Muestra cómo la adopción consciente y descentralizada constituye una oportunidad para fomentar en el país la economía solidaria, la inversión extranjera directa responsable y el desarrollo local.",internacional,3,0,1,1,0,1,nucleo,
OpenAlex,https://openalex.org/W2129862350,Creative destruction or mere niche support? Innovation policy mixes for sustainability transitions,2015,en,"Paula Kivimaa, Florian Kern",Research Policy,inovacao_politicas_publicas,"Recently, there has been an increasing interest in policy mixes in innovation studies. While it has long been acknowledged that the stimulation of innovation and technological change involves different types of policy instruments, how such instruments form policy mixes has only recently become of interest. We argue that an area in which policy mixes are particularly important is the field of sustainability transitions. Transitions imply not only the development of disruptive innovations but also of policies aiming for wider change in socio-technical systems. We propose that ideally policy mixes for transitions include elements of ‘creative destruction’, involving both policies aiming for the ‘creation’ of new and for ‘destabilising’ the old. We develop a novel analytical framework including the two policy mix dimensions (‘creation’ and ‘destruction’) by broadening the technological innovation system functions approach, and specifically by expanding the concept of ‘motors of innovation’ to ‘motors of creative destruction’. We test this framework by analysing ‘low energy’ policy mixes in Finland and the UK. We find that both countries have diverse policy mixes to support energy efficiency and reduce energy demand with instruments to cover all functions on the creation side. Despite the demonstrated need for such policies, unsurprisingly, destabilising functions are addressed by fewer policies, but there are empirical examples of such policies in both countries. The concept of ‘motors of creative destruction’ is introduced to expand innovation and technology policy debates to go beyond policy mixes consisting of technology push and demand pull instruments, and to consider a wider range of policy instruments combined in a suitable mix which may contribute to sustainability transitions.",internacional,3,0,0,0,1,0,nucleo,
OpenAlex,https://openalex.org/W2276309253,Rural Marginalisation and the Role of Social Innovation; A Turn Towards Nexogenous Development and Rural Reconnection,2015,en,B.B. Bock,Sociologia Ruralis,geral,"Abstract Rural development in Europe is a long‐standing issue that has been supported through EU policies in various ways. The effects of rural development have been uneven, and differences between well‐to‐do and marginal rural areas have been increasing both across and within countries. This process is reinforced by the current financial crisis. Recently, social innovation has been introduced as the new panacea for realising development and growth while, at the same time, warranting social inclusion and counteracting social inequality. A central question of this article is whether social innovation may help to effectively fight rural marginalisation, why that could be the case and what conditions then must be met. Three examples of rural social innovation are used to distil specific features of social innovation and compare them with other concepts and approaches to rural development. Rural social innovation is distinctive in its dependence on civic self‐reliance and self‐organisation due to austerity measures and state withdrawal, and its cross‐sectoral and translocal collaborations. This article concludes that it is time to go beyond earlier ideas of exogenous versus (neo‐)endogenous development and introduces the idea of nexogenous development with socio‐political reconnection as an engine of revitalisation.",internacional,2,0,0,0,0,0,contexto,
OpenAlex,https://openalex.org/W4252865056,"Scaling Out, Scaling Up, Scaling Deep: Strategies of Non-profits in Advancing Systemic Social Innovation",2015,en,"Michele‐Lee Moore, Darcy Riddell, Dana Vocisano",Journal of Corporate Citizenship,geral,,internacional,2,0,0,0,0,0,contexto,
OpenAlex,https://openalex.org/W2601983204,Towards an EU research and innovation policy agenda for nature-based solutions & re-naturing cities. Final report of the Horizon 2020 expert group on nature-based solutions and re-naturing cities.,2015,en,"Nicolas Bauduceau, Pam Berry, Claudio Cecchi, Thomas Elmqvist, Marta Dinarès Fernández, Terry Hartig, Wilhelm Krull, Eva Mayerhofer, Nebo Ogochukwu Sandra, Luise Noring, Kalina Raskin-Delisle, Egbert Roozen, William J. Sutherland, Jürgn Tack",,inovacao_politicas_publicas,,internacional,3,0,0,0,0,0,nucleo,
OpenAlex,https://openalex.org/W2255564665,Smart Cities Governance,2015,en,"Walter Castelnovo, Gianluca Misuraca, Alberto Savoldelli",Social Science Computer Review,geral,"Most of the definitions of a “smart city” make a direct or indirect reference to improving performance as one of the main objectives of initiatives to make cities “smarter”. Several evaluation approaches and models have been put forward in literature and practice to measure smart cities. However, they are often normative or limited to certain aspects of cities’ “smartness”, and a more comprehensive and holistic approach seems to be lacking. Thus, building on a review of the literature and practice in the field, this paper aims to discuss the importance of adopting a holistic approach to the assessment of smart city governance and policy decision making. It also proposes a performance assessment framework that overcomes the limitations of existing approaches and contributes to filling the current gap in the knowledge base in this domain. One of the innovative elements of the proposed framework is its holistic approach to policy evaluation. It is designed to address a smart city’s specificities and can benefit from the active participation of citizens in assessing the public value of policy decisions and their sustainability over time. We focus our attention on the performance measurement of codesign and coproduction by stakeholders and social innovation processes related to public value generation. More specifically, we are interested in the assessment of both the citizen centricity of smart city decision making and the processes by which public decisions are implemented, monitored, and evaluated as regards their capability to develop truly “blended” value services—that is, simultaneously socially inclusive, environmentally friendly, and economically sustainable.",internacional,3,0,0,0,0,0,nucleo,
OpenAlex,https://openalex.org/W1897875734,IGovP: índice de avaliação da governança pública - instrumento de planejamento do Estado e de controle social pelo cidadão,2015,pt,"Antônio Gonçalves de Oliveira, Beatriz Jackiu Pisa",Revista de Administração Pública,inovacao_politicas_publicas,"O conceito de governança pública envolve, entre outros aspectos da gestão, transparência, prestação de contas (accountability), ética, integridade, legalidade e participação social nas decisões. Mas como avaliar o grau com que cada ente federativo se esforça por cumprir os princípios da governança pública na implementação de suas políticas públicas? Em resposta a essa questão, o objetivo deste estudo é desenvolver um índice de medição da governança pública e fazer isso a partir do ponto de vista de seus princípios, bem como apresentá-lo como um instrumento de autoavaliação e planejamento para o Estado e de controle social para os cidadãos. Metodologicamente, o trabalho tem caráter aplicado, sustentado por pesquisa exploratória e descritiva, com abordagem finalística comparada. Como resultado, o índice desenvolvido é apresentado, comprovando-se sua aplicabilidade e finalidades pressupostas.",nacional,3,0,0,1,0,1,nucleo,
OpenAlex,https://openalex.org/W1520896355,Tipologia das regiões de saúde: condicionantes estruturais para a regionalização no Brasil,2015,pt,"Ana Luiza d’Ávila Viana, Aylene Bousquat, Ana Paula Chancharulo de M. Pereira, Liza Yurie Teruya Uchimura, Mariana Vercesi de Albuquerque, Paulo Henrique dos Santos Mota, Marcelo Demarzo, Maria Paula Ferreira",Saúde e Sociedade,inovacao_politicas_publicas,"O desenvolvimento socioeconômico, a oferta e a complexidade das ações e dos serviços de saúde no contexto regional podem ser considerados condicionantes estruturais para o êxito do atual processo de regionalização da saúde no Brasil. O presente estudo tem como objetivo identificar os condicionantes estruturais do processo de regionalização por meio da construção de uma tipologia das regiões de saúde no Brasil. Foi construída tipologia das regiões de saúde brasileiras a partir de fonte de dados secundários disponível. A identificação das dimensões e dos grupos - que compõem a tipologia - foi realizada por meio de análise fatorial e de agrupamentos/clusters. Também foram identificados o tipo de prestador de ações e os serviços predominantes na região tanto para a produção ambulatorial quanto para a internação. As regiões foram classificadas em cinco grupos, de forma independente, de acordo com suas características socioeconômicas e de oferta de serviços de saúde. A caracterização das regiões de saúde brasileiras, a partir da tipologia apresentada, demonstra heterogeneidade do território nacional e a complexidade de organizar sistemas de saúde regionais. A tipologia proposta pode auxiliar na investigação e no melhor entendimento desse cenário contraditório e complexo, apoiando o urgente desenvolvimento de políticas públicas regionais integradas que envolvam, concomitantemente, desenvolvimento econômico e social; e o fortalecimento dos espaços de governança regional, a fim de promover a organização de sistemas de saúde regionais alicerçados nos princípios do SUS e numa gestão compartilhada e solidária que tenha como imagem-objetivo a garantia do direito à saúde.",nacional,5,0,0,0,0,0,nucleo,
OpenAlex,https://openalex.org/W2055263991,Compras públicas como política para o desenvolvimento sustentável,2015,pt,"Bernardo Carlos S. C. M. de Oliveira, Luís Miguel Luzio dos Santos",Revista de Administração Pública,economia_solidaria,"Este estudo propõe-se a compreender como o Estado tem contribuído para o desenvolvimento sustentável a partir de seu poder de compra, mais precisamente, ao se comparar práticas e regulamentações no estado de São Paulo e os da região Sul. Quanto ao método de pesquisa, foi utilizada a pesquisa bibliográfica e documental, em editais e legislações dos estados supracitados, compreendendo os anos de 2011 a 2013. Verificou-se que os avanços se limitam a questões ambientais e à dimensão social. Avanços, embora tímidos, fortalecem modelos organizacionais não centrados na maximização do lucro, voltados à inclusão social, à justiça distributiva, ao equilíbrio ambiental e ao bem viver coletivo, prerrogativas dos empreendimentos de economia solidária, empresas sociais e cooperativas populares, que podem ser particularmente alavancadas.",nacional,3,0,1,1,0,3,nucleo,
OpenAlex,https://openalex.org/W2152960228,Global innovation networks and university-firm interactions: an exploratory survey analysis,2015,pt,"Gustavo Britto, Ulisses Pereira dos Santos, Glenda Kruss, Eduardo da Motta e Albuquerque",Revista Brasileira de Inovação,geral,"A literatura sobre redes globais de inovação (GINs) vem contribuindo para a identificação de mudanças na atuação de corporações multinacionais. Contudo, tal literatura ainda não explorou o papel das interações universidade-empresa nesse contexto. Objetiva-se aqui suprir essa lacuna em duas frentes. Primeiro, é apresentada uma análise exploratória de um banco de dados original contendo informações de firmas de nove países desenvolvidos e em desenvolvimento. Em segundo lugar, avalia-se a ligação entre a interação com universidades e a maturidade do sistema nacional de inovação. O método de análise de correspondência múltipla e um modelo Probit foram utilizados para avaliar os fatores-chave para as GINs. Os resultados identificam perfis diferenciados pelas características das firmas, mas que refletem padrões nacionais de associação. O modelo Probit confirma que a internacionalização produtiva e as interações locais aumentam a probabilidade de existência de interações com instituições internacionais.",nacional,4,0,0,0,0,0,nucleo,
OpenAlex,https://openalex.org/W2173635755,Du concept d’« innovation sociale »,2015,fr,Jacques Prades,RECMA,geral,,internacional,2,0,0,0,0,0,contexto,
OpenAlex,https://openalex.org/W1817877447,Reconnaissance et institutionnalisation des innovations sociales dans le champ des politiques sociales,2015,fr,Alain Penven,Innovations,geral,"Prenant appui sur différentes recherches sur l’expérimentation et l’innovation sociale, l’auteur examine, dans cet article, les processus de banalisation des innovations sociales par l’appropriation et l’institutionnalisation. En s’intéressant principalement au champ des politiques sociales, il avance deux idées principales. La première repose sur l’hypothèse de la diversification des formes de protection et d’intervention sociale par l’expérimentation et l’innovation sociale. La seconde idée présente l’inéluctable banalisation de l’innovation comme un processus continu d’appropriation et d’institutionnalisation. Ce processus dialogique articule innovation sociale et innovation institutionnelle par un double mouvement de reconnaissance et de régulation normative. Codes JEL : O35, I38, P48",internacional,2,0,0,0,0,0,contexto,
OpenAlex,https://openalex.org/W2192938601,"Innovation sociale, les enjeux de la diffusion",2015,fr,"Elisabetta Bucolo, Laurent Fraisse, Pierre Moisset",Sociologies pratiques,geral,International audience,internacional,2,0,0,0,0,0,contexto,
OpenAlex,https://openalex.org/W2083348902,L'innovation sociale comme support au développement des activités écotouristiques,2015,fr,"Sylvain Mbongui-Kialo, Saturnin Ndotit-Manguiengha, Junior Mouele-Balimbi",RIMHE Revue Interdisciplinaire Management Homme(s) & Entreprise,geral,"Parmi les différentes solutions envisagées pour améliorer les conditions de vie des populations en zones rurales, l’innovation sociale est régulièrement perçue comme une alternative intéressante. Cette nouvelle forme d’innovation trouve une résonance particulière dans le domaine de l’écotourisme, dont les objectifs les plus importants sont la protection de l’environnement, le développement de l’activité touristique et l’amélioration des conditions de vie de populations locales. Ce constat ouvre une perspective de recherche. En effet, les études consacrées à ce sujet se limitent, la plupart du temps, à l’innovation touristique, c’est-à-dire visant l’amélioration de la qualité du service ou de l’expérience des visiteurs. Or, il serait souhaitable de combiner innovation sociale et écotourisme pour prendre en compte toutes les problématiques inhérentes à la préservation des ressources naturelles et à l’amélioration des conditions de vie des populations hôtes. Cet article ambitionne donc de montrer comment l’innovation sociale peut participer au bien-être des populations et à la protection des ressources fauniques et floristiques dans le contexte de l’écotourisme. Basée sur une étude qualitative à dominante exploratoire, notre investigation présente les résultats d’une étude dont la collecte des données a été possible grâce à 34 entretiens semi-directifs administrés auprès d’une diversité d’acteurs opérant dans un parc national du Gabon. Le présent article met en évidence que l’innovation sociale peut permettre, entre autres, la mise en place d’entreprises sociales qui créeraient de l’emploi dans les aires protégées, tout en réduisant les risques de dégradation de l’environnement. Aussi, les résultats permettent non seulement de comprendre que les activités commerciales réalisées au sein du parc peuvent générer des fonds pour financer les projets innovants à caractère social, mais aussi de comprendre que l’innovation sociale et l’écotourisme peuvent développer des comportements responsables chez les différentes parties prenantes par le truchement de la communication et l’éducation environnementale. Plus encore, ils montrent que sans adhésion des acteurs autour d’un objectif partagé, la démarche d’éco-tourisme sera incomplète. En conséquence, même si elle résout certains problèmes sociaux, son incomplétude en crée de nouveaux. Enfin, cette étude suggère plus de recherches dans une diversité de domaines qui inclurait une étude approfondie sur les motivations des différents acteurs dans le processus de construction de l’action collective dans le cadre de l’innovation sociale et/ou de l’écotourisme.",internacional,2,0,0,0,0,0,contexto,
OpenAlex,https://openalex.org/W2224134887,Design et innovation sociale,2015,fr,Jocelyne Le Bœuf,Sciences du Design,geral,,internacional,2,0,0,0,0,0,contexto,
OpenAlex,https://openalex.org/W2201073595,Les parcours des développeurs de logiciels libres : vecteur de diffusion d’une innovation sociale,2015,fr,Michaël Vicente,Sociologies pratiques,geral,"Résumé Dans le champ de l’informatique, le logiciel libre a certes constitué une innovation technique, mais également une innovation sociale. Cette innovation s’est largement diffusée auprès du grand public et au sein des entreprises. À partir d’entretiens biographiques réalisés auprès des développeurs de logiciels libres, nous montrerons que le succès de cette diffusion repose en partie sur les trajectoires professionnelles atypiques de ces développeurs.",internacional,2,1,0,0,0,0,nucleo,
OpenAlex,https://openalex.org/W2324917753,Introduction,2015,fr,"Goucem Redjimi, Alain Vulbeau",Agora débats/jeunesses,geral,"L'expérimentation est un processus qui concerne aussi bien les jeunes, à titre individuel et privé, que les institutions les prenant en charge.Le flux, plus ou moins continu, qui renouvelle le processus expérimental mené en France depuis plusieurs décennies est présenté comme une innovation sociale, voire une « voie de changement ».Si les expérimentations émanent le plus souvent d'instances publiques (administrations, élus), elles sont également portées par des acteurs, associatifs, usagers, individuellement ou collectivement.Alors que l'on peut noter une discontinuité dans les dénominations des dispositifs (par exemple le stage Barre, le travail d'utilité collective [TUC], les emplois-jeunes, les emplois d'avenir), dans les formes d'implication du portage institutionnel et dans les publics concernés, on constate également une permanence des objectifs et la volonté d'insérer.Les expérimentations fournissent les scénarios provisoires, alternatifs aux « grands récits » (Lyotard, 1979), pour gérer l'incertitude quand la reproduction n'est plus la norme, quand la crise concerne les institutions supposées assurer la socialisation et l'individuation des personnes, celles en charge de l'assurance sociale et de la solidarité, ou encore de l'ordre et de la sécurité publics.Mais, de façon plus générale, la crise des institutions procède d'une perte de sens, qui fait que les valeurs universelles auxquelles s'identifient ces institutions ne se transcrivent plus concrètement dans leurs pratiques.Les acteurs qui œuvrent dans le champ de la jeunesse sont sans cesse confrontés à la diversité des problématiques qui concernent ce public ainsi qu'à leurs enjeux, que ce soient dans les domaines de l'éducation, de la formation, de l'emploi, de l'orientation, de la santé, du logement ou, dans un autre registre, dans ceux des discriminations et des disqualifications (Redjimi, 2004 ; Bordes et al., 2010 ; Dubet et al., 2013).Le Fonds d'expérimentation pour la jeunesse (FEJ) veut s'inscrire dans cette logique en articulant la diversité",internacional,2,0,0,0,0,0,contexto,
OpenAlex,https://openalex.org/W2257602185,La transformación de los servicios hacia la calidad de vida. Una iniciativa de innovación social de FEAPS,2015,es,Javier Tamarit Cuadrado,Siglo Cero: Revista Española sobre Discapacidad Intelectual,geral,"This paper presents the conceptual and strategic basis of the project that is being developed by FEAPS, the social movement of Spanish associations for people with intellectual and developmental disabilities and their families, to advance on the transformation of their centres and services towards person-centred services, oriented to the quality of life and full citizenship in more inclusive communities. Transformation is a process of international scope in the field of intellectual and developmental disabilities and has a strong knowledge base, but it is also a process derived from the Convention on the Rights of Persons with Disabilities and therefore it impacts in public policy. Currently, FEAPS is developing transformative experiences in the field of early intervention (38 centres in 10 different regions), education (38 schools in 10 different regions), work-sheltered centres (an initial experience in Madrid with nine work-sheltered centres), and services of support for older people with intellectual or developmental disabilities (with 19 entities in 4 regions). After describing these experiences the overall process that is being followed and some key learning derived from this project are shown",internacional,2,0,0,0,0,0,contexto,
OpenAlex,https://openalex.org/W2339995418,Co-creando valor público,2015,es,"Cristina Zurbriggen, Mariana González Lago",Revista iberoamericana de ciencia tecnología y sociedad,inovacao_politicas_publicas,"La creciente complejidad, diversidad y dinamismo que adquiere la solución de problemas públicos en las sociedades contemporáneas ha conducido a encontrar en los conceptos de innovación social, innovación pública, innovación abierta y co-creación, muchas de las categorías descriptivas y explicativas de un nuevo paradigma emergente de una gobernanza colaborativa y experimental. En este escenario aumentan sistemáticamente los procesos que exploran y repiensan las formas de involucrar a ciudadanos y comunidades para que desempeñen un papel activo en la co-creación de servicios y políticas públicas. Surge, de esta manera, una multiplicidad de iniciativas innovadoras a nivel global para solucionar problemas públicos, al tiempo que los gobiernos, en diferentes grados y en diferentes formas, innovan en el diseño de servicios y políticas al incorporar formas colaborativas y creativas e integrar enfoques de diseño (design thinking, diseño participativo) como herramienta para impulsar el cambio. Concomitantemente, la web 2.0, las redes sociales y las distintas formas de gobierno abierto contribuyen a estos procesos colaborativos. Este artículo explora los elementos distintivos de estas nuevas formas de co-creación, ejemplificadas con diversas iniciativas a nivel global y regional, y plantea una serie de interrogantes sobre los retos y dilemas abiertos para América Latina.",internacional,3,0,0,0,0,0,nucleo,
OpenAlex,https://openalex.org/W1149633979,"Design, When Everybody Designs: An Introduction to Design for Social Innovation",2015,en,Ezio Manzini,,geral,"In a changing world everyone designs: each individual person and each collective subject, from enterprises to institutions, from communities to cities and regions, must define and enhance a life project. Sometimes these projects generate unprecedented solutions; sometimes they converge on common goals and realize larger transformations. As Ezio Manzini describes in this book, we are witnessing a wave of social innovations as these changes unfold -- an expansive open co-design process in which new solutions are suggested and new meanings are created. Manzini distinguishes between diffuse design (performed by everybody) and expert design (performed by those who have been trained as designers) and describes how they interact. He maps what design experts can do to trigger and support meaningful social changes, focusing on emerging forms of collaboration. These range from community-supported agriculture in China to digital platforms for medical care in Canada; from interactive storytelling in India to collaborative housing in Milan. These cases illustrate how expert designers can support these collaborations -- making their existence more probable, their practice easier, their diffusion and their convergence in larger projects more effective. Manzini draws the first comprehensive picture of design for social innovation: the most dynamic field of action for both expert and nonexpert designers in the coming decades.",internacional,2,0,0,0,0,0,contexto,
OpenAlex,https://openalex.org/W2398952295,Innovación social y políticas urbanas en España: experiencias significativas en las grandes ciudades,2015,es,"Joan Subirats, Ángela García Bernardos",Dialnet (Universidad de la Rioja),inovacao_politicas_publicas,"Este es un libro sobre como las grandes ciudades espanolas afrontan la crisis y el cambio de epoca. Las agendas urbanas se han hecho mas plurales y complejas, y las politicas urbanas tienen hoy mucha mayor extension y urdimbre. Ya no basta el urbanismo para abordar los problemas urbanos. Sin una estrategia propia, sin procesos de implicacion social, los gobiernos locales pueden verse sometidos a agentes externos que acaban dictando proyectos y estableciendo sus propios ritmos. 
?Como seran las ciudades en este siglo XXI? ?Como estan enfrentandose a los cambios de la globalizacion y la revolucion tecnologica? ?Sirven las politicas publicas locales hoy existentes para afrontar los nuevos retos? ?Que ejemplos de innovacion social urbana conviene tener en cuenta? ?Podemos hablar de un nuevo municipalismo? Exploramos aqui respuestas a estas preguntas. Con especial atencion a los espacios hibridos entre institucionalidad e iniciativas sociales autonomas. Nos adentramos asi en el debate sobre innovacion social potenciado desde el ambito institucional, pero que tambien ha sido asumido desde esferas mas claramente sociales como oportunidades de cambio y de exploracion de alternativas transformadoras.",internacional,3,0,0,0,0,0,nucleo,
OpenAlex,https://openalex.org/W2110849810,Social Innovation and Social Entrepreneurship,2014,en,"Wendy Phillips, Hazel Lee, Abby Ghobadian, Nicholas O’Regan, Peter James",Group & Organization Management,geral,"Corporate social responsibility (CSR) literature suggests CSR initiatives extend beyond meeting the immediate interests of stakeholders of for-profit enterprises, offering the potential to also enhance performance. Growing disillusionment of for-profit business models has drawn attention to social entrepreneurship and social innovation to ease social issues. Adopting a systematic review of relevant research, the article provides collective insights into research linking social innovation with social entrepreneurship, demonstrating growing interest in the area over the last decade. The past 5 years have seen a surge in attention with particular focus on the role of the entrepreneur, networks, systems, institutions, and cross-sectoral partnerships. Based on the findings of the review, the authors synthesize formerly dispersed fields of research into an analytical framework, signposting a “systems of innovation” approach for future studies of social innovation and social entrepreneurship.",internacional,2,0,0,0,0,0,contexto,
OpenAlex,https://openalex.org/W2078895453,Capacidades Dinâmicas: O Que São e Como Identificá-las?,2014,pt,"Dimária Silva e Meirelles, Alvaro Antônio Bueno de Camargo",Revista de Administração Contemporânea,geral,"O fenômeno das capacidades dinâmicas nas organizações constitui um ramo de grande interesse para pesquisadores na área de administração, em campos diversos do conhecimento, desde gerenciamento estratégico, empreendedorismo, marketing, gestão de recursos humanos, gestão de operações, até sistema de informação. A partir da a proposta original de Teece, Pisano e Shuen (1997), vários têm sido os esforços teóricos no sentido de desenvolver o conceito de capacidades dinâmicas. Todavia, ao realizar um levantamento desses esforços, constata-se uma miríade de definições, algumas até bastante semelhantes, e, principalmente, notam-se fortes controvérsias sobre os condicionantes e os elementos componentes das capacidades dinâmicas. Verifica-se que a evolução do entendimento do que é capacidade dinâmica está associada a dois aspectos fundamentais: elementos componentes e mecanismos pelos quais a empresa desenvolve capacidades dinâmicas. O artigo propõe um modelo integrador das várias definições apresentadas pelos autores pesquisados em que os elementos determinantes da existência de capacidades dinâmicas incluem o conjunto de comportamentos, habilidades, rotinas, processos e mecanismos de aprendizagem e governança do conhecimento, voltados para a mudança e a inovação. Esses elementos são desenvolvidos ao longo da trajetória organizacional, num processo cumulativo de conhecimento e aprendizagem.",nacional,3,0,0,0,1,0,nucleo,
OpenAlex,https://openalex.org/W2015711276,Como a USP transfere tecnologia?,2014,pt,"Alexandre Aparecido Dias, Geciâne Silveira Porto",Organizações & Sociedade,geral,"O objetivo geral dessa pesquisa é verificar como a Universidade de São Paulo (USP) transfere suas tecnologias para a sociedade. Para tanto, foi realizado um estudo de caso com base na realização de entrevistas semiestuturadas junto aos diretores e agentes de inovação da Agência USP de Inovação, que se constitui no Núcleo de Inovação Tecnológica (NIT) da universidade. Constatou-se que os principais mecanismos de transferência de tecnologia utilizados pela USP são: licenciamento de patentes, projetos de pesquisa e desenvolvimento (P&D) em parceria e fomento e apoio à criação de empresas spin-off. Verificou-se que a Agência USP de Inovação tem forte restrição de pessoal e que a USP ainda carece de uma política institucional mais estruturada que de fato incorpore em sua agenda a necessidade de fortalecer o seu papel enquanto instituição promotora da inovação e do desenvolvimento tecnológico.",nacional,6,0,0,0,0,0,nucleo,
OpenAlex,https://openalex.org/W1766000276,Las NIIF y su impacto en las cooperativas en Colombia a diciembre 31 de 2011,2014,es,"Bibiana Rendón Álvarez, Edilberto Montaño Orozco, Gabriel Gaitán León",Cuadernos de Administración,economia_solidaria,"Este artículo presenta una investigación en la que se evaluó el efecto de aplicar la Norma Internacional de Contabilidad (NIC 32) sobre instrumentos financieros (IAS por su sigla en inglés), a los aportes sociales reconocidos y revelados por las entidades cooperativas en Colombia a diciembre 31 de 2011. Para ello, se identifican los siguientes elementos del estado financiero de balance general: pasivos, patrimonio, capital social y capital mínimo irreductible. Con el análisis de lo anterior se pretendió contestar los siguientes interrogantes: ¿Cuál es el efecto de la aplicación de las NIC 32 en la estructura financiera de las cooperativas, sobre los aportes sociales, conforme a los lineamientos del estándar internacional (IAS 32) de instrumentos financieros? ¿Qué acciones deben realizar para minimizar el efecto de aplicar la norma de instrumentos financieros a los aportes sociales? Para la investigación se tomó una muestra de 187 entidades cooperativas del sector financiero y 173 del sector real que reportaron información a la Confederación Colombiana de Cooperativas (Confecoop) que corresponde al reporte obligatorio que estas deben hacer a la Superintendencia de la Economía Solidaria (Supersolidaria). Se logró determinar el impacto que sufriría la estructura financiera de las entidades cooperativas, en su componente capital social y pasivos, al aplicar NIIF sobre instrumentos financieros.",internacional,3,0,1,1,0,2,nucleo,
OpenAlex,https://openalex.org/W2040523312,"Innovación social y acción colectiva, un estudio de caso: Ecoagricultores del Sur",2014,es,David Reynaldo Orantes Córdova,Estudios Políticos,geral,"This paper aims to address the issue and the debate on the notion of social innovation.Provides a review of recent literature, the most important elements of the debate andpresents what is regarded as the key to distinguish social innovation from other types ofsocial phenomena. For this it uses collective action as an analytical tool, and suggests acase study, in which these notions were applied.",internacional,3,0,0,0,0,0,nucleo,
OpenAlex,https://openalex.org/W643097872,LE « SMART-METERING » EN SUISSE ROMANDE : conditions sociales d’acceptation et d’appropriation,2014,fr,Amanda Rego Teixeira,,geral,"La nouvelle strategie energetique de la Confederation Suisse pose la question de l’efficacite energetique comme un defi majeur pour les annees a venir. L’installation de « compteurs communicants » (CC) permettant de mesurer la consommation en temps reel et a distance est regulierement presentee comme une solution pour reduire la consommation energetique. Cependant, cette nouvelle technologie pose egalement des questions quant a la liberalisation du marche de l’energie, a la repartition des couts de mise en œuvre et la protection des donnees individuelles. L’objectif de cette recherche est d’accompagner les etapes de developpement de ces nouvelles technologies dites « intelligentes » en insistant sur les conditions sociales de l’implantation des premiers compteurs numeriques en Suisse Romande. L’approche sociologique nous invite a considerer cette innovation comme un reseau sociotechnique en formation, impliquant des producteurs, des institutions, des usagers et des objets techniques (Latour, 1992 ; Gaglio, 2010). Dans cette etude, on s’interesse en particulier a la reception des CC par les consommateurs. Quels sont les facteurs sociaux qui conditionnent le succes d’une innovation technologique ? Quels sont les moteurs de l’innovation pour les compteurs communicants en Suisse? Quelles sont les motivations pour leur deploiement ? Comment les premiers compteurs communicants ont-ils ete recus par les premiers usagers ? Dans la premiere partie de ce travail, on montrera que le processus de « traduction » entre les differents acteurs aux interets et aux modes de communication heterogenes est emaille de nombreuses controverses. Dans la deuxieme partie, on passera a l’etude des aspects sociaux et comportementaux de la consommation energetique. La troisieme partie, dediee a l’etude de cas « Green E-Value » a Gland (Vaud), invitera le lecteur a decouvrir les profils des usagers et a saisir leurs perceptions et reactions face a l’installation des CC dans leurs immeubles. Les principales conclusions de ce travail sont que, si effectivement les CC sont une innovation technique, ils ne sont pas encore une innovation sociale a proprement parler. La « clef du succes » des CC n’est pas contenue dans la technologie elle-meme mais dans l’environnement d’implantation. Ce sont finalement les conditions d’appropriation par les usagers qui determineront leur utilite sociale. Aussi reste-t-il a creer des conditions cadres au deploiement des CC et mettre en place des mesures accompagnatrices – tant de la part des pouvoirs publics que des fournisseurs – pour que les CC puissent reellement tenir leurs promesses d’efficacite energetique. En guise de conclusion on proposera des pistes d’action aux fournisseurs ainsi qu’a l’attention de l’administration publique.",internacional,2,0,0,0,1,0,contexto,
OpenAlex,https://openalex.org/W2128321732,La agricultura social en Catalunya: innovación social y dinamización agroecológica para la ocupación de personas en riesgo de exclusión,2014,es,"Carles Guirado González, A. Badía, Antoni F. Tulla i Pujol",Ager: Revista de estudios sobre despoblación y desarrollo rural = Journal of depopulation and rural development studies,geral,"Social Farming (SF) is an emerging phenomenon in rural and peri-urban areas in European countries. SF outfits agriculture of new functions and meanings, beyond food production. In the current socioeconomic context, SF is a social innovation practice arising from civil society to create a new field for occupation of social exclusion. The creation of SF initiatives points out recent shortcomings in the welfare system. This paper presents an approach to the SF concept, analyzing the phenomenon in Catalonia through case studies. Our study provides evidences that SF also contributes to health care services provi - sion in rural and peri-urban areas and local development through new economic and organizational prac - tices strengthening the agroecological paradigm.",internacional,4,0,0,0,0,0,nucleo,
OpenAlex,https://openalex.org/W2167824218,Social innovation: Moving the field forward. A conceptual framework,2013,en,Giovany Cajaiba-Santana,Technological Forecasting and Social Change,geral,,internacional,2,0,0,0,0,0,contexto,
OpenAlex,https://openalex.org/W2047016160,The choice of innovation policy instruments,2013,en,"Susana Borrás, Charles Edquist",Technological Forecasting and Social Change,inovacao_politicas_publicas,,internacional,3,0,0,0,0,0,nucleo,
OpenAlex,https://openalex.org/W2043999386,Triple Helix Systems: An Analytical Framework for Innovation Policy and Practice in the Knowledge Society,2013,en,"Marina Ranga, Henry Etzkowitz",Industry and Higher Education,inovacao_politicas_publicas,"This paper introduces the concept of Triple Helix systems as an analytical construct that synthesizes the key features of university–industry–government (Triple Helix) interactions into an ‘innovation system’ format, defined according to systems theory as a set of components, relationships and functions. Among the components of Triple Helix systems, a distinction is made between (a) R&D and non-R&D innovators; (b) ‘single-sphere’ and ‘multi-sphere’ (hybrid) institutions; and (c) individual and institutional innovators. The relationships between components are synthesized into five main types: technology transfer; collaboration and conflict moderation; collaborative leadership; substitution; and networking. The overall function of Triple Helix systems – knowledge and innovation generation, diffusion and use – is realized through a set of activities in the knowledge, innovation and consensus spaces. This perspective provides an explicit framework for the systemic interaction between Triple Helix actors that was previously lacking, and a more fine-grained view of the circulation of knowledge flows and resources within and among the spaces, helping to identify existing blockages or gaps. From a Triple Helix systems perspective, the articulation and the non-linear interactions between the spaces can generate new combinations of knowledge and resources that can advance innovation theory and practice, especially at the regional level.",internacional,3,0,0,0,0,0,nucleo,
OpenAlex,https://openalex.org/W2120124394,Collaborative Innovation: A Viable Alternative to Market Competition and Organizational Entrepreneurship,2013,en,"Jean Hartley, Eva Sørensen, Jacob Torfing",Public Administration Review,geral,"There are growing pressures for the public sector to be more innovative but considerable disagreement about how to achieve it. This article uses institutional and organizational analysis to compare three major public innovation strategies. The article confronts the myth that the market‐driven private sector is more innovative than the public sector by showing that both sectors have a number of drivers of as well as barriers to innovation, some of which are similar, while others are sector specific. The article then systematically analyzes three strategies for innovation: New Public Management, which emphasizes market competition; the neo‐Weberian state, which emphasizes organizational entrepreneurship; and collaborative governance, which emphasizes multiactor engagement across organizations in the private, public, and nonprofit sectors. The authors conclude that the choice of strategies for enhancing public innovation is contingent rather than absolute. Some contingencies for each strategy are outlined .",internacional,3,0,0,0,1,0,nucleo,
OpenAlex,https://openalex.org/W2037505222,Closed or open innovation? Problem solving and the governance choice,2013,en,"Teppo Felin, Todd Zenger",Research Policy,governanca_inovacao,"Scholars have recently highlighted the promise of open innovation. In this paper, we treat open innovation—in it's different forms and manifestations—as well as internal or closed innovation, as unique governance forms with different benefits and costs. We discuss how each governance form, whether open or closed, is composed of a set of instruments that access (a) different types of communication channels for knowledge sharing, (b) different types of incentives, and (c) different types of property rights for appropriating value from innovation. We focus on the innovation “problem” as the central unit of analysis, arguing for a match between problem types and governance forms, which vary from open to closed and which support alternative forms of solution search. In all, the goal of this paper is to provide a comparative framework for managing innovation, where we delineate and discuss four categories of open innovation governance forms (markets, partnerships, contests and tournaments and user or community innovation) and compare them with each other and with two internal or closed forms of innovation governance (authority and consensus-based hierarchy).",internacional,3,1,0,0,1,0,nucleo,
OpenAlex,https://openalex.org/W2137767773,Making Things Happen: Social Innovation and Design,2013,en,Ezio Manzini,Design Issues,geral,"January 01 2014 Making Things Happen: Social Innovation and Design Ezio Manzini Ezio Manzini Ezio Manzini had been full professor of Design at Politecnico di Milano until his retirement in 2010. He is Honorary Doctor at The New School of New York (2006) and at the Goldsmiths College of London (2008), and Honorary Professor at the Glasgow School of Art (2009). He led the Doctoral Design Program of Politecnico di Milano from 2000 to 2010. Presently, his main interests are focused on design for social innovation. He founded and is now promoting the growth of DESIS, an international network on Design for Social Innovation and Sustainability (http://www.desis-network.org). He has been giving many keynote addresses in different international conferences, and he is author of many articles in international journals and proceedings. Search for other works by this author on: This Site Google Scholar Author and Article Information Ezio Manzini Ezio Manzini had been full professor of Design at Politecnico di Milano until his retirement in 2010. He is Honorary Doctor at The New School of New York (2006) and at the Goldsmiths College of London (2008), and Honorary Professor at the Glasgow School of Art (2009). He led the Doctoral Design Program of Politecnico di Milano from 2000 to 2010. Presently, his main interests are focused on design for social innovation. He founded and is now promoting the growth of DESIS, an international network on Design for Social Innovation and Sustainability (http://www.desis-network.org). He has been giving many keynote addresses in different international conferences, and he is author of many articles in international journals and proceedings. Online ISSN: 1531-4790 Print ISSN: 0747-9360 © 2013 Massachusetts Institute of Technology2013 Design Issues (2014) 30 (1): 57–66. https://doi.org/10.1162/DESI_a_00248 Cite Icon Cite Permissions Share Icon Share Facebook Twitter LinkedIn Email Views Icon Views Article contents Figures & tables Video Audio Supplementary Data Peer Review Search Site Citation Ezio Manzini; Making Things Happen: Social Innovation and Design. Design Issues 2014; 30 (1): 57–66. doi: https://doi.org/10.1162/DESI_a_00248 Download citation file: Ris (Zotero) Reference Manager EasyBib Bookends Mendeley Papers EndNote RefWorks BibTex toolbar search Search Dropdown Menu toolbar search search input Search input auto suggest filter your search All ContentAll JournalsDesign Issues Search Advanced Search This content is only available as a PDF. © 2013 Massachusetts Institute of Technology2013 Article PDF first page preview Close Modal You do not currently have access to this content.",internacional,2,0,0,0,0,0,contexto,
OpenAlex,https://openalex.org/W2102897933,"Policy instruments for public procurement of innovation: Choice, design and assessment",2013,en,"Luke Georghiou, Jakob Edler, Elvira Uyarra, Jillian Yeow",Technological Forecasting and Social Change,inovacao_politicas_publicas,"Public procurement is increasingly seen as an important potential instrument of innovation policy. However, policy design has been underpinned largely by anecdotal evidence and without a clear theoretical or empirical basis for understanding how supplying to the public sector actually influences a firm's innovation capabilities and performance and in what ways desirable behaviour and outcomes can be promoted. This paper seeks to address the basis of innovation procurement policy. It establishes a broad taxonomy of procurement policies and instruments that have emerged in OECD countries in response to perceived deficiencies and then compares these with the perceptions of firms using an analysis of a dedicated survey of 800 public sector suppliers in the UK. It is observed that policy measures include the creation of framework conditions, establishing organisational frameworks and developing capabilities, identifying, specifying and signalling needs, and incentivising innovative solutions. The survey findings confirm that the barriers encountered by firms correspond to the deficiencies addressed by policies but do not address them sufficiently. This arises from lack of coverage, lack of ownership by purchasers, failure to address the whole cycle of acquisition and to address risk aversion. The scope of policy measures needs to be extended in time, breadth of reach and depth.",internacional,3,0,0,0,0,0,nucleo,
OpenAlex,https://openalex.org/W2075636329,"Social innovation, an answer to contemporary societal challenges? Locating the concept in theory and practice",2013,en,"Robert Grimm, Chris Fox, Susan Baines, Kevin Albertson",Innovation The European Journal of Social Science Research,geral,"Social innovation discourses see in social challenges opportunities to make societies more sustainable and cohesive through inclusive practices, coproduction and pro-active grassroots initiatives. In this paper we are concerned first that the concept has been stretched in so many directions that it is at breaking point. We illustrate this by documenting the varied uses of social innovation in different academic and policy discourses. Second, we assume that, if social innovation is to be a useful concept for policy-makers, then it must tell us something about what adjustments are needed to develop an effective political economy that is social innovation ready. Finally, we argue that what is needed is more theoretical and empirical work to help social innovation to develop into an effective policy tool.",internacional,2,0,0,0,0,0,contexto,if social innovation is to be a useful
OpenAlex,https://openalex.org/W2106359384,O uso de TIC pelos governos: uma proposta de agenda de pesquisa a partir da produção acadêmica e da prática nacional,2013,pt,"Maria Alexandra Cunha, Paulo Roberto de Mello Miranda",Organizações & Sociedade,inovacao_politicas_publicas,"A pesquisa no uso e nas implicações sociais das Tecnologias da Informação e Comunicação - TIC, assim como o exercício de novas abordagens metodológicas para esse estudo, tem ganhado espaço na academia. Este ensaio é uma proposta de agenda para a pesquisa no uso e nas implicações sociais das TIC pelos governos no Brasil. Foi elaborado a partir de reflexões sobre a produção acadêmica nacional e sobre projetos que estão sendo implementados pelos governos no país. Propõe algumas áreas de investigação - em governança eletrônica, na prestação de serviços públicos eletrônicos, no uso de TIC na administração pública, tanto em políticas públicas nas ""áreas fim"" como em políticas de gestão pública, e ainda no seu uso para ampliação da prática democrática. Outros projetos ganham relevância no cenário nacional e se configuram em campos de investigação - a governança de TIC no setor público, as ações de inclusão digital, os projetos de cidades digitais e o fomento à atividade econômica pelo uso das TIC, seja na indústria do setor (hardware, software, serviços, conteúdo), seja na aplicação das TIC aos setores econômicos tradicionais, aqueles que são a vocação natural ou planejada de um município, região, estado ou da nação. Para a operacionalização desta agenda, propõem-se abordagens metodológicas que deem suporte a uma análise ampla e a uma perspectiva crítica, tanto da produção científica como do uso das TIC pelos governos brasileiros e sua implicação na sociedade.",nacional,3,0,0,0,0,0,nucleo,
OpenAlex,https://openalex.org/W2094914219,"La résistance à une innovation sociale, cadre d’analyse des problèmes de diffusion du commerce équitable",2013,fr,"Patricia Gurviez, Lucie Sirieix",Recherche et Applications en Marketing (French Edition),geral,"Résumé Conceptualiser le commerce équitable (CE) comme une innovation sociale permet d’éclairer ses problèmes de diffusion en étudiant la résistance à l’innovation. Une étude terrain en deux volets (quasi-expérimentation et entretiens qualitatifs) montre que lever les freins individuels ne suffit pas à vaincre la résistance aux produits issus du CE. Les failles dans le processus d’innovation sociale (appropriation, identification) sont mises au jour et discutées, ce qui débouche sur des recommandations pour faciliter la diffusion du CE et des innovations sociales.",internacional,2,0,0,0,0,0,contexto,
OpenAlex,https://openalex.org/W2117083754,L'histoire oubliée des horaires individualisés : de la désynchronisation choisie à la flexibilité pour l'entreprise,2013,fr,Jens Thoemmes,Revue Française de Socio-Économie,geral,"Les horaires individualisés au choix du salarié ont été inventés dans les entreprises au cours des années 1960. Les raisons de leur introduction étaient liées au marché du travail, à la gestion du personnel et à la fluidification des trafics urbains. La désynchronisation des temporalités selon les individus n’a pas manqué d’interpeller les employeurs et les organisations syndicales, critiques à l’égard de cette mesure. Cette innovation sociale a suscité des débats entre les partisans et les opposants de l’individualisation. Elle a conduit à des innovations techniques sur la manière d’enregistrer le temps. La tendance de fond sur un demi-siècle a conduit à la généralisation d’une codétermination des horaires de travail par les salariés eux-mêmes, mais elle n’a pas empêché l’existence de désaccords majeurs sur leur mise en œuvre : la maîtrise de l’emploi du temps pour soi-même ou la flexibilité pour l’entreprise.",internacional,2,0,0,0,0,0,contexto,
OpenAlex,https://openalex.org/W1968067844,La recherche participative à l’aune de la mobilisation citoyenne,2013,fr,"Jean-Marc Fontan, David Longtin, Jean-François René",Nouvelles pratiques sociales,geral,"L’objet de cet article est d’analyser la portée de nouvelles formes de collaboration s’instaurant entre des acteurs sociaux et des chercheurs universitaires. Nous le ferons à partir d’une collaboration établie entre l’organisation Parole d’excluEs et un dispositif de recherche développé à l’Université du Québec à Montréal (UQAM) : l’Incubateur universitaire en innovation sociale. Après avoir présenté le processus ayant conduit à ce partenariat et la nature de ce dernier, l’article répondra à trois questions portant sur 1) les spécificités de la méthode de recherche-intervention développée par l’Incubateur universitaire Parole d’excluEs; 2) les formes et les limites de l’implication citoyenne dans le processus de recherche mené par l’Incubateur, et enfin; 3) l’impact de ce type de coproduction des connaissances sur les enjeux auxquels la société québécoise est confrontée pour lutter efficacement contre la pauvreté et l’exclusion.",internacional,2,0,0,0,1,0,contexto,
OpenAlex,https://openalex.org/W1535945838,"L’Économie sociale, vecteur d’innovation. L’expérience du Québec, Marie J. Bouchard (dir.), préface de Riccardo Petrella, Québec, Presses de l’Université du Québec, coll. « Innovation sociale », 2011",2013,fr,Omer Chouinard,Nouvelles perspectives en sciences sociales,geral,"L’Économie sociale, vecteur d’innovation. L’expérience du Québec, Marie J. Bouchard (dir.), préface de Riccardo Petrella, Québec, Presses de l’Université du Québec, coll. « Innovation sociale », 2011. Un article de la revue Nouvelles perspectives en sciences sociales (Sur le thème de représentations identitaires et expressions culturelles de la francophonie canadienne à travers ses pratiques artistiques et médiatiques) diffusée par la plateforme Érudit.",internacional,2,0,0,0,0,0,contexto,
OpenAlex,https://openalex.org/W2048026398,Une innovation sociale en économie solidaire : le cas Solidarauto,2013,fr,"Emmanuelle Dutertre, Pascal Glémain, Élizabeth Poutier",Humanisme et Entreprise,economia_solidaria,"Bien qu’essentiels en matière d’insertion sociale, les moyens et les capacités à être mobile dans ses déplacements sont inégalement répartis (Eric Le Breton, 2005). De cette prise de conscience naîtra différentes initiatives en matière d’aide à la mobilité, dont les garages solidaires, appelés également « garage associatif » ou « garage participatif ». L’un d’eux, Solidarauto, débute son activité à Trélazé, à proximité d’Angers, dans le Maine-et-Loire en 2010. Dans cet article, les auteurs s’interrogent sur le caractère innovant de cette initiative au moyen d’une étude de cas. Alors que le secteur marchand par le biais des garages, et le secteur public par le biais des transports publics, interviennent dans le champ de la mobilité, peut-on considérer la création de ce garage solidaire comme une véritable innovation sociale ? En mobilisant la théorie du site (Zaoual, 2008), nous vérifierons si par la proximité à la fois sociale et géographique que Solidarauto entretient avec les acteurs locaux, fait de ce projet une innovation sociale située (Zaoual, 2008), c’est-à-dire une innovation dont le développement est étroitement associé à son environnement territorial et social, et qui permet d’établir le pont entre la personne et son environnement à la fois socioéconomique et territorial (Glémain, 2004).",internacional,3,0,1,0,1,0,nucleo,
OpenAlex,https://openalex.org/W1537627569,"Innovation sociale et territoire. Convergences théoriques et pratiques, Guy Bellemare et Juan-Luis Klein (dir.), Québec, Presses de l’Université du Québec, coll. « Innovation sociale », 2011",2013,fr,Gérard Divay,Nouvelles perspectives en sciences sociales,geral,"Innovation sociale et territoire. Convergences théoriques et pratiques, Guy Bellemare et Juan-Luis Klein (dir.), Québec, Presses de l’Université du Québec, coll. « Innovation sociale », 2011. Un article de la revue Nouvelles perspectives en sciences sociales (Sur le thème de représentations identitaires et expressions culturelles de la francophonie canadienne à travers ses pratiques artistiques et médiatiques) diffusée par la plateforme Érudit.",internacional,3,0,0,0,0,0,nucleo,
OpenAlex,https://openalex.org/W2019472719,Relaciones entre sociedad y Estado en la economía solidaria.,2013,es,Paul Singer,Íconos - Revista de Ciencias Sociales,economia_solidaria,"Este artículo plasma los esfuerzos llevados adelante en el Brasil y desde los movimientos socia-les vinculados a la economía solidaria para transformarla en un proyecto de alcance nacional, inserta en la política pública, planificada y auspiciada por el Estado. Proyecto económico que se presenta como una alternativa al modelo capitalista y busca, por tanto, la democratización dela economía y la sustitución de la competencia por la cooperación, al tiempo que procura expandir los mecanismos políticos de participación. En este sentido se exploran las relaciones que se producen entre el Estado y diversas asociaciones, movimientos y entidades de la sociedad civil ubicadas en el ámbito de la economía solidaria; así como los espacios institucionales creados para la negociación de programas, planes y objetivos entre estos múltiples actores.",internacional,2,0,1,1,0,1,nucleo,
OpenAlex,https://openalex.org/W1876487902,"The International Handbook on Social Innovation: Collective Action, Social Learning and Transdisciplinary Research",2013,en,"Frank Moulaert, Diana MacCallum, Abid Mehmood, Abdelillah Hamdouch",,geral,,internacional,2,0,0,0,0,0,contexto,
OpenAlex,https://openalex.org/W587895370,Sport et innovation sociale : Des associations sportives en mouvement dans les quartiers populaires,2013,fr,Benjamin Coignet,,geral,"Pour faire face a la crise du lien social, le sport associatif est appele par les politiques publiques a jouer un role d'integration et d'insertion des populations dites en difficulte. Le cadre associatif est percu comme un bastion pacificateur ou se developpent une citoyennete et une socialisation complementaires de l'ecole et de la famille. Voici analyses les mecanismes d'emergence et de structuration d'une dynamique sociale au sein de clubs sportifs.",internacional,2,0,0,0,0,0,contexto,
OpenAlex,https://openalex.org/W2117401019,Growing Grassroots Innovations: Exploring the Role of Community-Based Initiatives in Governing Sustainable Energy Transitions,2012,en,"Gill Seyfang, Alex Haxeltine",Environment and Planning C Government and Policy,geral,"The challenges of sustainable development (and climate change and peak oil, in particular) demand system-wide transformations in sociotechnical systems of provision. An academic literature around coevolutionary innovation for sustainability has recently emerged as an attempt to understand the dynamics and directions of such sociotechnical transformations, which are termed ‘sustainability transitions’. This literature has previously focused on market-based technological innovations. Here we apply it to a new context of civil-society-based social innovation and examine the role of community-based initiatives in a transition to a low-carbon sustainable economy in the UK. We present new empirical research from a study of the UK's Transition Towns movement (a ‘grassroots innovation’) and assess its attempts to grow and influence wider societal sociotechnical systems. By applying strategic niche management theory to this civil society context, we deliver theoretically informed practical recommendations for this movement to diffuse beyond its niche: to foster deeper engagement with resourceful regime actors; to manage expectations more realistically by delivering tangible opportunities for action and participation; and to embrace a community-based, action-oriented model of social change (in preference to a cognitive theory of behaviour change). Furthermore, our study indicates areas where theory can be refined to better explain the growth and broader impacts of grassroots innovations—namely, through a fuller appreciation of the importance of internal niche processes, by understanding the important role of identity and group formation, and by resolving how social practices change in grassroots innovations.",internacional,2,0,0,0,1,0,contexto,
OpenAlex,https://openalex.org/W2013622618,A New Theory for Public Service Management? Toward a (Public) Service-Dominant Approach,2012,en,"Stephen P. Osborne, Zoe Radnor, Greta Nasi",The American Review of Public Administration,geral,"This article argues that current public management theory is not fit for purpose—if it ever has been. It argues that it contains two fatal flaws—it focuses on intraorganizational processes at a time when the reality of public services delivery is interorganizational, and it draws upon management theory derived from the experience of the manufacturing sector and which ignores the reality of public services as “services.” The article subsequently argues for a “public service dominant” approach. This not only more accurately reflects the reality of contemporary public management but also draws upon a body of substantive service-dominant theory that is more relevant to public management than the previous manufacturing focus. We argue that this approach makes an innovative contribution to public management theory in the era of the New Public Governance. The article concludes by exploring the implications of this approach in four domains of public management and by setting a research agenda for a public-service dominant theory for the future.",internacional,1,0,0,0,0,0,nucleo,if it ever has been. It argues that it
OpenAlex,https://openalex.org/W1971998950,Public Procurement for Innovation as mission-oriented innovation policy,2012,en,"Charles Edquist, Jon Mikel Zabala‐Iturriagagoitia",Research Policy,inovacao_politicas_publicas,,internacional,3,0,0,0,0,0,nucleo,
OpenAlex,https://openalex.org/W2057294466,"Governance network theory: past, present and future",2012,en,"Erik‐Hans Klijn, Joop Koppenjan",Policy & Politics,geral,"This article argues that governance network theory (GNT) has developed into a fully fledged theory that has gained prominence within public administration. The emergence of New Public Governance opens up new challenges, however, and instead of governance networks and network governance replacing the traditional public administration model and New Public Management, hybrid practices will emerge. Addressing this topic, and other new challenges, will require GNT to further develop, and perhaps even reinvent itself. This is not without risks. If GNT evolves into a theory of everything, it will lose its explanatory power.",internacional,1,0,0,0,0,0,nucleo,If GNT evolves into a theory of everything
OpenAlex,https://openalex.org/W2011278167,A transferência de tecnologia universidade-empresa no contexto brasileiro: uma revisão de estudos científicos publicados entre os anos 2005 e 2009,2012,pt,"Lisiane Quadrado Closs, Gabriela Cardozo Ferreira",Gestão & Produção,geral,"O tema da gestão da inovação e transferência de tecnologia (TT) no contexto de interação universidade-empresa é relativamente novo no Brasil e emergente em âmbito internacional (REISMAN, 2005), assim, seus dados e teorias ainda se apresentam de modo fragmentado. Considerando essa fragilidade, este estudo objetivou identificar e analisar pesquisas recentes publicadas no Brasil sobre o tema, buscando contribuir para a consolidação desse corpo teórico. O trabalho, de cunho exploratório, revisou as pesquisas publicadas em periódicos nacionais entre 2005 e 2009, sob uma abordagem qualitativa. Os objetivos, métodos e principais resultados desses estudos foram sintetizados e discutidos. A análise coletiva desses trabalhos sugere que a cooperação universidade-empresa (U-E) gera inovações, aprendizados e benefícios mútuos. Esta aponta ainda existir muito espaço para ampliar a transferência de tecnologia U-E. O estudo identificou os métodos usados nas pesquisas; motivadores, facilitadores e obstáculos ao processo; elementos das estruturas universitárias, bem como políticas das IES e do governo intervenientes no processo; características de empresas geradas a partir de spillovers acadêmicos; o papel social exercido pelas IES; diferentes formas de TT na interação U-E; lacunas de pesquisas e sugestões para a realização de estudos futuros.",nacional,4,0,0,0,0,0,nucleo,
OpenAlex,https://openalex.org/W2060521257,Governança ambiental e economia verde,2012,pt,"Pedro Roberto Jacobi, Paulo Antônio de Almeida Sinisgalli",Ciência & Saúde Coletiva,geral,"The Rio+20 Conference will mobilize the global community in 2012 to participate in a challenging debate on the global environmental reality and the existing modus operandi with respect to the broad and generic topics of development and the environment. One of the core themes of this meeting is the transition to a green economy in the context of sustainable development and the eradication of poverty. The issue of Global Environmental Governance will top the agenda of the Rio +20 discussions, with a view to promoting and accelerating the transition to sustainable societies. It presents, often in a controversial way, the creation of conditions to define new institutional spaces and shared decision-making processes. Before embarking on the discussion about what king of sustainability should be behind the Green Economy, and its applicability, the scope of this article is to ask readers to reflect on what should be the priority in the discussion on environmental governance This should be explained to the extent that there is a need to change the existing mechanisms of profoundly unequal exploitation of resources, which blocks progress in decision-making processes, as decisions of the few create a perverse logic of appropriation of natural resources and the non-resolution of social exclusion.",nacional,2,0,0,0,0,0,nucleo,
OpenAlex,https://openalex.org/W2108415103,Governança em saúde e ambiente para o desenvolvimento sustentável,2012,pt,"Paulo Marchiori Buss, Jorge Mesquita Huet Machado, Edmundo Gallo, Danielly de Paiva Magalhães, Andréia Faraoni Freitas Setti, Francisco de Abreu Franco Netto, Daniel Forsin Buss",Ciência & Saúde Coletiva,geral,"The United Nations Conference on Sustainable Development, Rio+20, will address the challenges for sustainable development (SD), 'green economy and poverty eradication' and the 'institutional structure of sustainable development'. Therefore it will address the governance needed to achieve such goals. This paper discusses the structure of global, regional and national governance of and for health and environment in the context of SD. Among other global actions, the Millenium Development Goals were a significant recent political effort, but despite its advances, it fails when ignores the structural causes of production and consumption patterns and the unequal distribution of power, which are responsible for inequities and impede true development. To achieve SD, proposals must avoid reductionism, advancing conceptually and methodologically to face the challenges of the socio-environmental determinants of health through intersectoral action, including social participation and all levels of government. It is paramount to continue the implementation of Agenda 21, to meet the MDGs and to create 'Sustainable Development Goals'. Regarding the health field, Rio+20 Summit must reassure the connection between health and sustainability - as a part of the Social pillar of sustainable development - inspiring politics and actions in multiple levels.",nacional,2,0,0,0,0,0,nucleo,
OpenAlex,https://openalex.org/W2086784491,Mudança tecnológica na agricultura: uma revisão crítica da literatura e o papel das economias de aprendizado,2012,pt,"José Eustáquio Ribeiro Vieira Filho, José Maria Ferreira Jardim da Silveira",Revista de Economia e Sociologia Rural,geral,"O presente estudo faz uma revisão crítica da literatura sobre a mudança tecnológica na agricultura e uma breve descrição da abordagem alternativa do crescimento agrícola. Na literatura tradicional, apresentam-se a difusão tecnológica, o dualismo produtivo e a inovação induzida. Na visão dinâmica, mostra-se a abordagem alternativa do crescimento agrícola, bem como a importância das inovações e da capacidade de absorção de conhecimentos. A grande limitação dos estudos tradicionais, ao abordarem o crescimento agrícola, é a ausência de explicações da busca tecnológica e do processo de aprendizado. A compreensão do setor agrícola deve identificar que nem todo o desenvolvimento tecnológico e geração de novos conhecimentos estão cristalizados nos insumos produtivos. A agricultura não funciona por meio de agentes receptores passivos de tecnologias. O processo de inovação na agricultura é estruturado dentro de complexos arranjos produtivos e de instituições (públicas e privadas) promotoras do conhecimento. Os investimentos e as atividades de experimentação são exercidos dentro da unidade produtiva, gerando maior estoque de conhecimento e ampla capacidade de absorção, além de estimular a apropriação privada dos ganhos produtivos.",nacional,2,0,0,0,0,0,contexto,
OpenAlex,https://openalex.org/W3121751326,Innovation sociale et innovation de service : première ébauche d'un dialogue nécessaire,2012,fr,"Faridah Djellal, Faı̈z Gallouj",Cairn.info,geral,"RésuméLes problématiques de l’innovation sociale et de l’innovation de service se sont développées parallèlement durant ces deux dernières décennies en se croisant trop rarement. Pourtant elles ont de très nombreux points communs quand elles ne désignent pas tout simplement la même réalité socio-économique. Cet article vise à contribuer à établir un dialogue entre ces deux champs encore marginaux, mais prometteurs de la théorie économique et des sciences sociales en général. Il rend compte de manière succincte de ces deux champs, les met en perspective et examine de différentes manières les liens entre eux.Codes JEL : O30, L80, L31",internacional,2,0,0,0,1,0,contexto,
OpenAlex,https://openalex.org/W2057703986,Des agriculteurs contre le marché ? Itinéraire d'un mode alternatif de commercialisation des fruits et légumes,2012,fr,Madlyne Samak,L Homme et la société,geral,"Résumé Cet article interroge la façon dont une pratique alternative de commercialisation des fruits et légumes bien connue des sciences sociales — les Associations pour le maintien d’une agriculture paysanne (AMAP) — s’est développée dans un espace géographique limité — l’extrême Sud-Est de la France. L’étude sur le temps long des appropriations différenciées de cette innovation sociale et commerciale par les agriculteurs, permet de mettre en évidence et d’expliquer son « itinéraire ». Ainsi, des premières AMAP (nommées comme telles) aux systèmes de paniers qui se développent aujourd’hui, la dimension non marchande de la transaction semble avoir disparu. Parmi les explications qui sont traitées ici, on trouve la diversification des profils sociologiques des agriculteurs qui commercialisent en AMAP, et les transformations des conditions de mise en marché des produits issus de l’agriculture biologique.",internacional,2,0,0,0,0,0,contexto,
OpenAlex,https://openalex.org/W1983297040,Les modèles économiques en entrepreneuriat social : Proposition d'un modèle intégrateur,2012,fr,Ali Dardour,"La Revue des sciences de gestion/La Revue des sciences de gestion, Direction et gestion",geral,"L’entrepreneuriat social se présente comme une nouvelle forme entrepreneuriale tournée vers l’accomplissement d’une mission sociétale telle que l’insertion professionnelle par la création de son propre emploi. À partir de l’analyse de deux organisations françaises de microfinance, nous identifions les spécificités de leurs modèles économiques. Globalement nos analyses révèlent qu’un modèle économique type est constitué de trois composantes explicites (la proposition de valeur, l’architecture de valeur et l’expérimentation sociale) et d’une composante implicite concernant l’ambition des entrepreneurs sociaux d’agir comme agents de changement (dimension politique) par la proposition d’alternatives aux pratiques conventionnelles. En dépit des contraintes de disponibilité des ressources, les entrepreneurs sociaux ne se contentent pas de poursuivre une logique de réparation des externalités négatives de l’économie de marché, mais se positionnent comme porteurs de solutions innovantes aux besoins émergents des sociétés modernes. Mots-clés : modèle économique, entrepreneuriat social, innovation sociale.",internacional,2,0,0,0,1,0,contexto,
OpenAlex,https://openalex.org/W2067823941,Transformation des relations banques / institutions de microcrédit (IMC) au Togo. Une lecture à partir des cadres théoriques de l’innovation,2012,fr,Mawuli Kodjovi Couchoro,Économie et solidarités,geral,"L’adoption de l’approche commerciale du microcrédit, qui prend de plus en plus le dessus sur l’approche subventionnée, s’accompagne de la transformation des relations entre les banques et les institutions de microcrédit (IMC). Cette relation, quasi absente dans les premières années d’expérience du microcrédit, devient à la fois complémentaire et concurrentielle. La théorie de l’innovation est mobilisée dans cet article pour montrer que la transformation des relations banques / IMC n’est pas un paradoxe, mais une étape du processus de diffusion d’une innovation sociale ayant une forme servicielle, en l’occurrence le microcrédit. L’exemple du Togo révèle l’amorce à partir de 2005 d’une relation de complémentarité et des signes qui laissent présager une forte concurrence.",internacional,2,0,0,0,1,0,contexto,
OpenAlex,https://openalex.org/W2028484188,Le loft: habitat atypique et innovation sociale pour deux générations de « nouvelles classes moyennes »,2012,fr,Anaïs Collet,Espaces et sociétés,geral,"Résumé La reconversion d’anciens locaux d’activité en logements est un phénomène certes marginal, mais révélateur de certaines innovations sociales dans les franges supérieures des classes moyennes. Plusieurs auteurs ont vu dans la diffusion des lofts l’effet de la récupération marchande de la critique artiste et d’une demande croissante envers un habitat distinguant. L’analyse de cinq cas d’habitants ayant reconverti d’anciens locaux industriels dans le Bas-Montreuil, en région parisienne, fait apparaître d’autres ressorts d’un tel choix résidentiel. Pour la génération des « nouvelles classes moyennes » arrivée dans les années 1980, ces espaces ont permis de mettre en œuvre des normes d’habitat alternatives et de donner sens à une position sociale nouvelle. Pour leurs successeurs, arrivés dans les années 2000, la conversion de locaux d’activité permet de valoriser des ressources non financières et de compenser une position sur le marché immobilier fragilisée par la précarisation de l’emploi.",internacional,2,0,0,0,1,0,contexto,
OpenAlex,https://openalex.org/W2108998664,Innovation technologique ou innovation sociale ? Usages et valorisation d'un outil informatisé de gestion dans l'IAE,2012,fr,"Guillaume Marrel, Magali Nonjon",Innovations,geral,"Résumé L’équipement numérique de l’accompagnement à l’emploi est incontestablement une innovation technologique et organisationnelle au sein d’un Plan Local d’Insertion par l’Économique (PLIE). L’article interroge la qualification « sociale » de cette innovation par les acteurs et promoteurs du logiciel de suivi des parcours d’insertion en question, à partir d’une enquête monographique, et au regard des propositions de consolidation théorique de l’« innovation sociale ». Une « innovation sociale de compétition » ? Les écarts observés entre justification des pratiques et catégorisations académiques, autour de la polysémie du « social », plaident pour une sociologie approfondie des usages de la qualification de l’innovation. Codes JEL : H75, I3, J2, J68, J78, L38, O17, O33, O38, R58",internacional,2,0,0,0,0,0,contexto,
OpenAlex,https://openalex.org/W2163959691,Les phases amont des projets innovants et la construction du groupe-projet,2012,fr,"Iban Lizarralde, Véronique Pilnière",Projectics / Proyéctica / Projectique,geral,"Résumé Nous nous intéressons ici aux phases amont de la mise en place de projets complexes. Nous considérons comme « projets complexes », des projets qui se proposent de spécifier, de mettre en œuvre et de pérenniser des changements organisationnels profonds dans les entreprises ou, plus généralement, dans les activités sous contraintes économiques. Ces projets sont généralement liés à l’innovation sous ses diverses formes : innovation produit naturellement, mais aussi innovation process, innovation organisationnelle ou innovation sociale. Le manager ou le chef de projet en charge d’une telle transformation complexe va devoir réfléchir à la façon dont il va s’organiser, aux personnes concernées par le projet dont il prend la responsabilité. La question à laquelle nous allons nous intéresser dans cette contribution est la suivante : comment est-il possible de faire collaborer positivement des personnes et faire démarrer efficacement des projets communs dans la mesure où ces personnes défendent a priori des points de vue divergents sur la nature des problèmes posés, sur les solutions que l’on peut leur imaginer et sur des façons « réalistes » d’y parvenir.",internacional,2,0,0,0,0,0,contexto,
OpenAlex,https://openalex.org/W2748635114,"Social innovation: concepts, research fields and international trends.",2012,en,"М. Д. Шарапиева, Р. И. Данабаева",DOAJ (DOAJ: Directory of Open Access Journals),geral,"In the article the substantive distinction between social and technical innovations are found in their immaterial intangible structure. While the changed and intensified social and economic problems identified in public discourse are increasingly prompting a call for extensive social inn ovation, the topic continues to remain a largely under - explored area in the social sciences as well as government innovation policies.",internacional,2,0,0,0,0,0,contexto,
OpenAlex,https://openalex.org/W32353239,"Territorialité, mobilisation des communautés et persévérance scolaire : la diffusion d'une innovation sociale au Québec",2012,fr,"Michel Perron, Suzanne Veillette",Constellation (Université du Québec à Chicoutimi),geral,"Le présent texte vise à exposer comment le modèle mis en place au Saguenay–Lac-Saint-Jean (SLSJ) pour prévenir l’abandon scolaire a pu contribuer à l’émergence d’un vaste projet collectif de mobilisation des forces vives de l’ensemble de la province de Québec (Canada) pour favoriser la persévérance scolaire et la diplomation. Amorcé en 1996 sous la forme d’une recherche-intervention, le projet du SLSJ repose sur le rapprochement de deux réalités (éducation et territoire) qu’il n’était pas usuel de juxtaposer à cette époque. Après avoir rappelé le contexte socio-historique de départ, les auteurs discutent des conditions d’émergence du Conseil régional de prévention de l’abandon scolaire (CRÉPAS), lesquelles ont permis d’expérimenter un partenariat entre la société civile et l’État. Les pratiques s’inscrivent dans la logique du développement communautaire et de l’intervention collective alors que le territoire sert d’ancrage à la mobilisation régionale et locale. Les auteurs font part des principaux indicateurs en matière de persévérance scolaire, de santé et de bien-être qui témoignent des effets plutôt favorables d’une pareille innovation sur les jeunes de cette région. Les résultats obtenus ont ensuite contribué à la notoriété de l’expérience du SLSJ. Cette dernière a été largement diffusée et elle a inspiré de récentes stratégies adoptées au Québec pour augmenter la diplomation au secondaire chez les moins de vingt ans.",internacional,3,0,0,0,0,0,nucleo,
OpenAlex,https://openalex.org/W1544204175,Economía Ecológica y Solidaria : rumbo a una propuesta teórica integrada que visualice las rutas hacia la transición,2012,es,Mara Rosas Baños,LA Referencia (Red Federada de Repositorios Institucionales de Publicaciones Científicas),economia_solidaria,"La urgencia en la construcción de una propuesta teórica capaz de superar los riesgos sociales, económicos y ecológicos que enfrenta la humanidad obliga la tarea de identificar las similitudes entre las corrientes teóricas que se proponen superar al capitalismo. La Economía Ecológica y la Economía Solidaria son campos que tienen posibilidades de converger en la edificación de tales retos. Para ello se propone la incorporación de diversas categorías analíticas, tales como las Actividades No-proletarias Generadoras de Excedentes; la Racionalidad Ambiental y la Democratización del Conocimiento. Desde estas categorías se pretende una mejor comprensión y posibilidad de trascender los problemas vinculados con las siguientes cuestiones: ¿cuáles son los elementos que podemos retomar de sociedades no capitalistas para la construcción de una forma de organización social y económica alterna? ¿Qué debemos eliminar del sistema económico para lograr abatir los principales problemas sociales y ambientales? ¿Cuáles son los mecanismos que tenemos a nuestro alcance para lograr que la sociedad responda a los riesgos ante los que nos encontramos? ¿Qué papel tiene el conocimiento en la construcción de los sujetos de transformación? En este documento se alude a la necesaria integración de estas perspectivas teóricas para discutir y construir una propuesta teórica integral basada en la cooperación, solidaridad y ética.",internacional,2,0,1,1,0,1,nucleo,
OpenAlex,https://openalex.org/W2160004216,Social Entrepreneurship: A Critique and Future Directions,2011,en,"M. Tina Dacin, Peter A. Dacin, Paul Tracey",Organization Science,geral,"Work on social entrepreneurship constitutes a field of study that intersects a number of domains, including entrepreneurial studies, social innovation, and nonprofit management. Scholars are beginning to contribute to the development of this new discipline through efforts that attempt to trace the emergence of social entrepreneurship as well as by comparing it to other organizational activities such as conventional entrepreneurship. However, as a nascent field, social entrepreneurship scholars are in the midst of a number of debates involving definitional and conceptual clarity, boundaries of the field, and a struggle to arrive at a set of relevant and meaningful research questions. This paper examines the promise of social entrepreneurship as a domain of inquiry and suggests a number of research areas and research questions for future study.",internacional,2,0,0,0,0,0,contexto,
OpenAlex,https://openalex.org/W2116056265,Constructing Regional Advantage: Platform Policies Based on Related Variety and Differentiated Knowledge Bases,2011,en,"Björn Asheim, Ron Boschma, Philip Cooke",Regional Studies,inovacao_politicas_publicas,"Asheim B. T., Boschma R. and Cooke P. Constructing regional advantage: platform policies based on related variety and differentiated knowledge bases, Regional Studies. This paper presents a regional innovation policy model based on the idea of constructing regional advantage. This policy model brings together concepts like related variety, knowledge bases and policy platforms. Related variety attaches importance to knowledge spillovers across complementary sectors. The paper categorizes knowledge into ‘analytical’ (science based), ‘synthetic’ (engineering based) and ‘symbolic’ (arts based) in nature, with different requirements of ‘virtual’ and real proximity mixes. The implications of this are traced for evolving ‘platform policies’ that facilitate economic development within and between regions in action lines appropriate to incorporate the basic principles behind related variety and differentiated knowledge bases. Asheim B. T., Boschma R. and Cooke P. 构建区域优势：基于相关多样性以及不同知识基础的平台政策， 区域研究。 本文展示了基于构建区域优势这一理念的区域创新政策模型。 本政策模型整合了相关多样性、知识基础以及政策平台等概念。相对多样性概念强调了相互补充的部门间知识外溢存在的重要性。本文按知识的性质将其分类为：分析性（以科学为基础）、先验性（以工程为基础）以及象征性（以艺术为基础），不同类别的知识对于“真实”有着不同的要求。文章考察了上述分类对于“平台政策”演进的影响，平台政策有助于整合相关多样性和不同知识基础背后的基本原则，以此辅助区域内外协同发展。 相关多样性 不同知识基础 区域创新政策 区域（衍 生）分支 Asheim B. T., Boschma R. et Cooke P. L'établissement de l'avantage régional: une plate-forme économique fondée sur la variété liée et des bases de connaissance différenciée, Regional Studies. Cet article cherche à présenter un modèle de la politique en faveur de l'innovation régionale fondée sur la notion de l'établissement de l'avantage régional. Cette politique réunit des notions telles la variété liée, les bases de connaissance, et des plates-formes économiques. La variété attache de l'importance aux retombées de connaissance à travers des secteurs complémentaires. L'article classe la connaissance, par nature, sous les rubriques ‘analytique’ (fondée sur la science), ‘synthétique’ (fondée sur l'ingénierie) et ‘symbolique’ (fondée sur les arts), y compris des besoins différents pour les mélanges de proximités ‘virtuelle’ et réelle. On en esquisse les implications quant aux ‘plates-formes économiques'qui facilitent le développement économique sur les plans intra et interrégionaux à partir des actions appropriées aux principes qui étayent la variété liée et les bases de connaissance différenciée. Variété liée Bases de connaissance différenciée Plate-forme Politique en faveur de l'innovation régionale Ramification régionale Asheim B. T., Boschma R. und Cooke P. Aufbau eines regionalen Vorteils: Plattform-Politiken auf der Grundlage von verwandter Varietät und differenzierten Wissensbasen, Regional Studies. In diesem Beitrag wird ein Modell für regionale Innovationspolitik auf der Grundlage der Idee des Aufbaus eines regionalen Vorteils vorgestellt. In diesem politischen Modell werden unter anderem Konzepte von verwandter Varietät, Wissensbasen und politischen Plattformen miteinander kombiniert. Bei der verwandten Varietät wird der Wissensübertragung zwischen komplementären Sektoren Bedeutung beigemessen. In diesem Beitrag teilen wir Wissen je nach seiner Beschaffenheit in die Kategorien ‘analytisch' (wissenschaftsbasiert), ‘snythetisch' (technikbasiert) und ‘symbolisch' (kunstbasiert) ein, wobei an Mischungen von ‘virtueller' und echter Nähe unterschiedliche Anforderungen gestellt werden. Wir untersuchen die Auswirkungen auf die Entstehung von ‘Plattform-Politiken’, die eine Wirtschaftsentwicklung innerhalb und zwischen den Regionen begünstigen, durch eine Abbildung als Aktionslinien, mit denen die Grundprinzipien der verwandten Varietät und der differenzierten Wissensbasen angemessen berücksichtigt werden. Verwandte Varietät Differenzierte Wissensbasen Plattform-Politik Regionale Innovationspolitik Regionale Branchenbildung Asheim B. T., Boschma R. y Cooke P. La construcción de una ventaja regional: políticas de plataforma basadas en la variedad relacionada y las bases de conocimiento diferenciado, Regional Studies. En este artículo presentamos un modelo de política de innovación regional basado en la idea de crear una ventaja regional. En este modelo político se combinan conceptos tales como la variedad relacionada, las bases de conocimiento y las plataformas políticas. La variedad relacionada resalta la importancia de los desbordamientos de conocimiento en los sectores complementarios. En este artículo describimos el conocimiento según su naturaleza en las categorías de modelo ‘analítico’ (basado en la ciencia), ‘sintético’ (basado en la ingeniería) y ‘simbólico’ (basado en las artes), con combinaciones de proximidad ‘virtuales’ y reales según diferentes requisitos. Exploramos las repercusiones en la creación de ‘políticas de plataforma’ que facilitan el desarrollo económico dentro de las regiones y entre ellas, mediante líneas de acción apropiadas con la finalidad de incorporar los principios básicos de la variedad relacionada y las bases de conocimiento diferenciado. Variedad relacionada Bases de conocimiento diferenciado Política de plataforma Política de innovación regional `Ramificación regional",internacional,4,0,0,0,0,0,nucleo,
OpenAlex,https://openalex.org/W2111282195,Enhancing Collaborative Innovation in the Public Sector,2011,en,"Eva Sørensen, Jacob Torfing",Administration & Society,geral,"Encouraged by the proliferation of governance networks and the growing demands for public innovation, this article aims to advance “collaborative innovation” as a cross-disciplinary approach to studying and enhancing public innovation. The article explains the special conditions and the growing demand for public innovation, and demonstrates how it can be enhanced through multiactor collaboration. The case for collaborative innovation is supported by insights from three different social science theories. The theoretical discussion leads to the formulation of an analytical model that can be used in future studies of collaborative innovation in the public sector.",internacional,3,0,0,0,0,0,nucleo,
OpenAlex,https://openalex.org/W1598044524,Why do Social Innovations in Rural Development Matter and Should They be Considered More Seriously in Rural Development Research? – Proposal for a Stronger Focus on Social Innovations in Rural Development Research,2011,en,Stefan Neumeier,Sociologia Ruralis,geral,"Abstract The article discusses social innovation from a rural development perspective. The central questions addressed are: What are social innovations and why are they important for rural development? How can we gain more insights into the role and functioning of social innovations in rural development? Drawing on different approaches to conceptualise social innovations pursued in economy, management, sociology, psychology and regional economics, planning and development studies, the article outlines the central aspects on which the concept is built. Based on these insights a proposal for a concise basic definition of social innovations is given and a model of the social innovation process is introduced. Reasoning that a lack of social innovation is often one of the strongest restraints of the vitality and further development of rural communities in developed, democratic, capitalist, industrial countries, the second part orf the article highlights the need to put a stronger focus on social innovations in future rural development research. Building on these insights, the third part addresses open research questions and explains why an actor‐oriented network approach seems to be a promising potential methodological way to approach social innovations in rural development research.",internacional,2,0,0,0,0,0,contexto,
OpenAlex,https://openalex.org/W2551987028,Surmountable Chasms: Networks and Social Innovation for Resilient Systems,2011,en,"Michele‐Lee Moore, Frances Westley",Ecology and Society,geral,"Complex challenges demand complex solutions. By their very nature, these problems are difficult to define and are often the result of rigid social structures that effectively act as ""traps"". However, resilience theory and the adaptive cycle can serve as a useful framework for understanding how humans may move beyond these traps and towards the social innovation that is required to address many complex problems. This paper explores the critical question of whether networks help facilitate innovations to bridge the seemingly insurmountable chasms of complex problems to create change across scales, thereby increasing resilience. The argument is made that research has not yet adequately articulated the strategic agency that must be present within the network in order for cross scale interactions to occur. By examining institutional entrepreneurship through case studies and examples, this paper proposes that agency within networks requires specific skills from entrepreneurs, including ones that enable pattern generation, relationship building and brokering, knowledge and resource brokering, and network recharging. Ultimately, this begins to build a more complete understanding of how networks may improve human capacity to respond to complex problems and heighten overall resilience.",internacional,2,0,0,0,0,0,contexto,
OpenAlex,https://openalex.org/W2038428546,Prototyping and infrastructuring in design for social innovation,2011,en,"Per-Anders Hillgren, Anna Seravalli, Anders Emilson",CoDesign,geral,"During the past five years design has been recognised as a powerful innovation driver. Design methods and tools have also been applied in new fields. One of them is social innovation, which is aimed at developing new ideas and solutions in response to social needs. While different initiatives have demonstrated how design can be a powerful approach in social innovation, especially when it comes to systemic thinking, prototyping and visualising, some concerns have been raised regarding the limitations of applying design in this field. Through a specific case, this paper will discuss and suggest some approaches and concepts related to design for social innovation. Coming from a participatory design tradition, we focus on the idea of infrastructuring as a way to approach social innovation that differs from project-based design. The activities that are carried out are aimed at building long-term relationships with stakeholders in order to create networks from which design opportunities can emerge. We also discuss the role of prototyping as a way to explore opportunities but we also highlight dilemmas.",internacional,2,0,0,0,0,0,contexto,
OpenAlex,https://openalex.org/W2111327250,Design of innovation policy through diagnostic analysis: identification of systemic problems (or failures),2011,en,Charles Edquist,Industrial and Corporate Change,inovacao_politicas_publicas,"“Activities” in innovation systems are the determinants of the development and diffusion of innovations. Examples are R&D, provision of organizations and institutions, financing of innovations, incubation, etc. These activities are partly performed by private organizations and partly by public organizations, the latter performing tasks that constitute innovation policy. As a basis for innovation policy, the problems (failures) in the systems must be identified. This article focuses upon the design of innovation policy through diagnostic analysis; it provides a framework for identification of systemic problems (or failures) in innovation systems.",internacional,3,0,0,0,0,0,nucleo,
OpenAlex,https://openalex.org/W1524726000,A face oculta(da) dos movimentos sociais: trânsito institucional e intersecção Estado-Movimento - uma análise do movimento de economia solidária no Rio Grande do Sul,2011,pt,"Marcelo Kunrath Silva, Gerson de Lima Oliveira",Sociologias,economia_solidaria,"As relações entre movimentos sociais, partidos políticos e Estado tornaram-se, nas últimas décadas, um dos focos centrais de problematização teórica e investigação empírica no campo de estudos sobre movimentos sociais. Inserindo-se nesse debate, o presente artigo propõe uma perspectiva de análise que possibilite apreender diferentes padrões de relação entre política institucionalizada e política não institucionalizada e, particularmente, como tais padrões oportunizam processos distintos de organização e atuação dos movimentos sociais. Para explorar as possibilidades analíticas de tal perspectiva, aborda-se a trajetória de militantes do denominado movimento de economia solidária no estado do Rio Grande do Sul. Através dessas trajetórias, é possível identificar um processo organizativo que não apenas não se dá externamente ao Estado, mas é, em grande medida, fomentado por agentes e políticas governamentais. Ao contrário de abordar e criticar tal processo como exemplo de cooptação, instrumentalização ou colonização do movimento de economia solidária pelo Estado, busca-se mostrar que ele é fruto de um complexo padrão de relações entre sociedade civil e Estado, mediadas por partidos políticos (e, particularmente, pelo Partido dos Trabalhadores - PT), que emerge e se consolida no Brasil ao longo dos últimos 25 anos.",nacional,2,0,1,1,0,1,nucleo,
OpenAlex,https://openalex.org/W2118518012,Os circuitos da história e o balanço da educação no Brasil na primeira década do século XXI,2011,pt,Gaudêncio Frigotto,Revista Brasileira de Educação,inovacao_instituto_publico,"No presente texto, efetiva-se um balanço crítico das políticas e concepções educacionais que marcaram a primeira década do século XXI. Com base no pressuposto de que o que marca uma conjuntura não é o tempo cronológico, mas os acontecimentos que a constituem, a análise concentra-se nos oito anos do Governo Luiz Inácio Lula da Silva. No balanço desse período, busca-se não cair na armadilha do discurso antinômico da mera continuidade e descontinuidade em relação à década de 1990. No conteúdo básico do texto, discutem-se os embates e opções em torno do projeto societário que marcam a conjuntura da década e como se move a educação neste contexto. Destacam-se os avanços significativos nas políticas assistenciais, relativa distribuição de renda, retomada dos concursos públicos e a criação de novas universidades públicas e Institutos Federais de Educação Tecnológica, mas sublinha-se que o governo não disputou a concepção pedagógica e, como consequência, o ideário produtivista e mercantilista, paradoxalmente, foi dominante em todos os níveis do sistema educativo. Nota-se, por fim, que a ANPEd, cujo trabalho específico é a busca da cientificidade do saber e, portanto, do sentido histórico, social, cultural e ético-político de sua produção, dominantemente, sucumbiu ao produtivismo.",nacional,1,0,0,0,0,0,nucleo,
OpenAlex,https://openalex.org/W2062715130,"Atualização em vacinas, imunizações e inovação tecnológica",2011,pt,"Akira Homma, Reinaldo de Menezes Martins, Maria da Luz Fernandes Leal, Marcos da Silva Freire, Artur Roberto Couto",Ciência & Saúde Coletiva,inovacao_politicas_publicas,"The smallpox worldwide eradication was the major world public health achievement. The binomial - vaccines and immunization - continues to demonstrate very high performance in the prevention and control of other diseases preventable by vaccination. The new global initiatives on vaccination, such as GAVI, have made possible the introduction of new and important vaccines preventing million of children deaths in the poorest countries in the world. The National Immunization Program of Brazil is also being strengthened, with the introduction of several new vaccines into the basic calendar as rotavirus, pneumococcal and meningococcal conjugated and H1N1 in national campaign, covering the population at risk. With the discovery of high valued vaccines, the big pharmaceutical companies became interested in this area, investing heavily in technological innovation, making fusions, acquisitions and technological partnerships. Brazil has also established a new innovation policy, creating new laws as well as subsidizing projects in technological innovation and modernization of production infra-structure.",nacional,5,0,0,0,0,0,nucleo,
OpenAlex,https://openalex.org/W3097597532,DÉVELOPPEMENT TERRITORIAL ET INNOVATION SOCIALE,2011,fr,Jean-Marc Fontan,Presses de l'Université du Québec eBooks,geral,,internacional,2,0,0,0,0,0,contexto,
OpenAlex,https://openalex.org/W2002030060,"Émergence entrepreneuriale et innovation sociale dans l’économie sociale et solidaire : acteurs, projets et logiques d’action",2011,fr,"Brigitte Charles Pauvers, Caroline Urbain, Nathalie Schieb-Bienfait",Presses universitaires de Rennes eBooks,geral,"Introduction Dans la perspective des travaux menés par le réseau EMES sur l’émergence des entreprises sociales en Europe (Borzaga et Spear, 2004 ; Evers et Laville, 2004, Borzaga et Defourny, 2001 ; Defourny, 2004), cette recherche se propose de mieux comprendre les dynamiques entrepreneuriales contemporaines de l’économie sociale et solidaire, à partir d’une analyse des microprojets innovants financés dans le cadre du programme de la me...",internacional,2,0,0,0,0,0,contexto,
OpenAlex,https://openalex.org/W1967215201,La actitud de las empresas de economía solidaria frente a la divulgación de información sobre sostenibilidad desde el prisma de la teoría de los stakeholders o grupos de interés,2011,es,"Patricia Horrach-Rosselló, Antoni Salvà",Revista de Contabilidad,economia_solidaria,"Las empresas de economía solidaria forman parte de la economía social y conjugan elementos de actuación en el mercado, con el interés general de sus actividades, centrado fundamentalmente en colectivos desfavorecidos. Las características establecidas para estas entidades, así como la existencia de principios de actuación, nos han llevado a plantearnos cómo éstos se asimilan a la responsabilidad social, así como cuáles deberían ser los elementos básicos en la emisión de información sobre sostenibilidad en estas empresas. Uno de los requisitos de la responsabilidad social es la transparencia respecto a los impactos y objetivos asumidos. El presente trabajo pretende además acercarnos a la realidad de la emisión de información sobre sostenibilidad en estas entidades en el ámbito geográfico de las Illes Balears, así como el posicionamiento que adoptan al respecto y las razones para ello, bajo el enfoque de la Teoría de los Stakeholders. Social economy enterprises constitute a subsector of the social economy. They are organizations that operate on the market, incorporating the concept of solidarity in their social mission. This essentially implies helping to improve the financial and social conditions of disadvantaged groups. The existence of social economy principles has led us to consider how they are assimilated into the concept of corporate social responsibility and what basic details should be included in the information that is given about the sustainability and solidarity of these enterprises. One of the requirements of social responsibility is the transmission of information about social and environmental impacts and objectives of the firm. The aim of this article is furthermore, to analyze the voluntary social reporting disclosures of the social enterprises in Balearic Islands, their strategic posture adopted about it and the reasons to disclose sustainability information under the stakeholder theory approach.",internacional,2,0,1,1,2,1,nucleo,
OpenAlex,https://openalex.org/W2000686805,"Economía solidaria, cooperativismo y descentralización: la gestión social puesta en práctica",2011,es,Pablo Monje-Reyes,Cadernos EBAPE BR,economia_solidaria,"Hoy en día se hace cada vez más necesario analizar nuevas formas de organización social, que permitan fortalecer el rol protagónico de actores sociales subalternos. Por tanto, esta publicación tiene como objetivo proponer y desarrollar, críticamente, un debate conceptual sobre economía solidaria, descentralización y cooperativismo, en el marco de la gestión social. El artículo es parte del desarrollo de un marco teórico de una investigación sobre cooperativismo y buenas prácticas en gestión social, descentralización y economía solidaria.",internacional,3,0,1,1,0,2,nucleo,
OpenAlex,https://openalex.org/W1569852088,Las Organizaciones de Economía Solidaria: Un Modelo de Gestión Innovador,2011,es,"Clara Inés Orrego Correa, Olga Lucía Arboleda Álvarez",Cuadernos de Administración,economia_solidaria,"Este artículo reflexiona sobre la necesidad de una propuesta paradigmática que oriente los procesos de gestión de las organizaciones de economía solidaria desde desarrollos teóricos, conceptuales, técnicos e instrumentales, consecuentes con las particularidades filosóficas y económicas propias de las organizaciones mencionadas. El artículo consta de dos partes: la primera define los conceptos de organización, gestión de organizaciones y organizaciones de economía solidaria; la segunda, caracteriza y analiza, específicamente, los procesos de gestión en dichas organizaciones",internacional,2,0,1,1,0,1,nucleo,
OpenAlex,https://openalex.org/W2910655203,"Prise de décisions individuelles et partagées des intervenants participant à l'École éloignée en réseau en matière d'innovation technologique, organisationnelle et sociale en région",2011,fr,Christine Hamel,,geral,"La présente étude s'attarde à comprendre et illustrer le processus d'innovation dans quatre sites différents au Québec à partir du repérage de la prise de décisions tant individuelle que partagée par les intervenants locaux. L'innovation en question est l'initiative de l'École éloignée en réseau (ÉÉR) qui vise à enrichir l'environnement d'apprentissage de très petites écoles de la province de Québec depuis 2002, à l'aide des technologies de l'information et de la communication (TIC). Cette innovation pédagogique dans laquelle les enseignants impliqués ont transformé leurs pratiques afin de rendre l'environnement d'apprentissage des élèves plus interactif et ancré dans les théories sur les sciences de l'apprentissage actuelles (questionnement authentique, apprentissage intentionnel, communauté d'apprentissage, entre autres). Au plan organisationnel, la mise en oeuvre de cette innovation a nécessité la participation active de tous les intervenants du système (enseignants, directions d'établissement, conseillers pédagogiques, cadres de la commission scolaire, membres de la communauté) autour d'un but commun, soit la réussite de l'innovation. Finalement, il s'agit d'une innovation sociale puisque les efforts consentis par les intervenants de tout le système vise à améliorer la réussite scolaire des élèves, mais aussi à donner une égalité de chance et de succès, peu importe la région d'appartenance des élèves. À partir d'une méthodologie d'expérimentation de devis, des entrevues avec quatre types d'intervenants (enseignant, direction d'établissement, conseiller pédagogique, direction des services éducatifs ou direction générale de la commission scolaire) ont été conduites et analysées afin de repérer la prise de décision individuelle des intervenants face à l'innovation de même que leur rationalité limitée (Simon, 1959) la concernant. De fait, pour comprendre un processus de mise en oeuvre d'une innovation, il importe d'approfondir les raisons d'adoption ou de rejet de l'innovation par les participants (Amable, 2001; Rogers, 2005). Ce repérage de la prise de décision individuelle nous a permis d'identifier différents profils en fonction des rôles professionnels, mais aussi des quatre sites participants. Par la suite, nous avons identifié les principaux objets de décision sur lesquels des décisions (Elster, 2010) partagées par les intervenants ont été prises lors des rencontres formelles d'un comité de suivi de l'ÉÉR dans chacun des sites. À partir de l'historique du site dans l'innovation, trois modèles de diffusion de l'innovation dans un système ont émergé, et le rôle des conditions d'innovation nécessaires pour soutenir et faciliter la diffusion de l'innovation est mis en évidence (Ely, 1990).",internacional,2,0,0,0,1,0,contexto,
OpenAlex,https://openalex.org/W2010961314,Design Thinking for Social Innovation,2010,en,"Tim Brown, Jocelyn Wyatt",Development Outreach,geral,Designers have traditionally focused on enchancing the look and functionality of products.,internacional,2,0,0,0,0,0,contexto,
OpenAlex,https://openalex.org/W2101637067,Regional resilience: theoretical and empirical perspectives,2010,en,"Susan Christopherson, Jonathan Michie, Peter Tyler",Cambridge Journal of Regions Economy and Society,geral,"This edition of Cambridge Journal of Regions, Economy and Society is devoted to examining regional resilience and assessing its underlying theoretical foundations, the empirical evidence that may lie behind it and importantly what it may have to offer the formulation of policy. The articles in this issue explore the concept from a variety of angles and demonstrate why it has emerged as a popular, albeit contested, concept in environmental studies and the social sciences. We acknowledge that one reason for the popularity of the term ‘regional resilience’ is its malleability; it can mean different things to different people. As the term originated in environmental studies, it described biological capacity to adapt and thrive under adverse environmental conditions. At the other end of the spectrum, in economics, resilience has been defined in terms of return to a fixed and narrowly defined equilibrium (as measured by employment, for example) or, in the more liberal version, multiple equilibria. In the social sciences, more generally, however, the term regional resilience has become popular because of its association with regional adaptation and so has strong connections with evolutionary economics and evolutionary economic geography.1 One obvious question is why the concept has become so popular at this historical moment. The processes it encompasses (rebound, adaptation and recovery) certainly are not new in any fundamental sense. The attention to resilience may be, however, a response to a generalized contemporary sense of uncertainty and insecurity and a search for formulas for adaptation and survival. In this respect, the fashionable use of the concept may originate both from an increased sense of risk (economic and political as well as environmental) and from the perception that processes associated with globalization have made places and regions more permeable to the effects of what were once thought to be external processes. The intersection of an economic crisis and an environmental crisis has enhanced the perceived sense of vulnerability and, hence, stimulated the search for new paths to ‘resilience’ (Hudson, 2010; Pike et al., 2010). Despite its currency, however, the question of ‘regional resilience’ is, at base, a very old and enduring question: why do some regions manage to overcome short-term or long-term economic adversity to maintain a high quality of life for regional residents while others fail. As Hassink (2010) describes, this question is fraught with both methodological and philosophical difficulties but remains a subject of interest because of its significance and because of the multiple variables at play in the region. For some, the idea of ‘resilience’ should be thrown out in favour of concepts that are more meaningful within disciplinary contexts. For others, however, regional resilience provides an umbrella under which to explore multiple disciplinary perspectives on critical and disputed concepts. This discussion is useful in and of itself because it serves to clarify differences in broader conceptual frameworks, especially as they treat time, space, institutions and agency. In other words, an interdisciplinary discussion helps clarify the assumptions underlying different perspectives on regional change and how to measure it. In addition, as people from different disciplinary perspectives present their ideas on how to measure resilience and what a resilient region looks like, we also get a much clearer picture of what ‘the region’ means in different fields and which of the numerous variables affecting regional paths are considered significant. Rather than being taken for granted, what we mean by ‘region’ also has to be interrogated. The papers in this issue demonstrate that regional resilience can provoke a debate among economists, political scientists, planners and geographers in a way that concepts closely tied to a disciplinary discourse (such as governance for political scientists, equilibrium for economists or lock-in or path dependency for economic geographers) cannot. It also suggests ways in which historical events—environmental disasters and the financial crisis—can shake up our thinking and make us question some of our basic assumptions and measures of success and failure. We hope that this issue on regional resilience illuminates the diversity of our understanding and denies us the convenient notion that we are ever talking about the same thing. At the same time, this kind of multidisciplinary conversation sparks new ideas and connections and produces, if not agreement, then a richer conceptual terrain all around. One critical divide among the authors writing about regional resilience can be traced to how they treat time and space. In equilibrium approaches, time is measured in moments (pre-shock, shock and post-shock) and the region is an action ‘container’ that bumps up against other regions but is on its own course for good or ill. Most of the authors contributing to this issue, although not all, adopt a different, evolutionary, approach to understanding regional change: one rooted in the idea that space is constructed via human action and social relations. Regions are manifestations of those actions and are in a constant process of transition. For these authors, political and economic processes, such as those that lead to investment in one neighbourhood or region and disinvestment in another, are at the core of regional resilience. They create capacity, including governance capacity, and determine how vulnerable a region is to events outside the control of regional residents. Hassink (2010) rejects the concept of regional resilience altogether as leading to a misapprehension of the processes of regional change because of its neglect of the longue duree in regional adaptation. Pike et al. (2010) are also highly critical of equilibrium approaches but distinguish the concept of resilience, in effect trying to rescue it from its association with easily measured, short-term, ‘pop-up’ recovery. In the course of grappling with the concept of regional resilience and defining it in a meaningful way, the authors in this issue raise an underlying but rarely asked question: how are the causes behind systemic shock understood and interpreted? The interpretation of the causes—the story that is told about why an adverse regional event occurred—is critical to what will be considered successful adaptation or resilience. The explanation for an adverse event or increased risk of adversity is a more complex question than it appears on the surface. An environmental and civic disaster such as Hurricane Katrina in New Orleans is unquestionably a disastrous ‘event’. And the resilience of the region can be measured by an equilibrium-based rebound in tourist expenditures or employment. As documented in successful lawsuits, however, the potential for a significant disaster from a hurricane (an occasional but likely event in the region) had been predicted and written about for many years. Despite these predictions, investments to support the port of New Orleans’ interests over those of the residents raised the risk of catastrophe for the residents and the city. So, in evaluating the capacity for resilience in response to the ‘shock’ of Hurricane Katrina in New Orleans, an evolutionary approach would go beyond the event, the shock of the hurricane itself, to incorporate an analysis of the causal path that decreased the potential for resilience. In this case, how did the projects undertaken by the US Army Corps of Engineers to reshape the port to make international shipping easier and more profitable eliminate the wetlands that provided the city with natural protection from potential hurricane damage? If a resilient region, in environmental and economic terms, is one that retains the capacity to recover from external shocks, how did long-term decisions made by extra-regional actors decrease the regional capacity for resilience? The incorporation of path-dependent causes within the concept of regional resilience changes the way resilience is both measured and defined. It recognizes how longer-term political decisions contributed to the deterioration of physical capacity for regional resilience and distributed risks of adverse consequences between residents and international shippers and carriers. This is not to suggest that analysts working within an equilibrium framework do not recognize the causes of an adverse regional event but that their moment-to-moment measurement does not allow for incorporating an analysis of causes for regional vulnerability into the concept of resilience. As Simmie and Martin (2010) suggest: A regional economy that is hardly affected by a shock is much more likely to recover, and more quickly, than a regional economy that is severely weakened or disrupted by the shock. That is to say, should resilience also refer to the sensitivity or vulnerability of a regional economy to shocks? A second, but closely related, problem affecting how we define and measure regional resilience is a consequence of the ‘atomization’ of the region. Although regions are often portrayed as autonomous spatial units, they exist in a multi-scalar action space in which political and economic actors are making decisions that have consequences for what is located where. So, trade policy, for example although adopted at a national scale, affects the structure of incentives that drive firm location decisions. Trade protections may maintain industries in regions even when there are lower cost competitors in other (international) regions. Trade liberalization may wipe out entire regional industries or result in a new international (and regional) division of labour. In another example, national deregulation of industries may reduce the costs of capital, transport or communication, changing the way in which company managers think about how to accumulate capital. Ultimately, the kind of globalization that was implemented in the USA and UK made the national economy more ‘open’ but also exposed regions to the risks associated with being incorporated into global markets. The consumption and housing booms in the USA and UK that have driven these economies since at least the 1990s were a product of this ‘openness’ and permeability, riding on cheap capital and low-price imported consumer goods. The opportunity to profit from activities connected with this boom (real estate development, retail and transportation) limited capital for investment in regional industries focused on manufacturing, which would have diversified those economies. It also drove public investment in infrastructure towards large-scale national infrastructure investment (such as those connected to the major ports). The construction of a ‘throughput’ economy undermined regional distinctiveness and comparative advantage, opening more regional economies to precipitous downturns when consumption declined (Christopherson and Belzer, 2009). The recent awareness of the limitations of these national policies has also highlighted their implications for regional resilience, defined in this instance as ability to withstand the shock of an economic crisis. In the USA, a list of metropolitan regions least affected by the economic crisis contains a surprising (to some) number of old industrial cities. These cities’ resilience is related to their diversified economies, including small advanced manufacturing industries as well as educational and health institutions. In addition, because they were poor candidates for super-profits in housing, they avoided the speculation and mortgage fraud that resulted in deep financial losses in the consumption belt cities from California and Las Vegas to Georgia and Florida. During the consumption boom times, the old industrial cities were castigated as locked into old ways of thinking and their low growth rates compared unfavourably with those of the consumption belt cities. Ironically, perhaps they are now portrayed as resilient in the face of national economic crisis. What this suggests is that what looks like and is portrayed as regional success in one era does not necessarily look the same when conditions change. This gives us the opportunity for a fresh look at questions about regional growth and decline. This fresh look requires that we not be ‘locked in’ to ways of looking at space and place. A resilient region is not just economically successful but maintains economic success over the long term in face of the inevitable adaptation required by changes in international competition, shifts in consumer demand and other such ‘shocks’ to the system. As we have suggested, the success of a region can be measured by current and past economic growth, employment rates, standards of living and quality of life. The difficulty is in judging, at any point of time, whether such success will be maintained in the future and in particular whether the region will prove resilient in the face of economic recession or other challenges. One way to make this difficult prediction is to examine which regions have proved resilient in the past and to learn lessons from how such resilience was achieved. The argument of the papers in this issue is, in general, that it is wrong to see resilience in terms of an ability, following an economic shock, to return to the previous equilibrium growth path. The idea of an equilibrium growth path is, in itself, of questionable validity or usefulness, but certainly once any such path has been disrupted, the idea that it is still there in theory, waiting to be rediscovered, is decidedly unhelpful. Slightly more realistic is the idea of multiple equilibria, whereby if the previous growth path disappears for whatever reason, there may be one or more alternative growth paths that the region may achieve through industrial restructuring and repositioning. But even here, while such multiple equilibria models might be useful for modelling purposes, it is unlikely that the real world bears much resemblance to such a story. Instead, the concepts of adjustment and adaptation are generally regarded as more useful in analysing regional resilience. For an economically successful region, the likelihood of such success being sustained over the long term will depend crucially on its ability to adapt to changing circumstances over time and to adjust to external shocks as and when these occur. The question then becomes, what factors enable a region to adjust and adapt over time? The answer is likely to lie in a number of areas, with the relevant importance of each factor being different across regions and over time, but the sort of factors that appear to have been helpful in the past would include: A strong regional system of innovation (on which, see Clark et al., 2010; in factors that create a region’ and A infrastructure A and A financial system capital. A diversified economic base, not on a The list be and the factors are not in that a will towards the of being a region and would be of any successful of to the whether as factors or as factors to the be successful with strong between the and the regional between and with other and high of among and between economic not just a but one that is and a economic in terms of and as well as public limited and with strong governance that risk and and a regional the and regional industrial and innovation into regional innovation (on which, see and is with the discussion and the intersection between and as For resilience requires of the of change that a system can while its structure and the to which it can and the to which it can create and the capacity to learn and capacity of actors in the system to critical in such (Hudson, of cities The for regional resilience on of civic capital and the of regional institutions to new paths the factors that determine their are the ability to on regional including public and as well as of and the or of at the regional and and the ability of and to adjust their in response to changing economic a in the but that is it is by the of actors and the to which or support the of their one might that regions make their own resilience, but they do not make it as they they do not make it under but under circumstances and from the one of the why the concept of resilience has proved so popular is that in to the factors that the ability of regional economies to to and to recover from significant shocks that originate from it questions about the factors that the of a region and, the formulation of and governance that can and change. One that to on is that it would to to policies and relevant governance that the capacity of regions to be et al. (2010) against any into the and of a for while highly critical of what the resilience framework to our understanding of the factors leading to the capacity for adaptation and compared to what is on offer from evolutionary economics, that it is the of and at spatial in the resilience framework that is (2010) out that those for regional to be with regional and the concept of resilience through that This is since such an approach to a and perhaps limited of what resilience may have to as a way of understanding the regional change and in the formulation of policy. since is associated so with the of economic growth, there is also a to resilience in the same way and the it can make to understanding more about the of regional and between environmental and economic A to the debate has many authors in this issue to that a of what the concept of resilience has to offer can be from it from the of evolutionary economics and how regions adapt to change their an approach recognizes the importance of more about how regions their including those from their public and As this resilience to play more to concepts of and in new economic and the interpretation that so often from a on and one that has been in the of regional et al., As a number of authors in this issue the that resilience can make to regional adjustment is perhaps understood when it is related to the of a on which a approach may offer a limited et al., The of resilience as a to change from is by the that it a approach to economic institutions and which are fundamental to their survival. some authors, resilience has been closely with enhanced and the for regional (Hudson, 2010). resilience from within an evolutionary economics framework the of a number of and the of the implications for governance and the formulation of policy. for it means understanding more about how regions can from and capacity to in event of shocks that transport and with the outside world in ways that their for adjustment than an on a is of and is that has interest from economic For Simmie and Martin in the face of an economic by the of resilience should be related to since is the ability of a or to adapt to change and shocks in and related conditions that the evolutionary and of that regional or economy over In their they explore or between and more connected the regional the more and and it may The of to this or through the idea of and Simmie and Martin (2010) the basic of this to the of Cambridge and They that over a the economy of the Cambridge has by with a being the of the and This process has proved to be more economically than the in the which a regional on the of external from with in and in the For a in the of resilience should be on the ability of regions in the face of and environmental to in processes to and within the by their regional including public and and the infrastructure of their regional A that has attention by a number of authors have to the of and change in the of successful regional innovation and examining the core cities of and in the of (2010) that the of resilience in each is a both of their underlying industrial and also crucially by civic working through their institutions for regional The importance of of civic capital is but so also is the of civic and the to which institutions can and resilience to in the governance response is also highlighted by Pike et al. (2010) that a question remains how can regional and institutions to and and especially the and in the of the and moments for is complex and requires a sensitivity for and For more resilient regions within a economy will major changes to the and of the and the underlying of cities and their regions. If these changes are to the actions and policies of a very number of different of change have to be and at different spatial like the recent of the in this The evidence in this issue suggests that the concept of resilience has much to offer in to the behind regional change. A of governance and present The authors would with the made by in this issue that resilience has the capacity to since it is an concept to so many different interests and As it has the ability to across the between and as many authors in this issue there is a to with and that do not the of the to In this respect, much remains to be If the concept of resilience is to our understanding of the the of cities and regions and the for then it is that we the that to have been so made in to the concept of That is, we should that the same of change are at and if we just the the will and required As many authors in this issue have if analysis of regional change on the concept of resilience is to useful into policy, then it is to both and in the of the or as et al. (2010) suggest the and the factors that have their is and as (2010) we As and (2010) the diversity of regional against one all and suggest that a very and of are likely to",internacional,3,0,0,0,2,0,nucleo,If a resilient region;If the concept of resilience is to our;If these changes are to the actions and;if analysis of regional change on the;if not agreement;if the previous growth path disappears for;if we just the the will and required As
OpenAlex,https://openalex.org/W2135752489,Navigating the Back Loop: Fostering Social Innovation and Transformation in Ecosystem Management,2010,en,"Reinette Biggs, Frances Westley, Stephen R. Carpenter",Ecology and Society,geral,"Biggs, R., F. R. Westley, and S. R. Carpenter. 2010. Navigating the back loop: fostering social innovation and transformation in ecosystem management. Ecology and Society 15(2): 9. https://doi.org/10.5751/ES-03411-150209",internacional,2,0,0,0,0,0,contexto,
OpenAlex,https://openalex.org/W2159848672,Understanding social innovation: a provisional framework,2010,en,"Patrick Dawson, Lisa Daniel",International Journal of Technology Management,geral,"This article examines what we understand by the concept of social innovation. Historically, the emphasis has been on how to translate innovations in science and technology into commercial applications. Typically, company survival is explained in terms of an ‘innovation imperative’ in the pursuit of profits and competitive advantage. In contrast, social innovations are triggered by an interest in improving the well-being of people in society. Social rather than economic concerns are the main driver in the development and application of new ideas to solving problems and improving social conditions. We examine the relationship between social, business and technical dimensions and develop a provisional framework for making sense of social innovation.",internacional,2,0,0,0,0,0,contexto,
OpenAlex,https://openalex.org/W2049456837,Regulation and Economic Globalization: Prospects and Limits of Private Governance,2010,en,"Frederick W. Mayer, Gary Gereffi",Business and Politics,geral,"Corporate codes of conduct, product certifications, process standards, and other voluntary, non-governmental forms of private governance have proliferated in the last two decades. These innovations are a response to social pressures unleashed by globalization and the inadequacy of governmental institutions for addressing its social and environmental impacts. Private governance has had some notable successes, but there are clear limits to what it alone can be expected to accomplish. We hypothesize that the effectiveness of private governance depends on four main factors: 1) the structure of the particular global value chain in which production takes place; 2) the extent to which demand for a firm's products relies on its brand identity; 3) the possibilities for collective action by consumers, workers, or other activists to exert pressure on producers; and 4) the extent to which commercial interests of lead firms align with social and environmental concerns. Taken together, these hypotheses suggest that private governance will flourish in only a limited set of circumstances. With the trend towards consolidation of production in the largest developing countries, however, we also see a strengthening of some forms of public governance. Private governance will not disappear, but it will be linked to emerging forms of multi-stakeholder institutions.",internacional,3,0,0,0,0,0,nucleo,
OpenAlex,https://openalex.org/W2090159584,Governança das águas no Brasil: conflitos pela apropriação da água e a busca da integração como consenso,2010,pt,"Valéria Nagy de Oliveira Campos, Ana Paula Fracalanza",Ambiente & sociedade,inovacao_politicas_publicas,"Este artigo analisa a gestão das águas no Brasil a partir do histórico de políticas públicas relacionadas às águas, considerando: instituições envolvidas; descentralização; conflitos pela apropriação da água. Procura demonstrar que o processo de implantação do novo sistema de gerenciamento dos recursos hídricos no Brasil deve suplantar as resistências e estruturas próprias dos antigos modelos, o que demanda um tempo considerável para sua maturação e aprimoramento.",nacional,3,0,0,0,0,0,nucleo,
OpenAlex,https://openalex.org/W1649382016,Le logement communautaire au Québec : apports et limites d’une innovation sociale,2010,fr,"Marie J. Bouchard, Winnie Frohn, Richard L. Morin",Lien social et Politiques,economia_solidaria,"Le logement communautaire constitue au Québec une alternative au logement privé à but lucratif et au logement public subventionné de type HLM. Il s’agit d’un logement de propriété collective incarnée soit par une coopérative d’habitation, soit par un organisme sans but lucratif (OSBL) d’habitation. Ces deux formules juridiques, la coopérative et l’association, en plus d’offrir des logements accessibles financièrement, contribuent à la prise en charge de leur milieu de vie par les résidants en favorisant la participation, directe ou indirecte, de ces derniers à la gestion de leur ensemble résidentiel. La réalisation de ce type de logement implique l’engagement d’acteurs de la société civile, l’apport de fonds publics et une remise en cause de la logique marchande. Le logement communautaire représente ainsi une innovation sociale sur le plan des rapports de consommation, de production et de gouvernance. Nous mettons en lumière, dans cet article, non seulement les apports, mais aussi les limites de cette triple innovation sociale qui s’inscrit dans un mode de régulation associatif du logement.",internacional,4,0,1,1,0,1,nucleo,
OpenAlex,https://openalex.org/W2028955678,Penser la flexicurité au niveau « méso » : entre ancrage territorial et innovation sociale,2010,fr,Anne Albert-Cromarias,Géographie Économie Société,geral,"La exicurit, concept la fois paradoxal, ambigu et fort contenu idologique, tente de proposer des lments de rponse un march du travail cartel entre des exigences de exibilit accrues pour les entreprises et une prcarit (relle ou potentielle) de plus en plus marque pour les salaris. L'objet de cet article est de s'intresser l'oprationnalisation de la exicurit. Sa thse est que, compte tenu de la place aujourd'hui accorde l'organisation rticulaire des entreprises, d'autant plus si l'on considre les petites et moyennes organisations, l'chelon mso semble le plus pertinent.",internacional,2,0,0,0,0,0,contexto,
OpenAlex,https://openalex.org/W2087437914,"L'économie sociale et solidaire, une définition pluridimensionnelle pour une innovation sociale",2010,fr,"Sylvain Allemand, Sophie Boutillier",Marché et organisations,geral,"Article disponible en ligne à l'adresse https://shs.cairn.info/revue-marche-et-organisations-2010-1-page-9?lang=fr Découvrir le sommaire de ce numéro, suivre la revue par email, s'abonner... Scannez ce QR Code pour accéder à la page de ce numéro sur Cairn.info. Distribution électronique Cairn.info pour Réseau de recherche sur l'innovation.Vous avez l'autorisation de reproduire cet article dans les limites des conditions d'utilisation de Cairn.infoou, le cas échéant, des conditions générales de la licence souscrite par votre établissement.Détails et conditions sur cairn.info/copyright.Sauf dispositions légales contraires, les usages numériques à des fins pédagogiques des présentes ressources sont soumises à l'autorisation de l'Éditeur ou, le cas échéant, de l'organisme de gestion collective habilité à cet effet.Il en est ainsi notamment en France avec le CFC qui est l'organisme agréé en la matière.",internacional,2,0,0,0,0,0,contexto,
OpenAlex,https://openalex.org/W1946093131,Developmental Evaluation: Applying Complexity Concepts to Enhance Innovation and Use,2010,en,Michael Quinn Patton,,geral,"Developmental evaluation (DE) offers a powerful approach to monitoring and supporting social innovations by working in partnership with program decision makers. In this book, eminent authority Michael Quinn Patton shows how to conduct evaluations within a DE framework. Patton draws on insights about complex dynamic systems, uncertainty, nonlinearity, and emergence. He illustrates how DE can be used for a range of purposes: ongoing program development, adapting effective principles of practice to local contexts, generating innovations and taking them to scale, and facilitating rapid response in crisis situations. Students and practicing evaluators will appreciate the book's extensive case examples and stories, cartoons, clear writing style, ""closer look"" sidebars, and summary tables. Provided is essential guidance for making evaluations useful, practical, and credible in support of social change.",internacional,2,0,0,0,0,0,contexto,
OpenAlex,https://openalex.org/W2170165191,The open book of social innovation,2010,en,Robin Murray and Julie Caulier-Grice and Geoff Mulgan,,geral,"This volume describes the hundreds of methods and tools for innovation being used across the world, as a first step to developing a knowledge base.The Open Book presents a varied, vibrant picture of social innovation in practice and demonstrates the vitality of this rapidly emerging economy. It demonstrates the diversity of initiatives being led by entrepreneurs and campaigners, organisations and movements worldwide. It is the result of a major collaboration between NESTA (the National Endowment for Science, Technology and the Arts) and the Young Foundation – two UK organisations that are committed to the role that social innovation can play in addressing some of the most pressing issues of our time.",internacional,2,0,0,0,0,0,contexto,
OpenAlex,https://openalex.org/W2186520356,Making a Difference Strategies for Scaling Social Innovation for Greater Impact,2010,en,"Frances Westley, J.W. McConnell",,geral,"This article explores the strategies and dynamics of scaling up social innovations. Social innovation is a complex process that profoundly changes the basic routines, resource and authority flows, or beliefs of the social system in which it occurs. Various applications of marketing and diffusion theory are helpful to some extent in understanding the trajectories or successful strategies associated with social innovation. It seems unwise, however, to rely solely on a market model to understand the dynamics of scaling social innovation, in view of the complex nature of the supply-demand relation with respect to the social innovation market. Instead, the authors propose a distinctive model of system transformation associated with a small but important group of social innovations and dependent on discontinuous and cross-scale change. This paper focuses on the challenge of scaling up social innovations in general and in particular the dynamics of going to scale.",internacional,2,0,0,0,1,0,contexto,
OpenAlex,https://openalex.org/W2201033130,De la innovación social a la política pública: historias de éxito en América Latina y el Caribe,2010,es,"Nohra Rey de Marulanda, Francisco Tancredi",Documentos de Proyectos,inovacao_politicas_publicas,"La CEPAL, con el apoyo de la Fundacion W.K. Kellogg, ha identificado y analizado 4.800 experiencias de innovacion social provenientes de America Latina y el Caribe, recogidas en cinco ciclos anuales de concurso. Tras visitarlas en el terreno y ser evaluadas por el Comite de Notables, se seleccionaron 25 ganadoras consideradas las mas innovadoras y con mayor impacto en el desarrollo social de la region. El objetivo de este libro es poner estas innovaciones y sobre todo su capacidad de mejorar las condiciones de vida de todas y todos los habitantes de la region, al servicio de grupos mas amplios de la poblacion. No hay duda de que su aplicacion masiva sera un aporte al anhelado cumplimiento de las Metas de Desarrollo del Milenio, cuya fecha limite es 2015, solo faltan cinco anos. El desafio pendiente para la region es convertir en politicas publicas estas iniciativas exitosas en el combate a la pobreza y el respeto a los derechos economicos, sociales y culturales.",internacional,3,0,0,0,0,0,nucleo,
UFCA,oai:repositorio.ufca.edu.br:123456789/260,"Governança e desempenho na implementação inicial de uma parceria público-privado de esgotamento sanitário em Juazeiro do Norte, Brasil",2026,pt,"Silva, Karen Francelino da",UFCA,geral,"The universalization of sanitation services within Brazil&apos;s regulatory framework depends not only on investment, but on governance arrangements capable of articulating expansion, regulation, performance measurement, and the production of comparable information for decision-making. This article examines the initial implementation of the sanitation Public-Private Partnership (PPP) in Juazeiro do Norte (CE), with emphasis on the relationships between governance, regulation, operational performance, and information quality. A descriptive-analytical case study was conducted based on documentary analysis and auditable secondary data. The results indicated that Juazeiro do Norte entered the PPP with a historically fragmented system, significant informational asymmetries, and a deficit that cannot be interpreted through a single metric. In 2024, while institutional data indicate a coverage rate of 39.92%, the public accountability report, based on household connections, recorded 31% and a network utilization rate of 63.82% of the existing infrastructure. The case suggests an initial break from prior stagnation, but not yet a consolidated performance transition. Analytically, the study demonstrates that universalization may be overestimated when coverage, available network, served connections, and effective use are treated as equivalent. In this context, advancing universalization requires methodological harmonization of indicators, integration between operational monitoring and regulatory validation, strengthening of information governance, and strategies aimed at converting physical expansion into effective network connection, real network use, and verifiable environmental improvement.",nacional,2,0,0,0,0,0,nucleo,
UFCA,oai:repositorio.ufca.edu.br:123456789/190,O Papel da liderança na implantação de recursos tecnológicos em empresas,2026,pt,"Farias, Marcos Vinícius Vitorino",UFCA,geral,"This study analyzes the role of leadership in the implementation of technological resources in 
companies, focusing on the leader’s performance as a facilitating agent in the transition 
toward a more innovative and digital organizational culture. Data collection was conducted 
through the application of the Managerial Style Evaluation Scale (EAEG) and semi-structured 
interviews, involving employees and leaders from a private company located in Juazeiro do 
Norte, Ceará, Brazil. The study points out the following main results for the investigated 
company: a) leadership with a strong orientation toward interpersonal relationships, 
highlighting practices of trust, support and encouragement of employee participation; b) 
significant emphasis on task organization, goal setting and monitoring of activities; c) leaders 
showing the ability to adapt their management style according to team needs and 
organizational context; d) communication strategies, training and continuous monitoring 
contributing to reduce resistance and promote adherence to technological changes. It is 
concluded that leadership plays a fundamental role in mediating the relationship between 
organizational culture, innovation and team development, acting as a facilitating element in 
the implementation of new practices and technological resources in organizational contexts 
characterized by hierarchical structures and consolidated processes.",nacional,2,0,0,0,0,0,contexto,
UFCA,oai:repositorio.ufca.edu.br:123456789/184,Avaliação da atuação do Kariri Valley no cariri cearense: um estudo de caso,2026,pt,"Lírio, Maria Clara Alves de",UFCA,geral,"Innovation ecosystems have gained prominence as environments that bring together different actors and institutions around the generation and dissemination of innovative solutions, becoming essential mechanisms for the innovative performance of different actors and for the development of regions. In this context, innovation communities emerge as initiatives aimed at strengthening connections and promoting collaboration among the various actors that make up these ecosystems. In the Cariri Metropolitan Region, the Kariri Valley emerges as an initiative aimed at promoting innovation and entrepreneurship in the regional context. However, there is
a scarcity of systematized information and academic studies that allow for a clearer understanding of its structure, its actors, and its practices in the region. Therefore, this study aims to present and describe the Kariri Valley in light of its relevance to the Cariri Metropolitan Region, seeking to answer the following question: How is the Kariri Valley configured and what is its role in the Cariri Metropolitan Region? The research is an exploratory case study with a qualitative-quantitative approach, and was developed through semi-structured interviews and the application of a hybrid questionnaire. The results indicate that the Kariri Valley plays a relevant role in the Cariri region of Ceará, contributing to the dynamism of relations between local actors and stimulating entrepreneurship and innovation, but it still presents limitations regarding its structure, institutional formalization, and interactions with some of the actors involved. This study contributes to broadening the understanding of the role of the Kariri Valley in the innovative context of the Cariri Metropolitan Region.",nacional,2,0,0,0,0,0,contexto,
UFCA,oai:repositorio.ufca.edu.br:123456789/155,Relação entre o financiamento público e a eficiência na promoção de políticas educacionais inclusivas no Distrito Federal (2020-2024).,2026,pt,"Souza, Cheila Sales de.",UFCA,inovacao_politicas_publicas,"This study analyzes the relationship between public financing and resource management in the implementation of inclusive education policies in Brazil, considering the role of budget transfer and execution mechanisms in ensuring access, permanence and specialized educational care. The research problematizes the extent to which current financing and management models favor the effectiveness of inclusive policies, especially in the face of administrative limitations and fiscal constraints. The objective is to examine the efficiency and transparency in the allocation and use of public resources destined to inclusive education, with an emphasis on FUNDEB and management and control instruments. Methodologically, it is a qualitative, exploratory and documentary research, based on the analysis of legislation, budget reports and data available on official transparency portals, in the time frame from 2020 to 2024. The data will be examined through Content Analysis, with categorization and interpretation of the main patterns identified. It is expected to contribute to the debate on financial governance, effectiveness of inclusive public policies and improvement of educational management, based on the identification of weaknesses and opportunities for improvement in the management of resources.",nacional,1,0,0,0,2,0,nucleo,
UFCA,oai:repositorio.ufca.edu.br:123456789/291,Percepção das questões ambientais dos acadêmicos da Universidade Federal do   Cariri (UFCA - Campus Crato).,2026,pt,Jackson Guedes,UFCA,geral,"Environmental perception is linked to the social context, and understanding it is fundamental to creating 
educational programs and Environmental Education (EE) initiatives that meet the socio-cultural 
demands and realities of the target audience, helping to preserve the environment. EE is essential in the 
search for solutions to environmental issues, especially in Higher Education, by fostering ecological 
awareness, environmental ethics, and the generation of knowledge and technologies aimed at addressing 
these problems. In this sense, environmental perception and EE constitute interrelated dimensions that 
mutually influence each other, which reinforces the relevance of their analysis in the university context. 
The general objective of this research is to understand how students at the Federal University of Cariri 
(UFCA), Crato Campus, perceive environmental issues, as well as their understanding of the concept of 
sustainable development, in addition to their environmentally responsible values, attitudes, and 
practices. Specific objectives included: (1) identifying the institutional treatment given by UFCA to 
environmental issues and sustainability; (2) to verify students&apos; understanding of the concept of 
sustainable development, the Sustainable Development Goals (SDGs), and sustainability-related 
activities developed on the aforementioned Campus and (3) to analyze students&apos; perception of the 
environmental issue. The methodology adopted combined exploratory-descriptive documentary 
research with primary data collection, carried out through semi-structured questionnaires applied to 76 
students, in addition to the analysis of secondary data related to sustainability actions at UFCA. The 
approach was qualitative, using content analysis. Among the main results obtained from secondary data, 
institutional initiatives such as selective collection, reverse logistics, and environmental education 
campaigns stand out. Within the CCAB, the Seeds of Tomorrow project promotes social inclusion and 
environmental education, while partnerships with the Regional University of Cariri (URCA) and the 
Araripe Geopark enable the implementation of Environmental Education Workshops. A greater 
alignment of extension projects with SDGs 3 (Good Health and Well-being) and 4 (Quality Education) 
was observed. In research projects, approximately 30% showed a link to SDG 4, followed by SDG 3 
(19.52%) and SDG 9 (Industry, Innovation and Infrastructure), with 16.19%, in the year 2024. Direct 
research data indicated a predominance of males in Agronomy and females in Veterinary Medicine and 
Proder. The predominant age range was 21 to 25 years in Agronomy, 15 to 20 years in Veterinary 
Medicine, and 26 to 30 years in Proder. Regarding family income, the range of up to one minimum wage 
prevailed in Agronomy and Proder, while Veterinary Medicine was the only one that presented a 
percentage of income higher than seven minimum wages. Furthermore, it was found that incomplete 
primary education predominated among the parents of Agronomy and Proder students, while in 
Veterinary Medicine, complete higher education predominated among mothers and complete secondary 
education among fathers. Regarding sources of information on sustainability actions, the UFCA 
institutional website stood out in Proder and Veterinary Medicine, and the channels linked to CCAB in 
Agronomy. The 2030 Agenda and the SDGs are known by 100% of Proder students, 82.14% in 
Agronomy, and 77.42% in Veterinary Medicine. The most mentioned SDGs were SDG 3 and SDG 2 in 
Veterinary Medicine; SDG 2 in Agronomy; and SDGs 6 and 4 in Proder. In all courses, the internet and 
social networks were identified as the main sources of information on environmental issues. 
Furthermore, the use of digital materials predominated at the end of the semester in the Proder program, 
while in undergraduate courses the practice of keeping everything safe prevailed. In summary, the 
students of CCAB, Crato Campus, demonstrated knowledge about the sustainability actions developed 
at the university, although a lower level of knowledge was identified among Veterinary Medicine 
students. In general, environmentally responsible behaviors associated with environmental awareness 
were evident, even though certain aspects require improvement.",nacional,2,0,0,0,0,0,contexto,UFCA - Campus Crato;UFCA to;UFCA. The;Universidade Federal do Cariri
UFCA,oai:repositorio.ufca.edu.br:123456789/201,Diversidade de gênero nos órgãos de governança e seu impacto no desempenho empresarial,2026,pt,"SILVA, Érica Duarte da.",UFCA,geral,"This paper aims to analyze the association between organizational performance and gender diversity in different management and governance bodies, represented by the Board of Directors, the Fiscal Council, and the Executive Board, which perform complementary functions in supervision, control, and strategic management of organizations. The relevance of the study lies in expanding the understanding of this relationship in areas still little explored by the literature, especially in the Brazilian context. The sample consists of 274 Brazilian companies/years in the period from 2023 to 2024. The study is a descriptive, quantitative, and inferential research, based on secondary data. For data analysis, statistical tests of mean and proportion differences were used to examine the presence of women in regular and alternate positions in the three governance bodies. The results show low female participation, with no statistically significant differences between the years analyzed. The t-tests indicate a male predominance in all bodies and positions, with emphasis on the Board of Directors (full members), which shows the greatest gender disparity, with an average difference of 4.028. Regarding the association between gender diversity and organizational performance, no statistical significance was found at the 5% level, suggesting that the presence of women, in isolation, does not influence business performance.",nacional,2,0,0,0,0,0,nucleo,
UFCA,oai:repositorio.ufca.edu.br:123456789/139,Alinhamento dos relatórios de sustentabilidade aos requisitos da IFRS S1: um estudo de caso em uma empresa de telecomunicações,2026,pt,"Silva, Alison Cavalcante Leandro da",UFCA,geral,"The growing demand for transparency regarding sustainability-related risks and opportunities has driven the development of international standards for the disclosure of sustainability-related financial information. In this context, the IFRS S1 standard, issued by the International Sustainability Standards Board (ISSB), stands out. In Brazil, it was incorporated through Technical Pronouncement CBPS 01 and CVM Resolution No. 193/2023, which requires publicly traded companies to disclose reports aligned with this standard starting in 2026. This study analyzes the degree of alignment of the sustainability reports of a Brazilian publicly traded telecommunications company, between 2021 and 2024, with the requirements of IFRS S1. The research is descriptive and documentary, adopting a qualitative-quantitative approach based on Content Analysis. The evaluation employed a checklist composed of 16 criteria derived from the standard’s pillars: Governance, Strategy, Risk Management, and Metrics and Targets. The results show a significant evolution in the company&apos;s informational maturity, going from 21.88% adherence in 2021 to 84.38% in 2024. However, relevant gaps persist, especially in the prospective disclosure of the financial impacts of sustainability-related risks and
opportunities, the linking of ESG indicators to leadership compensation, and the definition of intermediate milestones for corporate targets. We conclude that the organization has a consistent infrastructure for the regulatory transition, although full compliance still requires technical improvements for the effective integration between sustainability information and its financial statements.",nacional,1,0,0,0,0,0,nucleo,IFRS S1;IFRS S1 standard;IFRS S1. The research is descriptive and
UFCA,oai:repositorio.ufca.edu.br:123456789/288,Os fatores determinantes da distribuição de dividendos no Brasil,2026,pt,"Rodrigues, Ana Camile Pereira",UFCA,geral,"This study analyzes the determinants of dividend distribution policy in Brazilian publicly
traded companies between 2010 and 2024. The research adopted a quantitative approach,
utilizing multiple linear regression through Ordinary Least Squares (OLS) with Petersen’s
(2009) robust standard errors, based on a consolidated sample of 2,269 observations. The
results indicate that profitability and liquidity exert a positive and statistically significant
influence on the payout ratio. These findings suggest that the capacity for generating results
and the availability of short-term resources are fundamental pillars for shareholder
remuneration, reducing dependence on third-party capital and signaling operational maturity
to the capital market. Conversely, the level of indebtedness and corporate governance
mechanisms showed a negative relationship with profit distribution. The evidence reveals that
more leveraged companies prioritize cash flow for debt servicing, while robust governance
structures may favor the strategic retention of earnings for internal reinvestment. Variables
such as company size and financial flexibility did not demonstrate individual statistical
significance, possibly due to the presence of multicollinearity in the model. This study
broadens the understanding of national financial dynamics and provides insights for investors
to anticipate strategic decisions in light of imminent regulatory and tax changes in Brazil.",nacional,1,0,0,0,1,0,nucleo,
UFCA,oai:repositorio.ufca.edu.br:123456789/228,Internet das coisas e cidades inteligentes: avanços tecnológicos e desafios emergentes,2026,pt,"Lima, Julyanderson Alves Cavalcanti de",UFCA,geral,"The Internet of Things (IoT) has become a foundational technology for urban digital transforma-
tion by enabling monitoring, automation, and data-driven decision-making in public services.
This study presents a literature review on IoT applied to smart cities, aiming to analyze recent
technological advances and the main challenges that affect its large-scale adoption. The findings
indicate that the convergence of communication infrastructure (5G and LPWAN), distributed
computing (cloud, edge, and fog), artificial intelligence, and systems integration significantly
increases the potential for urban efficiency, sustainability, and responsiveness. However, the
literature also highlights persistent barriers related to cybersecurity, privacy and data governance,
platform interoperability, technical scalability, and long-term economic viability. The review
further identifies research gaps in the Brazilian context, especially regarding empirical impact
assessment and adaptation of implementation models to local institutional and socioeconomic
heterogeneity. The study concludes that smart city consolidation depends less on isolated te-
chnology deployment and more on sociotechnical integration among innovation, regulation,
institutional capacity, and public-interest orientation.",nacional,3,0,0,0,0,0,nucleo,
UFCA,oai:repositorio.ufca.edu.br:123456789/211,Consultoria Júnior e transformação empresarial: uma análise pós-intervenção,2026,pt,"Neres, Juliana Siqueira",UFCA,geral,"There is a lack of studies analyzing junior enterprises from the perspective of their problem-solving capabilities and their contributions to other companies and society. The research seeks to fill a gap in the literature by examining the strategic changes implemented and recommendations proposed by these enterprises. The overall objective of this study is to examine the strategies implemented in organizations following the diagnosis/intervention of a junior enterprise in accordance with Brasil Júnior&apos;s Entrepreneurial Pillars. Specifically, it had the following objectives: (i) to determine the extent to which the post-consulting business environment became more competitive; (ii) to assess the impact of the diagnoses suggested by the firm &quot;Premium Consultoria Jr&quot; on organizations in the educational environment; (iii) to describe the level of ethical commitment following the consultancy work; (iv) to assess the extent to which the junior enterprise&apos;s work influenced the degree of collaboration within the organizations; and (v) to assess the promotion of diversity following the junior enterprise&apos;s diagnosis among its clients. The methodology is qualitative and descriptive in nature. Documentary research and a questionnaire will be used for data collection. Content analysis and data triangulation will be used for data analysis. The results suggest that the strategies and interventions implemented in the organizations served follow the precepts of the Entrepreneurial Pillars of Brasil Júnior, impacting dimensions related to competitiveness, education, ethics, collaboration, and diversity. The work contributes to the literature by empirically demonstrating the effects of a junior enterprise&apos;s interventions on the organizational environment.",nacional,0,0,0,0,1,0,contexto,
UFCA,oai:repositorio.ufca.edu.br:123456789/157,Desafios de jovens empreendedores em uma cidade do interior do Ceará,2026,pt,"Silva, Antonio Alberto Dias da",UFCA,inovacao_politicas_publicas,"This article analyzes the main financial challenges faced by young entrepreneurs in rural regions, with an emphasis on the municipality of Campos Sales, in the state of Ceará. The study is based on the understanding that youth entrepreneurship constitutes an important alternative for income generation and productive inclusion, especially in contexts marked by limited formal job opportunities. However, such initiatives are conditioned by financial, institutional, and territorial obstacles that compromise business sustainability and growth. Methodologically, the research is characterized as qualitative, exploratory, and descriptive, utilizing both primary and secondary data. Primary data were collected through a structured questionnaire applied to 30 local young entrepreneurs, while secondary data were obtained from IBGE and SEBRAE reports, as well as scientific articles and institutional documents. The results highlight that difficulty in accessing credit, lack of initial capital, and low financial literacy represent the main barriers faced by young people, exacerbated by the limited dissemination and effectiveness of public policies supporting entrepreneurship in rural municipalities. Furthermore, a weakness in the financial management of these ventures was observed, particularly regarding the control of revenue and expenses and the separation of personal and business finances. The study concludes that the financial challenges of youth entrepreneurship are intensified by the regional context, reinforcing the need for more inclusive public policies, expanded access to microcredit, and the strengthening of continuous financial education initiatives aimed at the youth.",nacional,0,0,0,0,0,0,contexto,
UFCA,oai:repositorio.ufca.edu.br:123456789/358,Inteligência artificial e jornalismo regional: um estudo com veículos nativos digitais de Juazeiro do Norte,2026,pt,"Tavares, Clara Vitória Nogueira",UFCA,geral,"This study analyzes how journalists working for digital-native news outlets in Juazeiro do Norte, located in the Cariri region of Ceará, perceive and incorporate Generative Artificial Intelligence (GAI) into their professional routines, considering ethical, territorial, and professional dimensions. The objective is to understand how the adoption of this technology challenges historical principles of local journalism, such as fact-checking, transparency, editorial responsibility, and human mediation. Methodologically, the research adopts a qualitative approach, based on semi-structured interviews conducted with seven professionals from three digital-native news organizations in the municipality: Miséria, No Cariri Tem, and Badalo. The findings indicate that GAI is used in an instrumental and cautious manner, primarily for operational tasks such as information organization, text revision, and transcription. Resistance was observed regarding the delegation of authorship-related functions or creative decision-making to technology, as well as concerns about phenomena such as algorithmic hallucinations, misinformation, and deepfakes. The study also found a consensus among participants regarding journalists’ ultimate responsibility for published content and the importance of transparency in the use of these tools. In the regional context, territory emerges as a form of symbolic capital and a professional differentiator, perceived as a dimension that cannot be replaced by automation. The study concludes that the incorporation of GAI into local journalism occurs through continuous negotiations between technological innovation and the historically established values of the profession.",nacional,2,0,0,0,0,0,contexto,
UFOP,oai:repositorio.ufop.br:123456789/20067,O (não) licenciamento de ativos de propriedade intelectual na Universidade Federal de Ouro Preto.,2025,pt,"Silva, Nisielly Ticiany",UFOP,geral,"Programa de Pós-Graduação em Engenharia de Produção. Departamento de Engenharia de Produção, Instituto de Ciências Exatas e Aplicadas, Universidade Federal de Ouro Preto.",nacional,1,0,0,0,0,0,contexto,Universidade Federal de Ouro Preto. Programa de Pós-;Universidade Federal de Ouro Preto. UFOP
UFOP,oai:repositorio.ufop.br:123456789/19432,Uma investigação dos fatores direcionadores (drivers) da intensidade da interação entre pequenas e médias empresas brasileiras e universidades e institutos públicos de pesquisa.,2025,pt,"Oliveira, Vanessa Criscuolo Parreiras de",UFOP,inovacao_politicas_publicas,"O objetivo deste trabalho é investigar os fatores direcionadores (drivers) da intensidade da interação entre pequenas e médias empresas (PMEs) brasileiras e universidades e institutos públicos de pesquisa. Informações do Diretório dos Grupos de Pesquisa no Brasil referentes às áreas de Engenharia e Ciências Agrárias e da Relação Anual de Informações Sociais foram utilizadas na estimação de quatro modelos econométricos que exploram os drivers relacionados às características estruturais e comportamentais das empresas interativas, aos seus relacionamentos com grupos de pesquisa e à política de ciência, tecnologia e inovação. Os resultados mostram que o porte, a experiência prévia em colaboração e a capacidade de absorção, que refletem capacitações e recursos internos das empresas para cooperar, em adição ao acesso ao financiamento público, são fatores que influenciam a intensidade da interação das PMEs. Ademais, é possível identificar especificidades dos fatores direcionadores da intensidade da interação quando essas empresas são separadas por faixas de porte.",nacional,2,0,0,0,0,0,contexto,
UFOP,oai:repositorio.ufop.br:123456789/18745,Redes neurais artificiais aplicadas à moagem de minério de ferro combinadas a modelos empíricos.,2024,pt,"Silva, Daniel Henrique Cordeiro",UFOP,geral,"A cada dia, com o advento da Indústria 4.0, novas tecnologias são disponibilizadas e aplicadas ao Tratamento de Minérios, impulsionadas pela crescente disponibilidade de dados de chão de fábrica. Algumas das oportunidades a serem exploradas estão atreladas à utilização das ferramentas de Big Data, Advanced Analytics, Machine Learning e Inteligência Artificial. No beneficiamento de minério de ferro, nos processos de moagem, os ganhos potenciais oriundos de ferramentas de aprendizado de máquina tendem a ser ampliados quando combinados com modelos matemáticos consagrados, oriundos do conhecimento do processo, sejam eles empíricos ou fenomenológicos. Este artigo apresenta a aplicação de redes neurais artificiais para a predição da granulometria no produto de uma planta de moagem, principal parâmetro de qualidade, combinadas a modelos empíricos que descrevem o processo, visando estabelecer se tais equações podem contribuir para uma melhor performance dos modelos preditivos, de forma a suportar uma melhor e mais rápida tomada de decisão pelo operador da unidade.",nacional,0,0,0,0,0,0,contexto,
UFOP,oai:repositorio.ufop.br:123456789/19318,Relações entre a economia solidária e o turismo : análise sobre as publicações científicas no Brasil.,2024,pt,"Teixeira, Thalita",UFOP,economia_solidaria,"A Economia Solidária é uma alternativa ao individualismo e às desigualdades resultantes do capitalismo; é um modo de produção que visa a construção de uma economia mais justa e sustentável. O presente trabalho objetiva mapear os estudos realizados no Brasil relacionando as áreas de Turismo e Economia Solidária. Para tal, realizou-se uma revisão sistemática de literatura, analisando os artigos publicados nos periódicos de Turismo que abordam o tema Economia Solidária, no período de 2009, quando foi publicado o primeiro trabalho encontrado, até o ano de 2022. Os resultados encontrados mostram que há muito a explorar nos estudos sobre Economia Solidária e Turismo, pois um baixo número de pesquisas realiza este diálogo. Além disso, há grande concentração de estudos em revistas de QUALIS B3 ou menor, apontando carência de publicações de maior relevância e projeção no meio acadêmico.",nacional,2,0,1,1,0,1,nucleo,
UFOP,oai:repositorio.ufop.br:123456789/16765,Perspectivas de inovação nos projetos políticos pedagógicos e currículos voltados ao ensino de Ciências nos cursos de Pedagogia : um estudo envolvendo universidades federais do estado de Minas Gerais.,2023,pt_BR,"Carvalho, Renata Cristina de Souza",UFOP,geral,"Programa de Pós-Graduação em Educação. Departamento de Educação, Instituto de Ciências Humanas e Sociais, Universidade Federal de Ouro Preto.",nacional,2,0,0,0,0,0,contexto,Universidade Federal de Ouro Preto. UFOP
UFOP,oai:repositorio.ufop.br:123456789/15619,A multilevel analysis of the interaction between science parks and external agents : a study in Brazil and Portugal.,2022,en_US,"Leite, Taiane Quaresma",UFOP,inovacao_politicas_publicas,"Science parks are fundamental for the development of new technology-based frms. For this purpose, intense networks of relationships with external agents permeate them. However, it is still necessary a more systematic view about the relationship  between science parks and external agents. Accordingly, this article analyzes the rela- tionship between science parks and external agents based on fve levels of geographic  scope: local, regional, national, continental, and global. In this research, a two-stage approach was employed we frst investigate 30 science parks in Brazil and Portugal  through documental analysis. The fndings are refned and validated through inter- views involving a sub-sample of 11 science parks. We identify six diferent categories  of relationships between science parks and external agents—foundation, investment, management, knowledge-transfer, technical–scientifc partnerships, and partnerships  (networks/associations)—and four types of external agents—associations, compa- nies, governments, and universities. We fnd considerable diferences in the intensity  and nature of the relationships between science parks and external agents within and  throughout all geographic levels as well as locational diferences in Brazil and Por- tugal. Finally, this article presents a detailed view of the relationships between sci- ence parks and external agents from a holistic perspective. Our results and insights  can be useful for assessing the contextual insertion of science parks at diferent lev- els of geographic scope, paving the way for their deeper characterization and further  research on their maturity.",nacional,0,0,0,0,0,0,contexto,
UFOP,oai:repositorio.ufop.br:123456789/15616,Uma busca bibliográfica de autoria de gêneros na propriedade intelectual.,2022,pt_BR,"Oliveira, Maiara Gonçalves de",UFOP,geral,"Muito se fala sobre a qualidade das patentes como uma ferramenta para melhorar o crescimento econômico. No entanto, as investigações a respeito da análise da participação das mulheres na pesquisa tecnológica são muito limitadas. O objetivo deste artigo é determinar se a participação feminina em registros de invenções e a sua influência na qualidade da patente. A investigação baseia-se na análise da informação que mostra 110 artigos publicados pela plataforma Scopus nos últimos 10 anos. A principal conclusão é o fato de a qualidade da patente ser maior quando a equipe do inventor inclui a presença masculina e feminina. De acordo com os resultados obtidos neste trabalho, argumentamos que é necessário, portanto, implementar políticas que promovam a maior contribuição das mulheres e a consequente implicação nos campos da ciência e tecnologia.",nacional,3,0,0,0,0,0,nucleo,
UFOP,oai:repositorio.ufop.br:123456789/11388,Inclusão e inovação pedagógica : políticas e práticas de formação no ensino superior.,2019,pt_BR,"Franco, Marco Antônio Melo",UFOP,geral,"Nas propostas educacionais que privilegiam equidade e igualdade de oportunidades entre os diferentes sujeitos, pretende-se que a concepção de inclusão contribua para superar atitudes de indiferença e intolerância, estabelecendo uma disposição para a construção de culturas que respeitem e valorizem as diferenças humanas. Este estudo busca analisar como a política institucional de apoio aos estudantes com deficiência da Universidade Federal de Ouro Preto e um dos projetos extensionistas no campo da inclusão, desenvolvidos no Departamento de Educação, colaboram para o fortalecimento de uma postura inovadora e inclusiva. Essas ações institucionais e acadêmicas apontam para a necessidade de refletir sobre a função social das universidades e a constituição de um espaço formativo mais inclusivo.",nacional,2,0,0,0,2,0,contexto,Universidade Federal de Ouro Preto e um dos projetos
UFOP,oai:repositorio.ufop.br:123456789/9817,"Apontamentos sobre axiologia, ideologia e a ética do empreendedorismo.",2018,pt_BR,"Boava, Diego Luiz Teixeira",UFOP,geral,"A percepção sobre o empreendedor que vem sendo disseminada é aquela que faz com que a sociedade o conceba como o ente capaz de gerar riquezas, empregos e diversos outros benefícios econômicos, mais propriamente um super-­herói ou motor da economia, construindo-­se, assim, uma ideologia do empreendedorismo associada ao modo de produção capitalista. Diante dessa contextualização, pretende-­se com este artigo evidenciar a real essência da ideologia do empreendedorismo, considerando a questão da axiologia do fenômeno, seu processo de valoração, através de aporte filosófico, apoiado na redução fenomenológica, colocando entre parênteses o conhecimento prévio sobre empreendedorismo. Busca-­se, dessa forma, um novo modo de acesso ao fenômeno, baseado em análise filosófica sobre a temática, a fim de contemplar possibilidades de compreensão da realidade e não somente sua explicação. Trata-­se de um texto reflexivo e crítico, que apresenta o tema de maneira a atingir a essência do fenômeno pesquisado, no que tange a sua axiologia e ideologia. Por fim, revela-­se que o empreendedorismo consiste em um tipo de atividade própria do homem, que vai além da visão tradicional, e que, associado ao capital, constitui-­se apenas uma modalidade, sendo que sua visão como valor consiste em indicativo de que a atividade possui uma ideologia que visa a emancipação do homem.",nacional,0,0,0,1,1,1,contexto,
UFOP,oai:repositorio.ufop.br:123456789/9481,"Sem patente nem comenda : “Sargento Garcia”, de Caio Fernando Abreu.",2018,pt_BR,"Souza Júnior, José Luiz Foureaux de",UFOP,geral,"O artigo tem como objetivo principal mais uma leitura de um dos textos de Caio Fernando Abreu. A obra dele já está suficiente e consolidadamente chancelada pela crítica. Os dois argumentos se sustentam na ideia de que a primeira parte do conto desenha um pano de fundo para a leitura que proponho: o cenário. A segunda parte do artigo desenvolve a leitura em si mesma, chamando a atenção para aspectos que considero importantes para o desenvolvimento da ideia: a assimetria que marca as relações poder, sem especificação particular, articulada pela articulação de termos, expressões e imagens. Identifico esse conjunto de elementos discursivos como “dêiticos”. Deve ficar claro que não faço defesa desta ou daquela escola linguística, procurando atacar e/ou defender teorias acerca dos “dêiticos”. O que importa é tentar “ler” as relações que aqui são ficcionalmente prenunciadas. Por fim, na terceira parte do artigo, acrescento algumas considerações, no sentido de “amarrar” ideias num feixe que, incendiado pelo “fogo” da leitura, complementem as considerações anteriores. Falar em “conclusão” me parece um tanto premeditado.",nacional,2,0,0,0,0,0,contexto,
UFOP,oai:repositorio.ufop.br:123456789/6418,"Análise geofísica e estrutural da zona de cisalhamento São Vicente, Quadrilátero Ferrífero, MG.",2016,pt_BR,"Madeira, Thiago José Augusto",UFOP,geral,"Programa de Pós-Graduação em Evolução Crustal e Recursos Naturais. Departamento de Geologia. Escola de Minas, Universidade Federal de Ouro Preto.",nacional,0,0,0,0,0,0,contexto,Universidade Federal de Ouro Preto. UFOP
UFOP,oai:repositorio.ufop.br:123456789/2455,Efeito do tratamento com benzonidazol sobre o curso da infecção pela cepa Y do Trypanosoma cruzi em camundongos submetidos à alteração dos estoques de ferro pelo uso da desferrioxamina.,2013,pt_BR,"Francisco, Amanda Fortes",UFOP,geral,"Neste trabalho foi verificado o efeito do tratamento com o único fármaco utilizado no Brasil para o tratamento da Doença de Chagas em camundongos submetidos a alterações nos estoques de ferro. Utilizaram-se camundongos Swiss machos com trinta dias de idade, divididos em sete grupos experimentais: (1) não infectado não tratado - NINT; (2) infectado não tratado - INT; (3) tratado com Benzonidazol (Bz) - BZ; (4) infectado e tratado com Desferrioxamina (DFA) por 21 dias (DFA-21); (5) infectado e tratado com Bz e DFA por 21 dias (BZ/DFA-21); (6) infectado e tratado com DFA por 35 dias (DFA-35) e (7) infectado e tratado com BZ e DFA por 35 dias (BZ/DFA-35). Os animais dos grupos DFA-35 e BZ/DFA-35 receberam 5mg/animal/dia de DFA durante os 14 dias que precederam à infecção (500 formas sanguíneas da cepa Y do T. cruzi via intraperitoneal). Os animais tratados com Bz receberam o fármaco a partir do primeiro dia de infecção e por mais 21 dias. Após a infecção, o grupo DFA-21, BZ/DFA-21, DFA-35 e BZ/DFA-35 receberam DFA por mais 21 dias. Foram avaliadas as curvas de parasitemia diariamente, período pré-patente, período patente, pico de parasitemia, dia do pico de parasitemia e taxa de mortalidade. Hemocultura, PCR e ELlSA negativos foram utilizados como critérios para definir cura parasitológica. Os animais foram necropsiados no 10o e 16o dia pós infecção (dpi) sendo determinados os níveis de ferro hepático, sérico e de hemoglobina. Avaliou-se também o peso dos animais, o peso relativo e o parasitismo do coração, fígado, baço e linfonodo. O processo inflamatório foi avaliado no coração e fígado. No grupo BZ, BZ/DFA-21, DFA- 35 e BZ/DFA-35, a média dos níveis de parasitemia, a taxa de mortalidade apresentaram-se menores em relação ao grupo INT. Não foram observadas diferenças significativas no período pré-patente. Cinqüenta e dois animais dos grupos BZ, BZ/DFA-21, DFA-35 e BZ/DFA-35 sobreviveram à infecção e 52% apresentaram hemocultura negativa, 40% PCR negativa e 6% ELlSA negativa aos 240 dpi. Todos os animais infectados apresentaram menores níveis de ferro hepático que os animais do grupo NINT no 10o e 16o dia. Os animais dos grupos DFA-35 e BZ/DFA-35 apresentaram em média maiores concentrações de ferro sérico quando comparados aos demais grupos no 10o e 16o dia. Aos 14 dpi os animais do grupo BZ/DFA-35 apresentaram em média níveis mais altos de hemoglobina quando comparados aos demais grupos ao contrário do grupo DFA-35 onde os níveis de hemoglobina diminuíram. O tratamento com a DFA aumentou o peso corporal dos animais dos grupos DFA-35 e BZ/DFA-35. Entre o 10o e 16o dia observou-se aumento de peso relativo do coração, baço, fígado e Iinfonodo apenas nos grupos que foram tratados com a DFA associada ou não ao Bz. Os animais do grupo DFA-35 apresentaram maior processo inflamatório cardíaco e hepático em relação aos demais grupos. Não foram encontrados parasitos nos tecidos dos animais tratados com Bz e no linfonodo de todos os grupos avaliados. Verificou-se redução do parasitismo cardíaco nos animais tratados com a DFA (21 e 35) em relação ao grupo INT. Não foram observadas diferenças significativas em relação ao parasitismo hepático e esplênico nos grupos INT, DFA-21 e 35. De modo geral, pode-se dizer que o tratamento com Bz realizado em camundongos que apresentam redução dos estoques de ferro tem um curso distinto do observado em camundongos não submetidos à terapia de quelação.",nacional,2,0,0,0,0,0,contexto,
UFSCar,oai:repositorio.ufscar.br:20.500.14289/23985,"“Nós não somos agência humanitária, nós somos a agência do Reino de Deus”: proselitismo religioso e ação social evangélica com migrantes",2026,por,"Faustino, Rafael",UFSCar,geral,"In this research, I investigate the extent to which the assistance provided by evangelical organizations and churches to people in forced displacement is conditioned by an expectation of religious loyalty or adherence. To this end, I analyze the activities of a network of evangelical churches in relation to Ukrainians brought to Brazil following the onset of the war in Ukraine in 2022. Data collection was conducted through 22 semi-structured interviews carried out during fieldwork in Curitiba and Prudentópolis, in the Brazilian state of Paraná, with representatives of participating churches, volunteers and other individuals involved in the migration process, and Ukrainian migrants who remained in the country. Data analysis is guided by the Sociological Discourse Analysis (SDA) developed by the Madrid Qualitative School, understanding discourse not merely as vocabulary employed, but as a form of production of reality and knowledge, inscribed in power dynamics and beyond intentionality. I argue that evangelical churches and organizations frequently operate in the migration field in a proselytizing manner and with expansionist objectives, utilizing social actions to fulfill the biblically inspired mission of converting people from all nations. These actors pursue this end through diverse approaches and discourses but often seek an ""integral"" action that positions them as the primary or sole benefactors of the assisted individuals, while discouraging them from seeking other sources of support. These strategies encounter barriers that limit their outcomes, the main one being the difficulty of reaching a significant number of non-evangelicals in specific contexts. I further suggest that there is a trend toward growth in evangelical social action regarding forced displacement, stemming from religious leaders' identification of this field as fertile for reaching individuals of diverse cultural and religious profiles; from their extensive networks of religious, political, and economic connections; and from the increasing openness of national states and international organizations to their participation in humanitarian policies and in the migration governance.",nacional,1,0,0,0,0,0,nucleo,UFSCar
UFSCar,oai:repositorio.ufscar.br:20.500.14289/23571,Protótipo de um gaseificador “downdraft” para geração de energia elétrica em localidades de comunidades vulneráveis,2026,por,"Missier, Étore Medola Del",UFSCar,geral,"This study explored the application of technology and social engineering aimed at the theoretical development and conceptualization of a biomass gasifier prototype for electricity generation in vulnerable communities in Brazil. Although the social role of engineering is growing, it remains incipient from a scientific perspective. In this context, to conceptually apply and practice the profession as a whole, it was necessary to take precautions and adopt measures to propose innovations not only in industry and processes but also for the general population. This work aimed to offer a technological proposition to address the energy exclusion faced by Brazilian communities that are disadvantaged due to rights violations and/or adverse impacts. Nevertheless, environmental sustainability is indispensable in any innovation, whether socially inclusive or not. To this end, the study proposed the use of varied and abundant biomass in the form of by-products from major industries near these communities. The methodology included applied scientific research, from the theoretical characterization of the biomass to the final result—the sizing of the prototype. A downdraft-type gasifier was designed with a daily energy generation capacity sufficient to meet the energy demand of the community of Brejo Dois Irmãos (Bahia). The results indicated the technical and economic feasibility of the gasifier, highlighting its contribution to environmental sustainability and social inclusion. In addition to addressing the main issue, the discussion emphasized social and environmental benefits, such as the reduction of greenhouse gas emissions and the promotion of sustainable waste management. However, challenges such as the technical training of communities and institutional support were identified as barriers to be overcome. In conclusion, the biomass gasifier is a promising technology to confront and mitigate energy exclusion, especially when allied with local private companies through tax incentives, promoting energy autonomy, local development, and the use of residual biomass from industrial processes. Although the study was theoretical, it provided a solid foundation for future research and practical implementations, aligning with the sustainable development goals.",nacional,3,0,0,0,0,0,nucleo,UFSCar
UFSCar,oai:repositorio.ufscar.br:20.500.14289/20613,Utilização de simulação e lógica fuzzy para controle de processos e equipamentos da indústria sucroenergética,2024,por,"Casarini, Carlos Eduardo",UFSCar,geral,"This study aims to evaluate the impact of advanced process control on the standardization of sugar concentration during the preparation of fermentative must in the sugar and ethanol industry. The study compared traditional control with an advanced control system, using specific software to model the process and control. Two distinct scenarios were analyzed: one
with the presence of clarified juice and another using only water and molasses. The methodology included data collection using a densimeter to measure the must density and statistical analysis of the data with appropriate software. The results showed that advanced control provided a significant reduction in the variability of sugar concentration in both scenarios analyzed. Advanced control led to greater accuracy in maintaining the desired sugar concentration compared to traditional control, which exhibited higher variability and values outside the stipulated limits. It is concluded that advanced control enhances the accuracy and consistency of fermentable wort preparation, proving to be more efficient than traditional control. The reduction in variability and range of analyzed values underscores the positive impact of applying advanced control in industrial process automation. Continued research and exploration of related processes are recommended to promote technological advances in the sugar and ethanol industry.",nacional,0,0,0,0,0,0,contexto,UFSCar
UFSCar,oai:repositorio.ufscar.br:20.500.14289/17612,"Conselhos de Administração, Board Interlocking e Análise de Redes das empresas listadas no Nível 2 de Governança Corporativa da B3",2023,por,"Oliveira, Jéssica Maria de",UFSCar,geral,"This dissertation aims at exploring the intrinsic characteristics of the Board of Directors, verifying the conformity of such boards with the stablished good practices of Corporate Governance while also exploring the Board Interlocking that exists in said boards with the help of Network Analysis. It also aims to map the shareholder composition of the studied companies composed by a sample of Level 2 of Corporate Governance of B3 from the year 2017. For that, we used a theory-based research in which he data collection in order to reach the objectives was achieved through a bibliographic and documental research. In order to analyze the networks of the Board Interlocking, we used the Gephi software to draw the networks of interest and make the measurements of Modularity, Intermediation Centrality, Degree Centrality and Proximity Centrality. The results regarding the characteristics of the Board of Directors shows board members with notable professional careers and academic legitimacy, little feminine participation and boards composed mostly by family members. The results regarding the conformity of the Board of Directors with the good practices of Corporate Governance show that the size of the boards to be in accord to the legislation, CEOs/Vice-CEOs holding also the positions of Chariman/Vice-Chairman and once more the issue of family members with control of the board composition. Last, the results for Board Interlocking, one research showed that 80,9% of the board members of the analyzed companies were interlocked, meaning that they participated in ate least two different boards, connecting the sample to other 789 organizations. Of the 20 companies, only 2 (AES Tietê and AES Eletropaulo) connected directly through the Board Interlocking. Another analysis assessed the inter-board Board Interlocking in which 14 of the 20 assessed companies had two or more board members acting together in another 46 companies not listed At the Level 2 of the Corporate Governance of the B3. A third analysis showed that a subset of 42 companies not listed at the Level 2 of Corporate Governance of B3 (from the total of 789) which connect 18 companies listed at Level 2 of Corporate Governance (of the 20), with the exception of Celesc e and Gol. A network analysis was made using Gelphi, identifying 5 clusters; AES Eletropaulo, AES Tietê, Marcopolo and Renova had a higher degree centrality and intermediation; ABDIB, IBGC, AMEC, AES Tietê and AES Eletropaulo had higher proximity indicator. We also gathered data for the shareholder position of the 20 companies, in which 7 of them share investors. This network was drawn in tandem with the third analysis to verify which factors could complement the corporate relations. The Board Interlocking proved to be, therefore, a primordial factor to the network analysis, specially by the fact that the Board of Directors has several members that provide a myriad of connections. For future works, taking the shareholders position, underlying questions could also be analyzed in order to make clarify the corporate ties and the complexity of the networks made by them.",nacional,2,0,0,0,0,0,nucleo,UFSCar
UFSCar,oai:repositorio.ufscar.br:20.500.14289/16463,Discursos de docentes do Ciclo II:  currículo oficial da secretaria da educação do município de São Paulo,2022,por,"Gomes, Anderson Severiano",UFSCar,geral,"In 2017, the city of São Paulo updated – in a process of curricular reorientation – the City Curriculum, based on the National Common Curriculum Base (BNCC). The questions that drive this investigation are related to the questions: how do teachers in a multidimensional city like São Paulo, in disparate and complex territories, develop, or even recognize the Curriculum (which already has ready and established didactic material, with goals, evaluations, etc.)? Does this official curriculum meet teachers' expectations? What are your views on the changes implemented in the City Curriculum? Thus, the object of this study is related to the discourses of teachers, and the objective of this qualitative research is to analyze, under the Foucauldian perspective, how the discourses of teachers of Elementary School Final Years in the city of São Paulo, act on the official curriculum by implementing in 2017.As a methodological procedure, we intend to carry out an investigation of an exploratory nature, using methodological instruments such as: closed questionnaire - for an approximate universe of 100 teachers who work in the final years and from these results submit them to the IRaMuTeQ software (R Interface for Multidimensional Analysis of Texts and Questionnaires) with the purpose of starting a mapping of the statements and feeding the focal points of discussions; focus group with six teachers at each meeting (three meetings for each focus group); and, a focus group with semi-structured interviews with technicians from the Municipal Department of Education (SME/SP).The set of official discourses and teachers' discourse becomes curricular content and a logical aspect, and this junction builds the curriculum in public schools. As a result of this study, it is expected to know better the official curriculum implementing from 2017 the City of São Paulo; to go through the Foucaultian field on discourse analysis; identify if there is parrhesia and this we will identify as a gambiarra not in the pejorative sense linked to the term, but as innovation from the action of the teachers in performing their ""courage in speaking truth"", as their cunning and also if they announce forms of creation, resistance and otherness of teachers in the face of this curriculum, understanding the existing power relations, from their historical conception, to their effectiveness in practice, in the various territories of the city.",nacional,2,0,0,0,0,0,contexto,UFSCar;if there is parrhesia and this we will;if they announce forms of creation
UFSCar,oai:repositorio.ufscar.br:20.500.14289/10690,Usabilidade nas soluções de e-mail seguro - o modelo mental de segurança do usuário,2018,por,"Ferreira, Lucas Cesar",UFSCar,geral,"The adoption of Information and Communication Technology (ICT) in personal, social and corporate environments is increasingly evident. This fact brings complexity, interdisciplinarity, and diversity into the information security field intensified by decentralization and ubiquity of the actual era. As this phenomenon becomes more common, concerns regarding security, secrecy, privacy, and information governance increase. Consequently, tools to improve the safety in systems gain more evidence and new conceptions have emerged. However, studies and recent events have demonstrated how difficult is to use and adopt these safer solutions. Although these solutions improve the information security, there is evidence of the need for more effective security and privacy models on the Web to make these tools widely adopted by users in general. Therefore, the users need be aware of the approaches used by these security and privacy solutions in order to facilitate their adoption, without disregarding the contexts of use. In this context, this study aims at understanding the users' mental models of information security (e.g., secure e-mail solutions) to investigate if the design focused on such models can support the use and adoption of security tools. For that, a review of the main tools found in the literature was performed to identify the main characteristics and design approaches of these tools. Furthermore, to explore if such approaches are in compliance with Usable Safety guidelines and challenges defined in the literature. Then, an empirical evaluation was carried out using the Xmail prototype (developed at the LIA-UFSCar) and the Pwm tool to extract qualitative evidence from the users' perception and validate the proximity of their mental models to the task model proposed by the tools. As a result, this study contributes with a review and an evaluation model of secure tools that can be extended beyond keeping e-mail safe. In addition, from the analysis of the results, it was found that integrating the understanding of the users' mental security model into the process of designing safe and usable e-mail tools can significantly improve the usability of such tools.",nacional,1,0,0,0,0,0,nucleo,UFSCar;if such approaches are in compliance with;if the design focused on such models can
UFSCar,oai:repositorio.ufscar.br:20.500.14289/8516,"Economia solidária e educação: possibilidades, limites e desafios",2017,por,"Pires, Cláudia Priscila",UFSCar,economia_solidaria;inovacao_politicas_publicas,"This work has as objective the analysis of the theoretical debates about the possibility the Solidarity Economy been an alternative proposal to capitalism or only an alternative proposal inside the capitalist way of production. We have done this work through theoretical research in a qualitative methodology and the bibliographic review was conduct around the follow main themes: Taylorism/Fordism, mode of regulation Fordism/Keysianism, the exhaustion of Fordism/Keysianism, Toyotism, Neoliberalism, Fordism in Brazil, the cooperative organization in the 19th century, the cooperative organization in Brazil, the reappearance of the Solidarity Economy, the Solidarity Economy in Brazil, the Solidarity Economy theorists: defenders and critics of Solidarity Economy and Education/Culture. In this project, understanding the project on Solidarity Economy will be placed in the context of crisis and restructuring of capitalism and neoliberal policies, which are inadequate to demonstrate resolution of certain socioeconomic issues. This process, from the 1990s, in Brazil and abroad, and which consequences are now promoting the (re)emergence of a phenomenon that has been called the Solidarity Economy as an alternative form of organization of the production process and social organization of production, opening the doors to practices which in logic intend to be different to the Capital. From the 2000s, particularly in Brazil, the solidarity economy also affects the field of public policy. In this regard, a discussion in the theoretical field of Solidarity Economy and Cooperatives and Solidarity Economy and Capitalist System in order to increase understanding and implementation of strategies focusing on a delimitation of its boundaries, possibilities and the challenges of solidarity economy inside capitalism. It was also done an approach about the intrinsic relationship between Solidarity Economy and Education / Culture, since is needed a solidarity and cooperative education within the Solidarity Economy.",nacional,5,0,1,1,0,2,nucleo,UFSCar
UFSCar,oai:repositorio.ufscar.br:20.500.14289/7812,A impressão do consenso : uma análise político-epistemológica do SARESP na Folha de S. Paulo e no Jornal da APEOESP,2016,por,"Farias, Jaime",UFSCar,geral,"The research is based on the statements circulating in the political/media relationship, from which reviews the statements related to the school performance evaluation system of São Paulo state (SARESP). For this, texts were selected from two newspapers of different natures, published between 1995, beginning of Mario Covas government, which implemented the SARESP and 2010, the last year of the government of José Serra. Folha de S. Paulo characterized as a daily newspaper, commercial, nationwide, whose activities are based on the business logic, articulated the demands of an industrial line news production. Jorrnal da APEOESP is an information vehicle of the union of official school teachers of the São Paulo state (APEOESP), with circulation addressed to the shareholders, free distribution and variable frequency, whose journalistic practices are linked to the conflicts underlying the defense of the rights of the teaching category. SARESP is an external evaluation tool of the São Paulo state‘s school system, established in 1996. It consists of an examination applied to all students in certain grades, being compulsory in state public schools and membership in municipal public schools and private networks. As a theoretical basis for the analysis of texts from newspapers, stand out Foucault's notions of power, statement, discourse and regime of truth. The study aimed to identify, in the political/media relationship, certain statements considered “true”, related to SARESP. It was sought to identify aspects of media practice to indicate the formation of a “performative discourse”, due to the appreciation of criteria of efficiency and innovation, related to the neoliberal policy reform process. The study of the participation of the press in the circulation of “performative discourse” allowed to establish an “impression of consensus” about the SARESP. Although the effects of this process have worked towards interdict other possible discourses, it was noticed that there were some statements that came constitute a ""discourse of resistance"" related to criticism of performativity's criterias. It is concluded, in this regard, that the statements related to improving the quality of education is interconnected to the statements dealing SARESP as the legitimate measure of quality, featuring the preponderance of “performativity of speech”, however, associated and constant relationship with different settings of “discourse of resistance”.",nacional,2,0,0,0,0,0,contexto,UFSCar
