id,titulo,ano,autores,citacoes,doi,resumo,idioma
https://openalex.org/W2912654919,"Global, regional, and national incidence, prevalence, and years lived with disability for 354 diseases and injuries for 195 countries and territories, 1990–2017: a systematic analysis for the Global Burden of Disease Study 2017",2018,"Spencer L James, Degu Abate, Kalkidan Hassen Abate, Solomón Mequanente Abay, Cristiana Abbafati, Nooshin Abbasi, Hedayat Abbastabar, Foad Abd-Allah, Jemal Abdela, Ahmed Abdelalim, Ibrahim Abdollahpour, Rizwan Suliankatchi Abdulkader, Abebe Zegeye, Semaw Ferede Abera, Olifan Zewdie Abil, Haftom Niguse Abraha, Laith J. Abu‐Raddad, Niveen M. E. Abu-Rmeileh, Manfred Accrombessi, Dilaram Acharya, Pawan Acharya, Ilana N. Ackerman, Abdu A. Adamu, Oladimeji Adebayo, Victor Adekanmbi, Olatunji Adetokunboh, Mina G Adib, José Carmelo Adsuar, Kossivi Agbélénko Afanvi, Mohsen Afarideh, Ashkan Afshin, Gina Agarwal, Kareha M Agesa, Rakesh Aggarwal, Sargis A. Aghayan, Sutapa Agrawal, Alireza Ahmadi, Mehdi Ahmadi, Hamid Ahmadieh, Muktar Beshir Ahmed, Amani Nidhal Aichour, Ibtihel Aichour, Miloud Taki Eddine Aichour, Tomi Akinyemiju, Nadia Akseer, Ziyad Al‐Aly, Ayman Al‐Eyadhy, Hesham M. Al‐Mekhlafi, Rajaa Al‐Raddadi, Fares Alahdab, Khurshid Alam, Shazia Alam, Alaa Alashi, Seyed Moayed Alavian, Kefyalew Addis Alene, Mehran Alijanzadeh, Reza Alizadeh‐Navaei, Syed Mohamed Aljunid, Ala’a Alkerwi, François Alla, Peter Allebeck, Mohamed M L Alouani, Khalid A Altirkawi, Nelson Alvis‐Guzmán, Azmeraw T. Amare, Léopold Ndemnge Aminde, Walid Ammar, Yaw Ampem Amoako, Nahla Anber, Cătălina Liliana Andrei, Sofia Androudi, Megbaru Debalkie Animut, Mina Anjomshoa, Mustafa Geleto Ansha, Carl Abelardo T. Antonio, Palwasha Anwari, Jalal Arabloo, Antonio Araúz, Olatunde Aremu, Filippo Ariani, Bahram Armoon, Johan Ärnlöv, Amit Arora, Al Artaman, Kavumpurathu Raman Thankappan, Hamid Asayesh, Rana Jawad Asghar, Zerihun Ataro, Sachin Atre, Marcel Ausloos, Leticia Ávila‐Burgos, Euripide Avokpaho, Ashish Awasthi, Beatriz Paulina Ayala Quintanilla, Rakesh Ayer, Peter Azzopardi, Arefeh Babazadeh, Hamid Badali, Alaa Badawi, Ayele Geleto",13752,https://doi.org/10.1016/s0140-6736(18)32279-7,Bill & Melinda Gates Foundation.,en
https://openalex.org/W2751884637,"Global, regional, and national incidence, prevalence, and years lived with disability for 328 diseases and injuries for 195 countries, 1990–2016: a systematic analysis for the Global Burden of Disease Study 2016",2017,"Theo Vos, Amanuel Alemu Abajobir, Kalkidan Hassen Abate, Cristiana Abbafati, Kaja Abbas, Foad Abd-Allah, Rizwan Suliankatchi Abdulkader, Abdishakur Abdulle, Teshome Abuka Abebo, Semaw Ferede Abera, Victor Aboyans, Laith J. Abu‐Raddad, Ilana N. Ackerman, Abdu A. Adamu, Olatunji Adetokunboh, Mohsen Afarideh, Ashkan Afshin, Sanjay Agarwal, Rakesh Aggarwal, Anurag Agrawal, Sutapa Agrawal, Hamid Ahmadieh, Muktar Beshir Ahmed, Miloud Taki Eddine Aichour, Amani Nidhal Aichour, Ibtihel Aichour, Sneha Aiyar, Rufus Akinyemi, Nadia Akseer, Faris Lami, Fares Alahdab, Ziyad Al‐Aly, Khurshid Alam, Noore Alam, Shazia Alam, Deena Alasfoor, Kefyalew Addis Alene, Raghib Ali, Reza Alizadeh‐Navaei, Ala’a Alkerwi, François Alla, Peter Allebeck, Christine A. Allen, Fatma Al‐Maskari, Rajaa Al‐Raddadi, Ubai Alsharif, Shirina Alsowaidi, Khalid A Altirkawi, Azmeraw T. Amare, Erfan Amini, Walid Ammar, Yaw Ampem Amoako, Hjalte Holm Andersen, Carl Abelardo T. Antonio, Palwasha Anwari, Johan Ärnlöv, Al Artaman, Krishna Kumar Aryal, Hamid Asayesh, Solomon Weldegebreal Asgedom, Reza Assadi, Tesfay Mehari Atey, Niguse Tadele Atnafu, Sachin Atre, Leticia Ávila‐Burgos, Euripide Frinel G Arthur Avokphako, Ashish Awasthi, Umar Bacha, Alaa Badawi, Kalpana Balakrishnan, Amitava Banerjee, Marlena S. Bannick, Aleksandra Barać, Ryan M Barber, Suzanne Barker‐Collo, Till Bärnighausen, Sı́món Barquera, Lars Barregård, Lope H. Barrero, Sanjay Basu, Bob Battista, Katherine E. Battle, Bernhard T. Baune, Shahrzad Bazargan‐Hejazi, Justin Beardsley, Neeraj Bedi, Ettore Beghi, Yannick Béjot, Bayu Begashaw Bekele, Michelle L. Bell, Derrick Bennett, Isabela M. Benseñor, Jennifer Benson, Adugnaw Berhane, Derbew Fikadu Berhe, Eduardo Bernabé, Balem Demtsu Betsu, Mircea Beuran, Addisu Shunu Beyene, Neeraj Bhala",13401,https://doi.org/10.1016/s0140-6736(17)32154-2,Resumo não disponível.,en
https://openalex.org/W2899736836,"Global, regional, and national age-sex-specific mortality for 282 causes of death in 195 countries and territories, 1980–2017: a systematic analysis for the Global Burden of Disease Study 2017",2018,"Gregory A. Roth, Degu Abate, Kalkidan Hassen Abate, Solomón Mequanente Abay, Cristiana Abbafati, Nooshin Abbasi, Hedayat Abbastabar, Foad Abd-Allah, Jemal Abdela, Ahmed Abdelalim, Ibrahim Abdollahpour, Rizwan Suliankatchi Abdulkader, Haftom Temesgen Abebe, Molla Abebe, Abebe Zegeye, Ayenew Negesse Abejie, Semaw Ferede Abera, Olifan Zewdie Abil, Haftom Niguse Abraha, Aklılu Abrham Roba, Laith J. Abu‐Raddad, Manfred Accrombessi, Dilaram Acharya, Abdu A. Adamu, Oladimeji Adebayo, Rufus Adesoji Adedoyin, Victor Adekanmbi, Olatunji Adetokunboh, Beyene Meressa Adhena, Mina G Adib, Amha Admasie, Ashkan Afshin, Gina Agarwal, Kareha M Agesa, Anurag Agrawal, Sutapa Agrawal, Alireza Ahmadi, Mehdi Ahmadi, Muktar Beshir Ahmed, Sayem Ahmed, Amani Nidhal Aichour, Ibtihel Aichour, Miloud Taki Eddine Aichour, Mohammad Esmaeil Akbari, Rufus Akinyemi, Nadia Akseer, Ziyad Al‐Aly, Ayman Al‐Eyadhy, Rajaa Al‐Raddadi, Fares Alahdab, Khurshid Alam, Shazia Alam, Animut Alebel, Kefyalew Addis Alene, Mehran Alijanzadeh, Reza Alizadeh‐Navaei, Syed Mohamed Aljunid, Ala’a Alkerwi, François Alla, Peter Allebeck, Jordi Alonso, Khalid A Altirkawi, Nelson Alvis‐Guzmán, Azmeraw T. Amare, Léopold Ndemnge Aminde, Erfan Amini, Walid Ammar, Yaw Ampem Amoako, Nahla Anber, Cătălina Liliana Andrei, Sofia Androudi, Megbaru Debalkie Animut, Mina Anjomshoa, Hossein Ansari, Mustafa Geleto Ansha, Carl Abelardo T. Antonio, Palwasha Anwari, Olatunde Aremu, Johan Ärnlöv, Amit Arora, Monika Arora, Al Artaman, Kavumpurathu Raman Thankappan, Hamid Asayesh, Ephrem Tsegay Asfaw, Zerihun Ataro, Suleman Atique, Sachin Atre, Marcel Ausloos, Euripide Avokpaho, Ashish Awasthi, Beatriz Paulina Ayala Quintanilla, Yohanes Ayele, Rakesh Ayer, Peter Azzopardi, Arefeh Babazadeh, Umar Bacha, Hamid Badali, Alaa Badawi, Ayele Geleto",8537,https://doi.org/10.1016/s0140-6736(18)32203-7,Resumo não disponível.,en
https://openalex.org/W1617145133,"Global, regional, and national comparative risk assessment of 79 behavioural, environmental and occupational, and metabolic risks or clusters of risks, 1990–2015: a systematic analysis for the Global Burden of Disease Study 2015",2016,"Mohammad H. Forouzanfar, Lily Alexander, H Ross Anderson, Victoria F Bachman, Stan Biryukov, Michael Bräuer, Richard Burnett, Daniel Casey, Matthew M Coates, Aaron J. Cohen, Kristen Delwiche, Kara Estep, Joseph Frostad, Alize J Ferrari, Hmwe Hmwe Kyu, Maziar Moradi‐Lakeh, Marie Ng, Erica Leigh Slepak, Bernadette A Thomas, Joseph Wagner, Gunn Marit Aasvang, Cristiana Abbafati, Eyal Oren, Foad Abd-Allah, Semaw Ferede Abera, Victor Aboyans, Biju Abraham, Jerry Puthenpurakal Abraham, Ibrahim Abubakar, Niveen M E Abu-Rmeileh, Tania C Aburto, Tom Achoki, Ademola Adelekan, Koranteng Adofo, Arsène Kouablan Adou, José Carmelo Adsuar, Ashkan Afshin, Emilie Agardh, Mazin J Al Khabouri, Faris Lami, Khurshid Alam, Deena Alasfoor, Mohammed I Albittar, Miguel Alegretti, Alicia V Aleman, Zewdie Aderaw Alemu, Rafael Alfonso‐Cristancho, Samia Alhabib, Raghib Ali, Mohammed K. Ali, François Alla, Peter Allebeck, Peter J. Allen, Ubai Alsharif, Elena Álvarez, Nelson Alvis‐Guzmán, Adansi A. Amankwaa, Azmeraw T. Amare, Emmanuel A Ameh, Omid Ameli, Heresh Amini, Walid Ammar, Benjamin O. Anderson, Carl Abelardo T. Antonio, Palwasha Anwari, Solveig Argeseanu Cunningham, Johan Ärnlöv, Valentina Arsić‐Arsenijević, Al Artaman, Rana J Asghar, Reza Assadi, Lydia S Atkins, Charles Atkinson, Marco A Avila, Baffour Awuah, Alaa Badawi, Maria C Bahit, Talal Bakfalouni, Kalpana Balakrishnan, Shivanthi Balalla, Ravi Kumar Balu, Amitava Banerjee, Ryan M Barber, Suzanne L Barker-Collo, Sı́món Barquera, Lars Barregard, Lope H. Barrero, Tonatiuh Barrientos-Gutierrez, Ana Basto‐Abreu, Arindam Basu, Sanjay Basu, Mohammed Basulaiman, Carolina Batis, Justin Beardsley, Neeraj Bedi, Tolesa Bekele, Michelle L. Bell, Corina Benjet, Derrick Bennett, Habib Benzian",7738,https://doi.org/10.1016/s0140-6736(16)31679-8,Resumo não disponível.,en
https://openalex.org/W2527824850,"Global, regional, and national incidence, prevalence, and years lived with disability for 310 diseases and injuries, 1990–2015: a systematic analysis for the Global Burden of Disease Study 2015",2016,"Theo Vos, Christine A. Allen, Megha Arora, Ryan M Barber, Zulfiqar A Bhutta, Alexandria Brown, Austin Carter, Daniel Casey, Fiona Charlson, Alan Z Chen, Megan Coggeshall, Leslie Cornaby, Lalit Dandona, Daniel Dicker, Tina Dilegge, Holly E Erskine, Alize J Ferrari, Christina Fitzmaurice, Tom Fleming, Mohammad H. Forouzanfar, Nancy Fullman, Peter W. Gething, Ellen M Goldberg, Nicholas Graetz, Juanita A. Haagsma, Simon I Hay, Catherine O. Johnson, Nicholas J Kassebaum, Toana Kawashima, Laura Kemmer, Fakher Rahim, Yohannes Kinfu, Hmwe Hmwe Kyu, Janni Leung, Xiaofeng Liang, Stephen S Lim, Alan D López, Rafael Lozano, Laurie B. Marczak, George A. Mensah, Ali H. Mokdad, Mohsen Naghavi, Grant Nguyen, Elaine O. Nsoesie, Helen Elizabeth Olsen, David M. Pigott, Christine Pinho, Zane Rankin, Nikolas Reinig, Joshua A. Salomon, Logan Sandar, A. Gordon Smith, Jeffrey D Stanaway, Caitlyn Steiner, Stephanie Teeple, Bernadette A Thomas, Christopher Troeger, Joseph A. Wagner, Haidong Wang, Valentine Wanga, Harvey Whiteford, Leo Zoeckler, Amanuel Alemu Abajobir, Kalkidan Hassen Abate, Cristiana Abbafati, Kaja Abbas, Foad Abd-Allah, Biju Abraham, Ibrahim Abubakar, Laith J. Abu‐Raddad, Niveen M. E. Abu-Rmeileh, Ilana N. Ackerman, Akindele O. Adebiyi, Zanfina Ademi, Arsène Kouablan Adou, Kossivi Agbélénko Afanvi, Emilie Agardh, Arnav Agarwal, Ali Kiadaliri, Hamid Ahmadieh, Oluremi N Ajala, Rufus Akinyemi, Nadia Akseer, Ziyad Al‐Aly, Khurshid Alam, Noore Alam, Saleh Fahed Aldhahri, Miguel Angel Alegretti, Zewdie Aderaw Alemu, Lily Alexander, Samia Alhabib, Raghib Ali, Ala’a Alkerwi, François Alla, Peter Allebeck, Rajaa Al‐Raddadi, Ubai Alsharif, Khalid A Altirkawi, Nelson Alvis‐Guzmán, Azmeraw T. Amare",7308,https://doi.org/10.1016/s0140-6736(16)31678-6,Resumo não disponível.,en
https://openalex.org/W4382362038,"Climate Change 2022 – Impacts, Adaptation and Vulnerability",2023,Intergovernmental Panel on Climate Change,7005,https://doi.org/10.1017/9781009325844,"The Working Group II contribution to the Sixth Assessment Report of the Intergovernmental Panel on Climate Change (IPCC) provides a comprehensive assessment of the scientific literature relevant to climate change impacts, adaptation and vulnerability. The report recognizes the interactions of climate, ecosystems and biodiversity, and human societies, and integrates across the natural, ecological, social and economic sciences. It emphasizes how efforts in adaptation and in reducing greenhouse gas emissions can come together in a process called climate resilient development, which enables a liveable future for biodiversity and humankind. The IPCC is the leading body for assessing climate change science. IPCC reports are produced in comprehensive, objective and transparent ways, ensuring they reflect the full range of views in the scientific literature. Novel elements include focused topical assessments, and an atlas presenting observed climate change impacts and future risks from global to regional scales. Available as Open Access on Cambridge Core.",en
https://openalex.org/W2133535394,Dimensionalizing Cultures: The Hofstede Model in Context,2011,Geert Hofstede,6570,https://doi.org/10.9707/2307-0919.1014,"This article describes briefly the Hofstede model of six dimensions of national cultures: Power Distance, Uncertainty Avoidance, Individualism/Collectivism, Masculinity/Femininity, Long/Short Term Orientation, and Indulgence/Restraint. It shows the conceptual and research efforts that preceded it and led up to it, and once it had become a paradigm for comparing cultures, research efforts that followed and built on it. The article stresses that dimensions depend on the level of aggregation; it describes the six entirely different dimensions found in the Hofstede et al. (2010) research into organizational cultures. It warns against confusion with value differences at the individual level. It concludes with a look ahead in what the study of dimensions of national cultures and the position of countries on them may still bring.",en
https://openalex.org/W3005957464,"Global, regional, and national burden of chronic kidney disease, 1990–2017: a systematic analysis for the Global Burden of Disease Study 2017",2020,"Boris Bikbov, Caroline Purcell, Andrew S. Levey, Mari Smith, Amir Abdoli, Molla Abebe, Oladimeji Adebayo, Mohsen Afarideh, Sanjay Kumar Agarwal, Marcela Agudelo‐Botero, Elham Ahmadian, Ziyad Al‐Aly, Vahid Alipour, Amir Almasi‐Hashiani, Rajaa Al‐Raddadi, Nelson Alvis‐Guzmán, GK Mini, Tudorel Andrei, Cătălina Liliana Andrei, Zewudu Andualem, Mina Anjomshoa, Jalal Arabloo, Alebachew Fasil Ashagre, Daniel Asmelash, Zerihun Ataro, Maha Atout, Martin Amogre Ayanore, Alaa Badawi, Ahad Bakhtiari, Shoshana H. Ballew, Abbas Balouchi, Maciej Banach, Sı́món Barquera, Sanjay Basu, Mulat Tirfie Bayih, Neeraj Bedi, Aminu K. Bello, Isabela M. Benseñor, Ali Bijani, Archith Boloor, Antonio Maria Borzì, Luis Alberto Cámera, Juan Jesús Carrero, Félix Carvalho, Franz Castro, Ferrán Catalá-López, Alex R. Chang, Ken Lee Chin, Sheng‐Chia Chung, Massimo Círillo, Ewerton Cousin, Lalit Dandona, Rakhi Dandona, Ahmad Daryani, Rajat Das Gupta, Feleke Mekonnen Demeke, Gebre Teklemariam Demoz, Desilu Mahari Desta, Huyen Phuc, Bruce Bartholow Duncan, Aziz Eftekhari, Alireza Esteghamati, Syeda Sadia Fatima, João Carlos Fernandes, Eduarda Fernandes, Florian Fischer, Marisa Freitas, Mohamed M. Gad, Gebreamlak Gebremedhn Gebremeskel, Begashaw Melaku Gebresillassie, Birhanu Geta, Mansour Ghafourifard, Alireza Ghajar, Nermin Ghith, Paramjit Gill, Ibrahim Ginawi, Tarun Gupta, Nima Hafezi‐Nejad, Arvin Haj‐Mirzaian, Arya Haj‐Mirzaian, Ninuk Hariyani, Mehedi Hasan, Milad Hasankhani, Amir Hasanzadeh, Hamid Yimam Hassen, Simon I Hay, Behnam Heidari, Claudiu Herţeliu, Chi Linh Hoang, Mostafa Hosseini, Mihaela Hostiuc, Seyed Sina Naghibi Irvani, Sheikh Mohammed Shariful Islam, Nader Jafari Balalami, Spencer L James, Simerjot K Jassal, Vivekanand Jha, Jost B Jonas, Farahnaz Joukar, Jacek Jerzy Jozwiak",6272,https://doi.org/10.1016/s0140-6736(20)30045-3,Bill & Melinda Gates Foundation.,en
https://openalex.org/W2899773405,"Global, regional, and national comparative risk assessment of 84 behavioural, environmental and occupational, and metabolic risks or clusters of risks for 195 countries and territories, 1990–2017: a systematic analysis for the Global Burden of Disease Study 2017",2018,"Jeffrey D Stanaway, Ashkan Afshin, Emmanuela Gakidou, Stephen S Lim, Degu Abate, Kalkidan Hassen Abate, Cristiana Abbafati, Nooshin Abbasi, Hedayat Abbastabar, Foad Abd-Allah, Jemal Abdela, Ahmed Abdelalim, Ibrahim Abdollahpour, Rizwan Suliankatchi Abdulkader, Molla Abebe, Abebe Zegeye, Semaw Ferede Abera, Olifan Zewdie Abil, Haftom Niguse Abraha, Aklılu Abrham Roba, Laith J. Abu‐Raddad, Niveen ME Abu-Rmeileh, Manfred Accrombessi, Dilaram Acharya, Pawan Acharya, Abdu A. Adamu, Akilew Awoke Adane, Oladimeji Adebayo, Rufus Adesoji Adedoyin, Victor Adekanmbi, Zanfina Ademi, Olatunji Adetokunboh, Mina G Adib, Amha Admasie, José Carmelo Adsuar, Kossivi Agbélénko Afanvi, Mohsen Afarideh, Gina Agarwal, Anju Aggarwal, Sargis A. Aghayan, Anurag Agrawal, Sutapa Agrawal, Alireza Ahmadi, Mehdi Ahmadi, Hamid Ahmadieh, Muktar Beshir Ahmed, Amani Nidhal Aichour, Ibtihel Aichour, Miloud Taki Eddine Aichour, Mohammad Esmaeil Akbari, Tomi Akinyemiju, Nadia Akseer, Ziyad Al‐Aly, Ayman Al‐Eyadhy, Hesham M. Al‐Mekhlafi, Fares Alahdab, Khurshid Alam, Shazia Alam, Shazia Alam, Alaa Alashi, Seyed Moayed Alavian, Kefyalew Addis Alene, Komal Ali, Syed Mustafa Ali, Mehran Alijanzadeh, Reza Alizadeh‐Navaei, Syed Mohamed Aljunid, Ala’a Alkerwi, François Alla, Ubai Alsharif, Khalid A Altirkawi, Nelson Alvis‐Guzmán, Azmeraw T. Amare, Walid Ammar, Nahla Anber, Jason A Anderson, Cătălina Liliana Andrei, Sofia Androudi, Megbaru Debalkie Animut, Mina Anjomshoa, Mustafa Geleto Ansha, Josep M. Antó, Carl Abelardo T. Antonio, Palwasha Anwari, Lambert Appiah, Seth Christopher Yaw Appiah, Jalal Arabloo, Olatunde Aremu, Johan Ärnlöv, Al Artaman, Krishna Kumar Aryal, Hamid Asayesh, Zerihun Ataro, Marcel Ausloos, Euripide Avokpaho, Ashish Awasthi, Beatriz Paulina Ayala Quintanilla, Rakesh Ayer, Ayuk Betrand Tambe, Peter Azzopardi",4946,https://doi.org/10.1016/s0140-6736(18)32225-6,Resumo não disponível.,en
https://openalex.org/W4381799391,"Global, regional, and national burden of diabetes from 1990 to 2021, with projections of prevalence to 2050: a systematic analysis for the Global Burden of Disease Study 2021",2023,"Kanyin Liane Ong, Lauryn K Stafford, Susan A. McLaughlin, Edward J. Boyko, Dan J. Stein, Amanda Smith, Bronte Dalton, J Duprey, Jessica A Cruz, Hailey Hagins, Paulina A Lindstedt, Amirali Aali, Yohannes Habtegiorgis Abate, Melsew Dagne Abate, Mohammadreza Abbasian, Zeinab Abbasi-Kangevari, Mohsen Abbasi‐Kangevari, Samar Abd ElHafeez, Rami Abd‐Rabu, Deldar Morad Abdulah, Abu Yousuf Md Abdullah, Vida Abedi, Hassan Abidi, Richard Gyan Aboagye, Hassan Abolhassani, Eman Abu‐Gharbieh, Ahmed Abu‐Zaid, Tigist Demssew Adane, Denberu Eshetie, Isaac Yeboah Addo, Oyelola A. Adegboye, Victor Adekanmbi, Victor Abiola Adepoju, Qorinah Estiningtyas Sakilah Adnani, Rotimi Felix Afolabi, Gina Agarwal, Zahra Babaei Aghdam, Marcela Agudelo‐Botero, Constanza Elizabeth Aguilera Arriagada, Williams Agyemang‐Duah, Bright Opoku Ahinkorah, Danish Ahmad, Rizwan Ahmad, Sajjad Ahmad, Aqeel Ahmad, Ali Ahmadi, Keivan Ahmadi, Ayman Ahmed, Ali Ahmed, Luai A. Ahmed, Syed Anees Ahmed, Marjan Ajami, Rufus Akinyemi, Hanadi Al Hamad, Syed Mahfuz Al Hasan, Tareq Mohammed Ali AL-Ahdal, Tariq A. Alalwan, Ziyad Al‐Aly, Mohammad T AlBataineh, Jacqueline Elizabeth Alcalde‐Rabanal, Sharifullah Alemi, Hassam Ali, Tahereh Alinia, Syed Mohamed Aljunid, Sami Almustanyir, Rajaa Al‐Raddadi, Nelson Alvis‐Guzmán, Firehiwot Amare, Edward Kwabena Ameyaw, Sohrab Amiri, Ganiyu Adeniyi Amusa, Cătălina Liliana Andrei, Ranjit Mohan Anjana, Adnan Ansar, Golnoosh Ansari, Alireza Ansari‐Moghaddam, Anayochukwu Edward Anyasodor, Jalal Arabloo, Aleksandr Y. Aravkin, Demelash Areda, Hidayat Arifin, Mesay Arkew, Benedetta Armocida, Johan Ärnlöv, Anton A Artamonov, Judie Arulappan, Raphael Taiwo Aruleba, Ashokan Arumugam, Zahra Aryan, Mulu Tiruneh, Mohammad Asghari Jafarabadi, Elaheh Askari, Daniel Asmelash, Thomas Astell‐Burt, Mohammad Athar, Seyyed Shamsadin Athari, Maha Atout, Leticia Ávila‐Burgos, Ahmed Awaisu, Sina Azadnajafabad",3778,https://doi.org/10.1016/s0140-6736(23)01301-6,Resumo não disponível.,en
https://openalex.org/W2889517514,"Alcohol use and burden for 195 countries and territories, 1990–2016: a systematic analysis for the Global Burden of Disease Study 2016",2018,"Max Griswold, Nancy Fullman, Caitlin Hawley, Nicholas Arian, Stephanie R M Zimsen, Hayley Tymeson, Vidhya Venkateswaran, Austin Douglas Tapp, Mohammad H. Forouzanfar, Joseph S Salama, Kalkidan Hassen Abate, Degu Abate, Solomón Mequanente Abay, Cristiana Abbafati, Rizwan Suliankatchi Abdulkader, Abebe Zegeye, Victor Aboyans, Mohammed Mehdi Abrar, Pawan Acharya, Olatunji Adetokunboh, Tara Ballav Adhikari, José Carmelo Adsuar, Mohsen Afarideh, Emilie Agardh, Gina Agarwal, Sargis A. Aghayan, Sutapa Agrawal, Muktar Beshir Ahmed, Mohammed Akibu, Tomi Akinyemiju, Nadia Akseer, Deena Alasfoor, Ziyad Al‐Aly, Fares Alahdab, Khurshid Alam, Ammar Albujeer, Kefyalew Addis Alene, Raghib Ali, Syed Danish Ali, Mehran Alijanzadeh, Syed Mohamed Aljunid, Ala’a Alkerwi, Peter Allebeck, Nelson Alvis‐Guzmán, Azmeraw T. Amare, Léopold Ndemnge Aminde, Walid Ammar, Yaw Ampem Amoako, Gianna Gayle Herrera Amul, Cătălina Liliana Andrei, Colin Angus, Mustafa Geleto Ansha, Carl Abelardo T. Antonio, Olatunde Aremu, Johan Ärnlöv, Al Artaman, Kavumpurathu Raman Thankappan, Reza Assadi, Marcel Ausloos, Leticia Ávila‐Burgos, Euripide Avokpaho, Ashish Awasthi, Henok Tadesse Ayele, Rakesh Ayer, Ayuk Betrand Tambe, Peter Azzopardi, Hamid Badali, Alaa Badawi, Maciej Banach, Suzanne Barker‐Collo, Lope H. Barrero, Huda Basaleem, Estifanos Baye, Shahrzad Bazargan‐Hejazi, Neeraj Bedi, Yannick Béjot, Abate Bekele Belachew, Saba Abraham Belay, Derrick Bennett, Isabela M. Benseñor, Eduardo Bernabé, Robert S. Bernstein, Addisu Shunu Beyene, Tina Beyranvand, Soumyadeep Bhaumik, Zulfiqar A Bhutta, Belete Biadgo, Ali Bijani, Nigus Bililign, Sait Mentes Birlik, Charles Birungi, Hailemichael Bizuneh, Peter Bjerregaard, Tone Bjørge, Guilherme Borges, Cristina Bosetti, Soufiane Boufous, Nicola Luigi Bragazzi, Hermann Brenner, Zahid A Butt",3495,https://doi.org/10.1016/s0140-6736(18)31310-2,Resumo não disponível.,en
https://openalex.org/W2921112006,"Global, regional, and national burden of stroke, 1990–2016: a systematic analysis for the Global Burden of Disease Study 2016",2019,"Catherine O. Johnson, Minh Nguyen, Gregory A. Roth, Emma Nichols, Shazia Alam, Degu Abate, Foad Abd-Allah, Ahmed Abdelalim, Haftom Niguse Abraha, Niveen ME Abu-Rmeileh, Oladimeji Adebayo, Abiodun M. Adeoye, Gina Agarwal, Sutapa Agrawal, Amani Nidhal Aichour, Ibtihel Aichour, Miloud Taki Eddine Aichour, Fares Alahdab, Raghib Ali, Nelson Alvis‐Guzmán, Nahla Anber, Mina Anjomshoa, Jalal Arabloo, Antonio Araúz, Johan Ärnlöv, Amit Arora, Ashish Awasthi, Maciej Banach, Miguel A. Barboza, Suzanne Barker‐Collo, Till Bärnighausen, Sanjay Basu, Abate Bekele Belachew, Yaschilal Muche Belayneh, Derrick Bennett, Isabela M. Benseñor, Krittika Bhattacharyya, Belete Biadgo, Ali Bijani, Boris Bikbov, Muhammad Shahdaat Bin Sayeed, Zahid A Butt, Lucero Cahuana-Hurtado, Juan Jesús Carrero, Félix Carvalho, Carlos A Castañeda-Orjuela, Franz Castro, Ferrán Catalá-López, Yazan Chaiah, Peggy Pei-Chia Chiang, Jee-Young J Choi, Hanne Christensen, Dinh‐Toi Chu, Monica Cortinovis, Albertino Damasceno, Lalit Dandona, Rakhi Dandona, Ahmad Daryani, Kairat Davletov, Barbora de Courten, Vanessa De la Cruz‐Góngora, Meaza Girma Degefa, Samath Dhamminda Dharmaratne, Daniel Díaz, Manisha Dubey, Eyasu Ejeta Duken, Dumessa Edessa, Matthias Endres, Emerito Jose A Faraon, Farshad Farzadfar, Eduarda Fernandes, Florian Fischer, Luísa Sório Flor, Morsaleh Ganji, Abadi Kahsu Gebre, Teklu Gebrehiwo Gebremichael, Birhanu Geta, Kebede Embaye Gezae, Paramjit Gill, E. V. Gnedovskaya, Hector Gómez‐Dantés, Alessandra C. Goulart, Giuseppe Grosso, Yuming Guo, Tarun Gupta, Arvin Haj‐Mirzaian, Arya Haj‐Mirzaian, Samer Hamidi, Graeme J. Hankey, Hamid Yimam Hassen, Simon I Hay, Mohamed Hegazy, Behnam Heidari, Nabeel Herial, Mohammad Ali Hosseini, Sorin Hostiuc, Seyed Sina Naghibi Irvani, Sheikh Mohammed Shariful Islam, Nader Jahanmehr, Mehdi Javanbakht",3299,https://doi.org/10.1016/s1474-4422(19)30034-1,Resumo não disponível.,en
https://openalex.org/W2100967449,Developing a framework for responsible innovation,2013,"Jack Stilgoe, Richard Owen, Phil Macnaghten",2833,https://doi.org/10.1016/j.respol.2013.05.008,Resumo não disponível.,en
https://openalex.org/W3088256443,Autoantibodies against type I IFNs in patients with life-threatening COVID-19,2020,"Paul Bastard, Lindsey B. Rosen, Qian Zhang, Eleftherios Michailidis, Hans-Heinrich Hoffmann, Yu Zhang, Karim Dorgham, Quentin Philippot, Jérémie Rosain, Vivien Béziat, Jérémy Manry, Elana Shaw, Liis Haljasmägi, Pärt Peterson, Lazaro Lorenzo, Lucy Bizien, Sophie Trouillet‐Assant, Kerry Dobbs, Adriana A. de Jesus, Alexandre Bélot, Anne Kallaste, Émilie Catherinot, Yacine Tandjaoui-Lambiotte, Jérémie Le Pen, Gaspard Kerner, Benedetta Bigio, Yoann Seeleuthner, Rui Yang, Alexandre Bolze, András N. Spaan, Ottavia M. Delmonte, Michael S. Abers, Alessandro Aiuti, Giorgio Casari, Vito Lampasona, Lorenzo Piemonti, Fabio Ciceri, Kaya Bilgüvar, Richard P. Lifton, Marc Vasse, David M. Smadja, Mélanie Migaud, Jérôme Hadjadj, Benjamin Terrier, Darragh Duffy, Lluís Quintana‐Murci, Diederik van de Beek, Lucie Roussel, Donald C. Vinh, Stuart G. Tangye, Filomeen Haerynck, David Dalmau, Javier Martínez‐Picado, Petter Brodin, Michel C. Nussenzweig, Stéphanie Boisson‐Dupuis, Carlos Rodríguez‐Gallego, Guillaume Vogt, Trine H. Mogensen, Andrew J. Oler, Jingwen Gu, Peter D. Burbelo, Jeffrey I. Cohen, Andrea Biondi, Laura Rachele Bettini, Mariella D’Angiò, Paolo Bonfanti, Patrick Rossignol, Julien Mayaux, Frédéric Rieux‐Laucat, Eystein S. Husebye, Francesca Fusco, Matilde Valeria Ursini, Luisa Imberti, Alessandra Sottini, Simone Paghera, Eugenia Quirós-Roldán, Camillo Rossi, Riccardo Castagnoli, Daniela Montagna, Amelia Licari, Gian Luigi Marseglia, Xavier Duval, Jade Ghosn, John S. Tsang, Raphaela Goldbach‐Mansky, Kai Kisand, Michail S. Lionakis, Anne Puel, Shen‐Ying Zhang, Steven M. Holland, Guy Gorochov, Emmanuelle Jouanguy, Charles M. Rice, Aurélie Cobat, Luigi D. Notarangelo, Laurent Abel, Helen C. Su, Jean‐Laurent Casanova, Andrés A. Arias",2807,https://doi.org/10.1126/science.abd4585,"Interindividual clinical variability in the course of severe acute respiratory syndrome coronavirus 2 (SARS-CoV-2) infection is vast. We report that at least 101 of 987 patients with life-threatening coronavirus disease 2019 (COVID-19) pneumonia had neutralizing immunoglobulin G (IgG) autoantibodies (auto-Abs) against interferon-ω (IFN-ω) (13 patients), against the 13 types of IFN-α (36), or against both (52) at the onset of critical disease; a few also had auto-Abs against the other three type I IFNs. The auto-Abs neutralize the ability of the corresponding type I IFNs to block SARS-CoV-2 infection in vitro. These auto-Abs were not found in 663 individuals with asymptomatic or mild SARS-CoV-2 infection and were present in only 4 of 1227 healthy individuals. Patients with auto-Abs were aged 25 to 87 years and 95 of the 101 were men. A B cell autoimmune phenocopy of inborn errors of type I IFN immunity accounts for life-threatening COVID-19 pneumonia in at least 2.6% of women and 12.5% of men.",en
https://openalex.org/W3143437408,"Global, regional, and national comparative risk assessment of 79 behavioural, environmental and occupational, and metabolic risks or clusters of risks in 188 countries, 1990–2013: a systematic analysis for the Global Burden of Disease Study 2013",2015,"Mohammad H. Forouzanfar, Lily Alexander, H Ross Anderson, Victoria F Bachman, Stan Biryukov, Michael Bräuer, Richard Burnett, Daniel Casey, Matthew M Coates, Aaron J. Cohen, Kristen Delwiche, Kara Estep, Joseph Frostad, Astha KC, Hmwe Hmwe Kyu, Maziar Moradi‐Lakeh, Marie Ng, Erica Leigh Slepak, Bernadette A Thomas, Joseph A. Wagner, Gunn Marit Aasvang, Cristiana Abbafati, Ayşe Abbasoğlu Özgören, Foad Abd-Allah, Semaw Ferede Abera, Victor Aboyans, Biju Abraham, Jerry Abraham, Ibrahim Abubakar, Niveen M. E. Abu-Rmeileh, Tania C. Aburto, Tom Achoki, Ademola Adelekan, Adofo Koranteng, Arsène Kouablan Adou, José Carmelo Adsuar, Ashkan Afshin, Emilie Agardh, Mazin J Al Khabouri, Faris Lami, Khurshid Alam, Deena Alasfoor, Mohammed I Albittar, Miguel Alegretti, Alicia V Aleman, Zewdie Aderaw Alemu, Rafael Alfonso‐Cristancho, Samia Alhabib, Raghib Ali, Mohammed K. Ali, François Alla, Peter Allebeck, Peter J. Allen, Ubai Alsharif, Elena Álvarez, Nelson Alvis‐Guzmán, Adansi A. Amankwaa, Azmeraw T. Amare, Emmanuel A Ameh, Omid Ameli, Heresh Amini, Walid Ammar, Benjamin O. Anderson, Carl Abelardo T. Antonio, Palwasha Anwari, Solveig Argeseanu Cunningham, Johan Ärnlöv, Valentina Arsić‐Arsenijević, Al Artaman, Rana J Asghar, Reza Assadi, Lydia S Atkins, Charles Atkinson, Marco Antonio Navarrete Ávila, Baffour Awuah, Alaa Badawi, Maria C Bahit, Talal Bakfalouni, Kalpana Balakrishnan, Shivanthi Balalla, Ravi Kumar Balu, Amitava Banerjee, Ryan M Barber, Suzanne Barker‐Collo, Sı́món Barquera, Lars Barregård, Lope H. Barrero, Tonatiuh Barrientos‐Gutiérrez, Ana Basto‐Abreu, Arindam Basu, Sanjay Basu, Mohammed Basulaiman, Carolina Batis, Justin Beardsley, Neeraj Bedi, Tolesa Bekele, Michelle L. Bell, Corina Benjet, Derrick Bennett, Habib Benzian",2719,https://doi.org/10.1016/s0140-6736(15)00128-2,Resumo não disponível.,en
https://openalex.org/W2746473595,"Global, regional, and national deaths, prevalence, disability-adjusted life years, and years lived with disability for chronic obstructive pulmonary disease and asthma, 1990–2015: a systematic analysis for the Global Burden of Disease Study 2015",2017,"Joan B. Soriano, Amanuel Alemu Abajobir, Kalkidan Hassen Abate, Semaw Ferede Abera, Anurag Agrawal, Muktar Beshir Ahmed, Amani Nidhal Aichour, Ibtihel Aichour, Miloud Taki Eddine Aichour, Khurshid Alam, Noore Alam, Juma Alkaabi, Fatma Al‐Maskari, Nelson Alvis‐Guzmán, Alemayehu Amberbir, Yaw Ampem Amoako, Mustafa Geleto Ansha, Josep M. Antó, Hamid Asayesh, Tesfay Mehari Atey, Euripide Avokpaho, Aleksandra Barać, Sanjay Basu, Neeraj Bedi, Isabela M. Benseñor, Adugnaw Berhane, Addisu Shunu Beyene, Zulfiqar A Bhutta, Stan Biryukov, Dube Jara Boneya, Michael Bräuer, David O. Carpenter, Daniel Casey, Devasahayam Jesudas Christopher, Lalit Dandona, Rakhi Dandona, Samath Dhamminda Dharmaratne, Huyen Phuc, Florian Fischer, Tsegaye Tsewelde Gebrehiwot, Ayele Geleto, Aloke Gopal Ghoshal, Richard F Gillum, Ibrahim Ginawi, Vipin Gupta, Simon I Hay, Mohammad Taghi Hedayati, Nobuyuki Horita, Hung Chak Ho, Mihajlo Jakovljević, Spencer L James, Jost B Jonas, Amir Kasaeian, Yousef Khader, Fakher Rahim, Ejaz Ahmad Khan, Young‐Ho Khang, Jagdish Khubchandani, Luke D. Knibbs, Soewarta Kosen, Parvaiz A Koul, G Anil Kumar, Cheru Tesema Leshargie, Xiaofeng Liang, Hassan Magdy Abd El Razek, Azeem Majeed, Déborah Carvalho Malta, Treh Manhertz, Neal Marquez, Alem Mehari, George A. Mensah, Ted R. Miller, Karzan Abdulmuhsin Mohammad, Kedir Endris Mohammed, Shafiu Mohammed, Ali H. Mokdad, Mohsen Naghavi, Cuong Tat Nguyen, Grant Nguyen, Quyen Le Nguyen, Trang Huyen Nguyen, Dina Nur Anggraini Ningrum, Vuong Minh Nong, Jennifer Ifeoma, Yewande Odeyemi, Felix Akpojene Ogbo, Eyal Oren, P A Mahesh, Eun‐Kee Park, George Patton, Katherine Paulson, Mostafa Qorbani, Reginald Quansah, Anwar Rafay, Mohammad Hifz Ur Rahman, Rajesh Kumar, Salman Rawaf, Nik Reinig, Saeid Safiri, Rodrigo Sarmiento-Suárez",2543,https://doi.org/10.1016/s2213-2600(17)30293-x,Bill & Melinda Gates Foundation.,en
https://openalex.org/W2264709743,Log-normal Distributions across the Sciences: Keys and Clues,2001,"E. Limpert, Werner A. Stahel, MARKUS ABBT",2537,https://doi.org/10.1641/0006-3568(2001)051[0341:lndats]2.0.co;2,"As the need grows for conceptualization, formalization, and abstraction in biology, so too does mathematics' relevance to the field Mathematics is particularly important for analyzing and characterizing random variation of, for example, size and weight of individuals in populations, their sensitivity to chemicals, and time-to-event cases, such as the amount of time an individual needs to recover from illness. The frequency distribution of such data is a major factor determining the type of statistical analysis that can be validly carried out on any data set. Many widely used statistical methods, such as ANOVA (analysis of variance) and regression analysis, require that the data be normally distributed, but only rarely is the frequency distribution of data tested when these techniques are used.",en
https://openalex.org/W2910922638,An agenda for sustainability transitions research: State of the art and future directions,2019,"Jonathan Köhler, Frank W. Geels, Florian Kern, Jochen Markard, Elsie Onsongo, A. Wieczorek, Floortje Alkemade, Flor Avelino, Anna Bergek, Frank Boons, Lea Fünfschilling, David Hess, Georg Holtz, Sampsa Hyysalo, Kirsten Jenkins, Paula Kivimaa, Mari Martiskainen, Andrew McMeekin, Marie Susan Mühlemeier, Björn Nykvist, Bonno Pel, Rob Raven, Harald Rohracher, Björn A. Sandén, Johan Schot, Benjamin K. Sovacool, Bruno Turnheim, Daniel Welch, Peter Wells",2536,https://doi.org/10.1016/j.eist.2019.01.004,Resumo não disponível.,en
https://openalex.org/W3025238321,"Global, regional, and national comparative risk assessment of 84 behavioural, environmental and occupational, and metabolic risks or clusters of risks, 1990–2016: a systematic analysis for the Global Burden of Disease Study 2016",2017,"Emmanuela Gakidou, Ashkan Afshin, Amanuel Alemu Abajobir, Kalkidan Hassen Abate, Cristiana Abbafati, Kaja Abbas, Foad Abd-Allah, Abdishakur Abdulle, Semaw Ferede Abera, Victor Aboyans, Laith J. Abu‐Raddad, Niveen M. E. Abu-Rmeileh, Gebre Yitayih Abyu, Isaac Akinkunmi Adedeji, Olatunji Adetokunboh, Mohsen Afarideh, Anurag Agrawal, Sutapa Agrawal, Hamid Ahmadieh, Muktar Beshir Ahmed, Miloud Taki Eddine Aichour, Amani Nidhal Aichour, Ibtihel Aichour, Rufus Akinyemi, Nadia Akseer, Fares Alahdab, Ziyad Al‐Aly, Khurshid Alam, Noore Alam, Shazia Alam, Deena Alasfoor, Kefyalew Addis Alene, Komal Ali, Reza Alizadeh‐Navaei, Ala’a Alkerwi, François Alla, Peter Allebeck, Rajaa Al‐Raddadi, Ubai Alsharif, Khalid A Altirkawi, Nelson Alvis‐Guzmán, Azmeraw T. Amare, Erfan Amini, Walid Ammar, Yaw Ampem Amoako, Hossein Ansari, Josep M. Antó, Carl Abelardo T. Antonio, Palwasha Anwari, Nicholas Arian, Johan Ärnlöv, Al Artaman, Krishna Kumar Aryal, Hamid Asayesh, Solomon Weldegebreal Asgedom, Tesfay Mehari Atey, Leticia Ávila‐Burgos, Euripide Avokpaho, Ashish Awasthi, Peter Azzopardi, Umar Bacha, Alaa Badawi, Kalpana Balakrishnan, Shoshana H. Ballew, Aleksandra Barać, Ryan M Barber, Suzanne Barker‐Collo, Till Bärnighausen, Sı́món Barquera, Lars Barregård, Lope H. Barrero, Carolina Batis, Katherine E. Battle, Blair R Baumgarner, Bernhard T. Baune, Justin Beardsley, Neeraj Bedi, Ettore Beghi, Michelle L. Bell, Derrick Bennett, James R. Bennett, Isabela M. Benseñor, Adugnaw Berhane, Derbew Fikadu Berhe, Eduardo Bernabé, Balem Demtsu Betsu, Mircea Beuran, Addisu Shunu Beyene, Anil Bhansali, Zulfiqar A Bhutta, Burcu Küçük Biçer, Boris Bikbov, Charles Birungi, Stan Biryukov, Christopher D. Blosser, Dube Jara Boneya, Ibrahim R. Bou-Orm, Michael Bräuer, Nicholas J. K. Breitborde, Hermann Brenner",2419,https://doi.org/10.1016/s0140-6736(17)32366-8,"The Bill & Melinda Gates Foundation, Bloomberg Philanthropies.",en
https://openalex.org/W2903517662,"Global, regional, and national burden of Alzheimer's disease and other dementias, 1990–2016: a systematic analysis for the Global Burden of Disease Study 2016",2018,"Emma Nichols, Cassandra Szoeke, Dan J. Stein, Nooshin Abbasi, Foad Abd-Allah, Jemal Abdela, Miloud Taki Eddine Aichour, Rufus Akinyemi, Fares Alahdab, Solomon Weldegebreal Asgedom, Ashish Awasthi, Suzanne Barker‐Collo, Bernhard T. Baune, Yannick Béjot, Abate Bekele Belachew, Derrick Bennett, Belete Biadgo, Ali Bijani, Muhammad Shahdaat Bin Sayeed, Carol Brayne, David O. Carpenter, Félix Carvalho, Ferrán Catalá-López, Ester Cerin, Jee-Young J Choi, Anh Kim Dang, Meaza Girma Degefa, Shirin Djalalinia, Manisha Dubey, Eyasu Ejeta Duken, David Edvardsson, Matthias Endres, Sharareh Eskandarieh, André Faro, Farshad Farzadfar, Seyed-Mohammad Fereshtehnejad, Eduarda Fernandes, Irina Filip, Florian Fischer, Abadi Kahsu Gebre, Demeke Geremew, Maryam Ghasemi‐Kasman, E. V. Gnedovskaya, Rajeev Gupta, Vladimir Hachinski, Tekleberhan B Hagos, Samer Hamidi, Graeme J. Hankey, Josep María Haro, Simon I Hay, Seyed Sina Naghibi Irvani, Ravi Prakash Jha, Jost B. Jonas, Rizwan Suliankatchi Abdulkader, André Karch, Amir Kasaeian, Yousef Khader, Fakher Rahim, Ejaz Ahmad Khan, Tripti Khanna, Tawfik Khoja, Jagdish Khubchandani, Adnan Kısa, Katarzyna Kissimova‐Skarbek, Mika Kivimäki, Ai Koyanagi, Kristopher J Krohn, Giancarlo Logroscino, Stefan Lorkowski, Marek Majdán, Reza Malekzadeh, Winfried März, João Massano, Getnet Mengistu, Atte Meretoja, Moosa Mohammadi, Maryam Mohammadi‐Khanaposhtani, Ali H. Mokdad, Stefania Mondello, Ghobad Moradi, Gabriele Nagel, Mohsen Naghavi, Gurudatta Naik, Long Hoang Nguyen, Trang Huyen Nguyen, Yirga Legesse Nirayo, Molly R Nixon, Richard Ofori‐Asenso, Felix Akpojene Ogbo, Andrew T Olagunju, Mayowa Owolabi, Songhomitra Panda‐Jonas, Valéria Maria de Azeredo Passos, David M. Pereira, Gabriel David Pinilla-Monsalve, М. А. Пирадов, Constance D Pond, Hossein Poustchi, Mostafa Qorbani, Amir Radfar",2405,https://doi.org/10.1016/s1474-4422(18)30403-4,Resumo não disponível.,en
https://openalex.org/W2096829520,"The green, blue and grey water footprint of crops and derived crop products",2011,"Mesfin M. Mekonnen, Arjen Y. Hoekstra",2288,https://doi.org/10.5194/hess-15-1577-2011,"Abstract. This study quantifies the green, blue and grey water footprint of global crop production in a spatially-explicit way for the period 1996–2005. The assessment improves upon earlier research by taking a high-resolution approach, estimating the water footprint of 126 crops at a 5 by 5 arc minute grid. We have used a grid-based dynamic water balance model to calculate crop water use over time, with a time step of one day. The model takes into account the daily soil water balance and climatic conditions for each grid cell. In addition, the water pollution associated with the use of nitrogen fertilizer in crop production is estimated for each grid cell. The crop evapotranspiration of additional 20 minor crops is calculated with the CROPWAT model. In addition, we have calculated the water footprint of more than two hundred derived crop products, including various flours, beverages, fibres and biofuels. We have used the water footprint assessment framework as in the guideline of the Water Footprint Network. Considering the water footprints of primary crops, we see that the global average water footprint per ton of crop increases from sugar crops (roughly 200 m3 ton−1), vegetables (300 m3 ton−1), roots and tubers (400 m3 ton−1), fruits (1000 m3 ton−1), cereals (1600 m3 ton−1), oil crops (2400 m3 ton−1) to pulses (4000 m3 ton−1). The water footprint varies, however, across different crops per crop category and per production region as well. Besides, if one considers the water footprint per kcal, the picture changes as well. When considered per ton of product, commodities with relatively large water footprints are: coffee, tea, cocoa, tobacco, spices, nuts, rubber and fibres. The analysis of water footprints of different biofuels shows that bio-ethanol has a lower water footprint (in m3 GJ−1) than biodiesel, which supports earlier analyses. The crop used matters significantly as well: the global average water footprint of bio-ethanol based on sugar beet amounts to 51 m3 GJ−1, while this is 121 m3 GJ−1 for maize. The global water footprint related to crop production in the period 1996–2005 was 7404 billion cubic meters per year (78 % green, 12 % blue, 10 % grey). A large total water footprint was calculated for wheat (1087 Gm3 yr−1), rice (992 Gm3 yr−1) and maize (770 Gm3 yr−1). Wheat and rice have the largest blue water footprints, together accounting for 45 % of the global blue water footprint. At country level, the total water footprint was largest for India (1047 Gm3 yr−1), China (967 Gm3 yr−1) and the USA (826 Gm3 yr−1). A relatively large total blue water footprint as a result of crop production is observed in the Indus river basin (117 Gm3 yr−1) and the Ganges river basin (108 Gm3 yr−1). The two basins together account for 25 % of the blue water footprint related to global crop production. Globally, rain-fed agriculture has a water footprint of 5173 Gm3 yr−1 (91 % green, 9 % grey); irrigated agriculture has a water footprint of 2230 Gm3 yr−1 (48 % green, 40 % blue, 12 % grey).",en
https://openalex.org/W4327810158,GPT-4 Technical Report,2023,"OpenAI, Stock, Kristin, Jones, Christopher B.",2236,https://doi.org/10.4230/lipics.cosit.2024.11,"Abstract—Large Language Models (LLMs) suffer from inherent stochasticity, limiting their utility in high-stakes enterprise environments where determinism and auditability are required. This paper introduces the MFOUR Vibe Framework (MVF), a platform-agnostic architectural standard that transforms probabilistic natural language intent into deterministic software artifacts. We define a five-layer topology, comprising the Kernel Identity, Synaptic Routing, Interface Contracts, Context Anchoring, and the Mirror Test. Furthermore, we introduce The Vibe Integrity Score (VIS), a quantitative metric for evaluating the structural adherence of generative outputs. This specification provides the foundational schema and logic protocols for building ""Glass Box"" AI systems that are observable, secure, and commercially viable.",en
https://openalex.org/W2135857123,A Systematic Review of Co-Creation and Co-Production: Embarking on the social innovation journey,2014,"William Voorberg, Victor Bekkers, Lars Tummers",2207,https://doi.org/10.1080/14719037.2014.930505,"This article presents a systematic review of 122 articles and books (1987–2013) of co-creation/co-production with citizens in public innovation. It analyses (a) the objectives of co-creation and co-production, (b) its influential factors and (c) the outcomes of co-creation and co-production processes. It shows that most studies focus on the identification of influential factors, while hardly any attention is paid to the outcomes. Future studies could focus on outcomes of co-creation/co-production processes. Furthermore, more quantitative studies are welcome, given the qualitative, case study, dominance in the field. We conclude with a research agenda to tackle methodological, theoretical and empirical lacunas.",en
https://openalex.org/W2528385426,"Global, regional, and national disability-adjusted life-years (DALYs) for 315 diseases and injuries and healthy life expectancy (HALE), 1990–2015: a systematic analysis for the Global Burden of Disease Study 2015",2016,"Nicholas J Kassebaum, Megha Arora, Ryan M Barber, Zulfiqar A Bhutta, Austin Carter, Daniel Casey, Daniel Casey, Fiona Charlson, Megan Coggeshall, Megan Coggeshall, Lalit Dandona, Daniel Dicker, Holly E Erskine, Alize J Ferrari, Christina Fitzmaurice, Kyle J Foreman, Mohammad H. Forouzanfar, Nancy Fullman, Peter W. Gething, Ellen M Goldberg, Nicholas Graetz, Juanita A. Haagsma, Catherine O. Johnson, Laura Kemmer, Fakher Rahim, Yohannes Kinfu, Michael Kutz, Yohannes Kinfu, Janni Leung, Xiaofeng Liang, Stephen S Lim, Rafael Lozano, George A. Mensah, Joe Mikesell, Ali H. Mokdad, Meghan Mooney, Mohsen Naghavi, Grant Nguyen, Elaine O. Nsoesie, David M. Pigott, Christine Pinho, Zane Rankin, Nikolas Reinig, Joshua A. Salomon, Heresh Amini, Hanne Christensen, Rasmus Worsøe Havmøller, A. Gordon Smith, Walid Ammar, Jeffrey Stanaway, Caitlyn Steiner, Stephanie Teeple, Chris Troeger, Thomas Truelsen, Amelia VanderZanden, Joseph A Wagner, Valentine Wanga, Harvey A Whiteford, Maigeng Zhou, Leo Zoeckler, Amanuel Alemu Abajobir, Kalkidan Hassen Abate, Cristiana Abbafati, Kaja M Abbas, Foad Abd-Allah, Biju Abraham, Ibrahim Abubakar, Laith J Abu-Raddad, Niveen M E Abu-Rmeileh, Tom Achoki, Ilana N Ackerman, Akindele Olupelumi Adebiyi, Isaac Akinkunmi Adedeji, José C Adsuar, Kossivi Agbelenko Afanvi, Ashkan Afshin, Emilie Elisabet Agardh, Arnav Agarwal, Sanjay Kumar Agarwal, Muktar Beshir Ahmed, Aliasghar Ahmad Kiadaliri, Hamid Ahmadieh, Nadia Akseer, Ziyad Al-Aly, Khurshid Alam, Noore K M Alam, Saleh Fahed Aldhahri, Miguel Angel Alegretti, Alicia V Aleman, Zewdie Aderaw Alemu, Lily T Alexander, Raghib Ali, Ala'a Alkerwi, François Alla, Peter Allebeck, Christine Allen, Ubai Alsharif, Khalid A Altirkawi, Elena Alvarez Martin, Nelson Alvis-Guzman",2205,https://doi.org/10.1016/s0140-6736(16)31460-x,Resumo não disponível.,en
https://openalex.org/W4252846263,Digital Economics,2019,"Avi Goldfarb, Catherine E. Tucker",2061,https://doi.org/10.1257/jel.20171452,"Digital technology is the representation of information in bits. This technology has reduced the cost of storage, computation, and transmission of data. Research on digital economics examines whether and how digital technology changes economic activity. In this review, we emphasize the reduction in five distinct economic costs associated with digital economic activity: search costs, replication costs, transportation costs, tracking costs, and verification costs. (JEL D24, D83, L86, O33, R41)",en
https://openalex.org/W2142472354,"Global, regional, and national disability-adjusted life years (DALYs) for 306 diseases and injuries and healthy life expectancy (HALE) for 188 countries, 1990–2013: quantifying the epidemiological transition",2015,"Christopher J L Murray, Ryan M Barber, Kyle J Foreman, Ayşe Abbasoğlu Özgören, Foad Abd-Allah, Semaw Ferede Abera, Victor Aboyans, Jerry Abraham, Ibrahim Abubakar, Laith J. Abu‐Raddad, Niveen M. E. Abu-Rmeileh, Tom Achoki, Ilana N. Ackerman, Zanfina Ademi, Arsène Kouablan Adou, José Carmelo Adsuar, Ashkan Afshin, Emilie Agardh, Khurshid Alam, Deena Alasfoor, Mohammed I Albittar, Miguel Alegretti, Zewdie Aderaw Alemu, Rafael Alfonso‐Cristancho, Samia Alhabib, Raghib Ali, François Alla, Peter Allebeck, Mohammad A. AlMazroa, Ubai Alsharif, Elena Álvarez, Nelson Alvis‐Guzmán, Azmeraw T. Amare, Emmanuel A Ameh, Heresh Amini, Walid Ammar, H Ross Anderson, Benjamin O. Anderson, Carl Abelardo T. Antonio, Palwasha Anwari, Johan Ärnlöv, Valentina Arsić‐Arsenijević, Al Artaman, Rana J Asghar, Reza Assadi, Lydia S Atkins, Marco Antonio Navarrete Ávila, Baffour Awuah, Victoria F Bachman, Alaa Badawi, Maria C Bahit, Kalpana Balakrishnan, Amitava Banerjee, Suzanne Barker‐Collo, Sı́món Barquera, Lars Barregård, Lope H. Barrero, Arindam Basu, Sanjay Basu, Mohammed Basulaiman, Justin Beardsley, Neeraj Bedi, Ettore Beghi, Tolesa Bekele, Michelle L. Bell, Corina Benjet, Derrick Bennett, Isabela M. Benseñor, Habib Benzian, Eduardo Bernabé, Amelia Bertozzi-Villa, Tariku J. Beyene, Neeraj Bhala, Ashish Bhalla, Zulfiqar A Bhutta, Kelly Bienhoff, Boris Bikbov, Stan Biryukov, Jed D Blore, Christopher D. Blosser, Fiona Blyth, Megan A Bohensky, Ian Bolliger, Berrak Bora Başara, Natan M. Bornstein, Dipan Bose, Soufiane Boufous, Rupert Bourne, Lindsay N. Boyers, Michael Brainin, Carol Brayne, Alexandra Bražinová, Nicholas J. K. Breitborde, Hermann Brenner, Adam Briggs, Peter Brooks, Jonathan C. Brown, Traolach Brugha, Rachelle Buchbinder, Geoffrey Buckle",1990,https://doi.org/10.1016/s0140-6736(15)61340-x,Resumo não disponível.,en
https://openalex.org/W2021995161,Wearable Electronics and Smart Textiles: A Critical Review,2014,"Matteo Stoppa, Alessandro Chiolerio",1965,https://doi.org/10.3390/s140711957,"Electronic Textiles (e-textiles) are fabrics that feature electronics and interconnections woven into them, presenting physical flexibility and typical size that cannot be achieved with other existing electronic manufacturing techniques. Components and interconnections are intrinsic to the fabric and thus are less visible and not susceptible of becoming tangled or snagged by surrounding objects. E-textiles can also more easily adapt to fast changes in the computational and sensing requirements of any specific application, this one representing a useful feature for power management and context awareness. The vision behind wearable computing foresees future electronic systems to be an integral part of our everyday outfits. Such electronic devices have to meet special requirements concerning wearability. Wearable systems will be characterized by their ability to automatically recognize the activity and the behavioral status of their own user as well as of the situation around her/him, and to use this information to adjust the systems' configuration and functionality. This review focuses on recent advances in the field of Smart Textiles and pays particular attention to the materials and their manufacturing process. Each technique shows advantages and disadvantages and our aim is to highlight a possible trade-off between flexibility, ergonomics, low power consumption, integration and eventually autonomy.",en
https://openalex.org/W4200584507,"Cancer Incidence, Mortality, Years of Life Lost, Years Lived With Disability, and Disability-Adjusted Life Years for 29 Cancer Groups From 2010 to 2019",2021,"Jonathan Kocarnik, Kelly Compton, Frances Dean, Weijia Fu, Brian Gaw, James Harvey, Hannah Henrikson, Dan Lu, Alyssa Pennini, Rixing Xu, Emad Ababneh, Mohsen Abbasi‐Kangevari, Hedayat Abbastabar, Sherief Abd‐Elsalam, Amir Abdoli, Aidin Abedi, Hassan Abidi, Hassan Abolhassani, Isaac Akinkunmi Adedeji, Qorinah Estiningtyas Sakilah Adnani, Shailesh M Advani, Muhammad U. Afzal, Mohammad Aghaali, Bright Opoku Ahinkorah, Sajjad Ahmad, Tauseef Ahmad, Ali Ahmadi, Sepideh Ahmadi, Tarik A. Rashid, Yusra Ahmed Salih, Gizachew Taddesse Akalu, Addis Aklilu, Tayyaba Akram, Chisom Joyqueenet Akunna, Hanadi Al Hamad, Fares Alahdab, Ziyad Al‐Aly, Saqib Ali, Yousef Alimohamadi, Vahid Alipour, Syed Mohamed Aljunid, Motasem Alkhayyat, Amir Almasi‐Hashiani, Nihad A. Almasri, Sadeq Ali Al‐Maweri, Sami Almustanyir, Nivaldo Alonso, Nelson Alvis‐Guzmán, Hubert Amu, Etsay Woldu Anbesu, Robert Ancuceanu, Fereshteh Ansari, Alireza Ansari‐Moghaddam, Maxwell Hubert Antwi, Davood Anvari, Anayochukwu Edward Anyasodor, Muhammad Aqeel, Jalal Arabloo, Morteza Arab‐Zozani, Olatunde Aremu, Hany Ariffin, Timur Aripov, Muhammad Arshad, Al Artaman, Judie Arulappan, Zatollah Asemi, Mohammad Asghari Jafarabadi, Tahira Ashraf, Prince Atorkey, Avinash Aujayeb, Marcel Ausloos, Atalel Fentahun Awedew, Beatriz Paulina Ayala Quintanilla, Temesgen Ayenew, Mohammed A. Azab, Sina Azadnajafabad, Amirhossein Azari Jafari, Ghasem Azarian, Ahmed Y. Azzam, Ashish Badiye, Saeed Bahadory, Atif Amin Baig, Jennifer L. Baker, Senthilkumar Balakrishnan, Maciej Banach, Till Bärnighausen, Francesco Barone‐Adesi, Fabio Barra, Amadou Barrow, Masoud Behzadifar, Uzma Belgaumi, Woldesellassie Bezabhe, Yihienew Mequanint Bezabih, Devidas S. Bhagat, Akshaya Srikanth Bhagavathula, Nikha Bhardwaj, Pankaj Bhardwaj, Sonu Bhaskar, Krittika Bhattacharyya, Vijayalakshmi S Bhojaraja",1921,https://doi.org/10.1001/jamaoncol.2021.6987,"The results of this systematic analysis suggest that the global burden of cancer is substantial and growing, with burden differing by SDI. These results provide comprehensive and comparable estimates that can potentially inform efforts toward equitable cancer control around the world.",en
https://openalex.org/W2903325146,"Global, regional, and national burden of traumatic brain injury and spinal cord injury, 1990–2016: a systematic analysis for the Global Burden of Disease Study 2016",2018,"Spencer L James, Alice Theadom, Richard G. Ellenbogen, Marlena S. Bannick, Wcliff Montjoy-Venning, Lydia R Lucchesi, Nooshin Abbasi, Rizwan Suliankatchi Abdulkader, Haftom Niguse Abraha, José Carmelo Adsuar, Mohsen Afarideh, Sutapa Agrawal, Alireza Ahmadi, Muktar Beshir Ahmed, Amani Nidhal Aichour, Ibtihel Aichour, Miloud Taki Eddine Aichour, Rufus Akinyemi, Nadia Akseer, Fares Alahdab, Animut Alebel, Suliman Alghnam, Beriwan Abdulqadir Ali, Ubai Alsharif, Khalid A Altirkawi, Cătălina Liliana Andrei, Mina Anjomshoa, Hossein Ansari, Mustafa Geleto Ansha, Carl Abelardo T. Antonio, Seth Christopher Yaw Appiah, Filippo Ariani, Nigus Gebremedhin Asefa, Solomon Weldegebreal Asgedom, Suleman Atique, Ashish Awasthi, Beatriz Paulina Ayala Quintanilla, Ayuk Betrand Tambe, Peter Azzopardi, Hamid Badali, Alaa Badawi, Shivanthi Balalla, Amrit Banstola, Suzanne Barker‐Collo, Till Bärnighausen, Neeraj Bedi, Masoud Behzadifar, Meysam Behzadifar, Bayu Begashaw Bekele, Abate Bekele Belachew, Yihalem Abebe Belay, Derrick Bennett, Isabela M. Benseñor, Adugnaw Berhane, Mircea Beuran, Ashish Bhalla, Soumyadeep Bhaumik, Zulfiqar A Bhutta, Belete Biadgo, Marco Biffino, Ali Bijani, Nigus Bililign, Charles Birungi, Soufiane Boufous, Alexandra Bražinová, Allen W. Brown, Mate Car, Rosario Cárdenas, Juan Jesús Carrero, Félix Carvalho, Carlos A Castañeda-Orjuela, Ferrán Catalá-López, Yazan Chaiah, Ana Paula Silva Champs, Jung‐Chen Chang, Jee-Young Jasmine Choi, Devasahayam Jesudas Christopher, Cyrus Cooper, Christopher S. Crowe, Lalit Dandona, Rakhi Dandona, Ahmad Daryani, Dragoş Virgil Daviţoiu, Meaza Girma Degefa, Gebre Teklemariam Demoz, Kebede Deribe, Shirin Djalalinia, Huyen Phuc, David Teye Doku, Thomas M Drake, Manisha Dubey, Eleonora Dubljanin, Ziad El‐Khatib, Richard Ofori‐Asenso, Sharareh Eskandarieh, Alireza Esteghamati, Sadaf Esteghamati, André Faro, Farshad Farzadfar, Mohammad Hosein Farzaei",1916,https://doi.org/10.1016/s1474-4422(18)30415-0,Resumo não disponível.,en
https://openalex.org/W2975308768,From Efficient Markets Theory to Behavioral Finance,2003,Robert J. Shiller,1715,https://doi.org/10.1257/089533003321164967,"The efficient markets theory reached the height of its dominance in academic circles around the 1970s. Faith in this theory was eroded by a succession of discoveries of anomalies, many in the 1980s, and of evidence of excess volatility of returns. Finance literature in this decade and after suggests a more nuanced view of the value of the efficient markets theory, and, starting in the 1990s, a blossoming of research on behavioral finance. Some important developments since 1990 include feedback theories, models of the interaction of smart money with ordinary investors, and evidence on obstacles to smart money.",en
https://openalex.org/W2128698837,Networking and innovation: a systematic review of the evidence,2004,"Luke Pittaway, Maxine Robertson, Kerim Münir, David Denyer, Andy Neely",1707,https://doi.org/10.1111/j.1460-8545.2004.00101.x,"Recent work on competitiveness has emphasized the importance of business networking for innovativeness. Until recently, insights into the dynamics of this relationship have been fragmented. This paper presents a systematic review of research linking the networking behaviour of firms with their innovative capacity. We find that the principal benefits of networking as identified in the literature include: risk sharing; obtaining access to new markets and technologies; speeding products to market; pooling complementary skills; safeguarding property rights when complete or contingent contracts are not possible; and acting as a key vehicle for obtaining access to external knowledge. The evidence also illustrates that those firms which do not co‐operate and which do not formally or informally exchange knowledge limit their knowledge base long term and ultimately reduce their ability to enter into exchange relationships. At an institutional level, national systems of innovation play an important role in the diffusion of innovations in terms of the way in which they shape networking activity. The paper provides evidence suggesting that network relationships with suppliers, customers and intermediaries such as professional and trade associations are important factors affecting innovation performance and productivity. Where networks fail, it is due to inter‐firm conflict, displacement, lack of scale, external disruption and lack of infrastructure. The review identifies several gaps in the literature that need to be filled. For instance, there is a need for further exploration of the relationship between networking and different forms of innovation, such as process and organisational innovation. Similarly, we need better understanding of network dynamics and network configurations, as well as the role of third parties such as professional and trade associations. Our study highlights the need for interdisciplinary research in these areas.",en
https://openalex.org/W3002179283,"The global, regional, and national burden of cirrhosis by cause in 195 countries and territories, 1990–2017: a systematic analysis for the Global Burden of Disease Study 2017",2020,"Sadaf G Sepanlou, Saeid Safiri, Catherine Bisignano, Kevin S Ikuta, Shahin Merat, Mehdi Saberifiroozi, Hossein Poustchi, Derrick Tsoi, Danny V. Colombara, Amir Abdoli, Rufus Adesoji Adedoyin, Mohsen Afarideh, Sutapa Agrawal, Sohail Ahmad, Elham Ahmadian, Ehsan Ahmadpour, Tomi Akinyemiju, Chisom Joyqueenet Akunna, Vahid Alipour, Amir Almasi‐Hashiani, Abdulaziz M. Almulhim, Rajaa Al‐Raddadi, Nelson Alvis‐Guzmán, Nahla Anber, Colin Angus, Amir Anoushiravani, Jalal Arabloo, Ephrem Mebrahtu Araya, Daniel Asmelash, Bahar Ataeinia, Zerihun Ataro, Maha Atout, Floriane Ausloos, Ashish Awasthi, Alaa Badawi, Maciej Banach, Diana Fernanda Bejarano Ramírez, Akshaya Srikanth Bhagavathula, Neeraj Bhala, Krittika Bhattacharyya, Antonio Biondi, Srinivasa Rao Bolla, Archith Boloor, Antonio Maria Borzì, Zahid A Butt, Luis LA Alberto Cámera, Ismael Campos‐Nonato, Félix Carvalho, Dinh‐Toi Chu, Sheng‐Chia Chung, Paolo Angelo Cortesi, Vera Marisa Costa, Elizabeth Robinson, Ahmad Daryani, Barbora de Courten, Gebre Teklemariam Demoz, Rupak Desai, Samath Dhamminda Dharmaratne, Shirin Djalalinia, Hoa Do, Fariba Dorostkar, Thomas M Drake, Manisha Dubey, Bruce Bartholow Duncan, Andem Effiong, Aziz Eftekhari, Aisha Elsharkawy, Arash Etemadi, Mohammad Farahmand, Farshad Farzadfar, Eduarda Fernandes, Irina Filip, Florian Fischer, Ketema Bizuwork Gebremedhin, Birhanu Geta, Syed Amir Gilani, Paramjit Gill, Reyna Alma Gutirrez, Michael Tamene Haile, Arvin Haj‐Mirzaian, Saeed Hamid, Milad Hasankhani, Amir Hasanzadeh, Maryam Hashemian, Hamid Yimam Hassen, Simon I Hay, Khezar Hayat, Behnam Heidari, Andualem Henok, Chi Linh Hoang, Mihaela Hostiuc, Sorin Hostiuc, Vivian Chia-Rong Hsieh, Ehimario Igumbor, Olayinka Stephen Ilesanmi, Seyed Sina Naghibi Irvani, Nader Jafari Balalami, Spencer L James, Panniyammakal Jeemon, Ravi Prakash Jha",1641,https://doi.org/10.1016/s2468-1253(19)30349-8,Resumo não disponível.,en
https://openalex.org/W4200005433,International Journal of Design,2021,"Antti Pirinen, Kaisa Savolainen, Sampsa Hyysalo, Tuuli Mattelmki, S Arnstein, S Bailey, J Bailey, P Lloyd, C Bason, C Bason, A Schneider, E Berglund, T Bjrklund, P Hannukainen, T Manninen, E Blomkamp, A Botero, S Hyysalo, C Kohtala, J Whalen, R Buchanan, R Buchanan, R Clarke, J Briggs, A Armstrong, A Macdonald, J Vines, E Flynn, K Salt, P Dalsgaard, A Deserti, F Rizzo, A Dumas, H Mintzberg, D Dunne, R Martin, M Ferreira, A Botero, F Fischer, Foucault, K Hakio, T Mattelmki, K Hakio, T Mattelmki, P Hannukainen, M Kiirikki, T Manninen, L Skkinen, S Holmlid, Malmberg, J Hyvrinen, J. -J Lee, T Mattelmki, V Hyysalo, S Hyysalo, S Hyysalo, V Hyysalo, L Hakkarainen, S Hyysalo, K Savolainen, A Pirinen, T Mattelmki, T Jensen, M Petersen, G Julier, G Julier, M Leerberg, S Junginger, S Junginger, S Junginger, S Junginger, D Sangiorgi, S Junginger, D Sangiorgi, L Kimbell, J Bailey, C Kohtala, S Hyysalo, J Whalen, T Komatsu, M Salgado, A Deserti, F Rizzo, M Mcgann, E Blomkamp, J Lewis, M Mcgann, T Wells, E Blomkamp, I Mergel, A Meyer, S Park-Lee, O Person, B Pfaffenberger, A Pirinen, N Rantisi, D Leslie, N Rebolledo, -N Sanders, P Stappers",1614,https://doi.org/10.34010/injudes,"Artificial intelligence is one of the methods in elaborating design, especially on architectural design.This method has been adapted to many designs, such as building complex, massing models.This study aims to determine the influence of artificial intelligence in forming complex conceptual designs in architecture.We used a case study method by examining documents or journals related to research to conduct this research.The results show that more than 50% of artificial intelligence helps architects make conceptual designs.This is due to artificial intelligence's ability to analyze data and turn it into a draft plan.Then, it will be analyzed by the architect will so that they can make the final plan.However, there is still a bad influence that allows an architect to be replaced by automation.Therefore, that means artificial intelligence must be used with great responsibility.",en
https://openalex.org/W3169262929,"Spatial, temporal, and demographic patterns in prevalence of smoking tobacco use and attributable disease burden in 204 countries and territories, 1990–2019: a systematic analysis from the Global Burden of Disease Study 2019",2021,"Marissa B Reitsma, Parkes Kendrick, Emad Ababneh, Cristiana Abbafati, Mohsen Abbasi‐Kangevari, Amir Abdoli, Aidin Abedi, E S Abhilash, Derrick Bary Abila, Victor Aboyans, Niveen ME Abu-Rmeileh, Oladimeji Adebayo, Shailesh M Advani, Mohammad Aghaali, Bright Opoku Ahinkorah, Sohail Ahmad, Keivan Ahmadi, Haroon Ahmed, Budi Aji, Chisom Joyqueenet Akunna, Ziyad Al‐Aly, Turki M Alanzi, Khalid F. AlHabib, Liaqat Ali, Sheikh Mohammad Alif, Vahid Alipour, Syed Mohamed Aljunid, François Alla, Peter Allebeck, Nelson Alvis‐Guzmán, Tarek Tawfik Amin, GK Mini, Hubert Amu, Gianna Gayle Herrera Amul, Robert Ancuceanu, Jason A Anderson, Alireza Ansari‐Moghaddam, Carl Abelardo T Antonio, Benny Antony, Davood Anvari, Jalal Arabloo, Nicholas Arian, Monika Arora, Malke Asaad, Marcel Ausloos, Asma Awan, Getinet Ayano, Getie Lake Aynalem, Samad Azari, B B Darshan, Ashish Badiye, Atif Amin Baig, Mohammad Hossein Bakhshaei, Maciej Banach, Palash Chandra Banik, Suzanne Barker‐Collo, Till Bärnighausen, Hiba Jawdat Barqawi, Sanjay Basu, Mohsen Bayati, Shahrzad Bazargan‐Hejazi, Masoud Behzadifar, Tariku Tesfaye Bekuma, Derrick Bennett, Isabela M. Benseñor, Kathleen S. Berfield, Akshaya Srikanth Bhagavathula, Nikha Bhardwaj, Pankaj Bhardwaj, Krittika Bhattacharyya, Sadia Bibi, Ali Bijani, Bagas Suryo Bintoro, Antonio Biondi, Setognal Birara Aychiluhm, Dejana Braithwaite, Hermann Brenner, André R. Brunoni, Katrin Burkart, Zahid A Butt, Florentino Luciano Caetano dos Santos, Luis Alberto Cámera, Josip Car, Rosario Cárdenas, Giulia Carreras, Juan Jesús Carrero, João Maurício Castaldelli-Maia, Maria Sofia Cattaruzza, Jung‐Chen Chang, Simiao Chen, Dinh‐Toi Chu, Sheng‐Chia Chung, Massimo Círillo, Vera Marisa Costa, Rosa A S Couto, Omid Dadras, Xiaochen Dai, Albertino Antonio Moura Damasceno, Giovanni Damiani, Lalit Dandona",1583,https://doi.org/10.1016/s0140-6736(21)01169-7,Bloomberg Philanthropies and the Bill & Melinda Gates Foundation.,en
https://openalex.org/W2018105531,Crops that feed the world 6. Past successes and future challenges to the role played by maize in global food security,2011,"Bekele Shiferaw, B. M. Prasanna, Jon Hellin, Marianne Bänziger",1527,https://doi.org/10.1007/s12571-011-0140-5,"Maize is one of the most important food crops in the world and, together with rice and wheat, provides at least 30% of the food calories to more than 4.5 billion people in 94 developing countries. In parts of Africa and Mesoamerica, maize alone contributes over 20% of food calories. Maize is also a key ingredient in animal feed and is used extensively in industrial products, including the production of biofuels. Increasing demand and production shortfalls in global maize supplies have worsened market volatility and contributed to surging global maize prices. Climatic variability and change, and the consequent rise in abiotic and biotic stresses, further confound the problem. Unless concerted and vigorous measures are taken to address these challenges and accelerate yield growth, the outcome will be hunger and food insecurity for millions of poor consumers. We review the research challenges of ensuring global food security in maize, particularly in the context of climate change. The paper summarizes the importance of maize for food, nutrition and livelihood security and details the historical productivity of maize, consumption patterns and future trends. We show how crop breeding to overcome biotic and abiotic stresses will play a key role in meeting future maize demand. Attention needs to be directed at the generation of high yielding, stress-tolerant and widely-adapted maize varieties through judicious combination of conventional and molecular breeding approaches. The use of improved germplasm per se will not, however, be enough to raise yields and enhance adaptation to climate change, and will need to be complemented by improved crop and agronomic practices. Faced with emasculated state extension provision and imperfect markets, new extension approaches and institutional innovations are required that enhance farmers’ access to information, seeds, other inputs, finance and output markets. Over the long-term, large public and private sector investment and sustained political commitment and policy support for technology generation and delivery are needed to overcome hunger, raise the incomes of smallholder farmers and meet the challenges of growing demand for maize at the global level.",en
https://openalex.org/W3124879925,Industrial Policy for the Twenty-First Century,2004,Dani Rodrik,1505,https://doi.org/10.2139/ssrn.617544,Resumo não disponível.,en
https://openalex.org/W2155419203,Big Data: New Tricks for Econometrics,2014,Hal R. Varian,1489,https://doi.org/10.1257/jep.28.2.3,"Computers are now involved in many economic transactions and can capture data associated with these transactions, which can then be manipulated and analyzed. Conventional statistical and econometric techniques such as regression often work well, but there are issues unique to big datasets that may require different tools. First, the sheer size of the data involved may require more powerful data manipulation tools. Second, we may have more potential predictors than appropriate for estimation, so we need to do some kind of variable selection. Third, large datasets may allow for more flexible relationships than simple linear models. Machine learning techniques such as decision trees, support vector machines, neural nets, deep learning, and so on may allow for more effective ways to model complex relationships. In this essay, I will describe a few of these tools for manipulating and analyzing big data. I believe that these methods have a lot to offer and should be more widely known and used by economists.",en
https://openalex.org/W2053174125,Federalism as a Commitment to Preserving Market Incentives,1997,"Yingyi Qian, Barry R. Weingast",1469,https://doi.org/10.1257/jep.11.4.83,"The authors advance a new perspective in the study of federalism. Their approach views federalism as a governance solution of the state to credibly preserving market incentives. Market incentives are preserved if the state is credibly prevented from compromising on future economic success and from bailing out future failures. The salient features of federalism--decentralization of information and authority and interjurisdictional competition--help provide credible commitment or these purposes. In addition, the authors suggest that some federalism are self-sustaining.",en
https://openalex.org/W2164505476,Why Do Management Practices Differ across Firms and Countries?,2010,"Nicholas Bloom, John Van Reenen",1451,https://doi.org/10.1257/jep.24.1.203,"Economists have long puzzled over the astounding differences in productivity between firms and countries. In this paper, we present evidence on a possible explanation for persistent differences in productivity at the firm and the national level—namely, that such differences largely reflect variations in management practices. We have, over the last decade, undertaken a large survey research program to systematically measure management practices across firms, industries, and countries. Our survey approach focuses on aspects of management like systematic performance monitoring, setting appropriate targets, and providing incentives for good performance. We explain how we measure management; identify some basic patterns in our data; then turn to the question of why management practices vary so much across firms and nations. What we find is a combination of imperfectly competitive markets, family ownership of firms, regulations restricting management practices, and informational barriers allow bad management to persist.",en
https://openalex.org/W4392791500,"Global, regional, and national burden of disorders affecting the nervous system, 1990–2021: a systematic analysis for the Global Burden of Disease Study 2021",2024,"Jaimie D Steinmetz, Katrin Seeher, Nicoline Schiess, Emma Nichols, Bochen Cao, Chiara Servili, Vanessa Cavallera, Ewerton Cousin, Hailey Hagins, Madeline E Moberg, Max L. Mehlman, Yohannes Habtegiorgis Abate, Jaffar Abbas, Madineh Abbasi, Mohammadreza Abbasian, Hedayat Abbastabar, Michael Abdelmasseh, Mohammad Abdollahı, Mozhan Abdollahi, Mohammad‐Amin Abdollahifar, Rami Abd‐Rabu, Deldar Morad Abdulah, Auwal Abdullahi, Aidin Abedi, Vida Abedi, Roberto Ariel Abeldaño Zúñiga, Hassan Abidi, Olumide Abiodun, Richard Gyan Aboagye, Hassan Abolhassani, Victor Aboyans, Woldu Aberhe, Ahmed Abualhasan, Eman Abu‐Gharbieh, Salahdein Aburuz, Lawan Hassan Adamu, Isaac Yeboah Addo, Oladimeji Adebayo, Victor Adekanmbi, Tayo Alex Adekiya, Wirawan Adikusuma, Qorinah Estiningtyas Sakilah Adnani, Saryia Adra, Tsion Afework, Aanuoluwapo Adeyimika Afolabi, Ali Afraz, Saira Afzal, Shahin Aghamiri, Antonella Agodi, Williams Agyemang‐Duah, Bright Opoku Ahinkorah, Aqeel Ahmad, Danish Ahmad, Sajjad Ahmad, Amir Mahmoud Ahmadzade, Ali Ahmed, Ayman Ahmed, Haroon Ahmed, Jivan Qasim Ahmed, Luai A. Ahmed, Muktar Beshir Ahmed, Syed Anees Ahmed, Marjan Ajami, Budi Aji, Olufemi Ajumobi, Esma’il Akade, Morteza Akbari, Hossein Akbarialiabad, Shiva Akhlaghi, Karolina Akinosoglou, Rufus Akinyemi, Maxwell Akonde, Syed Mahfuz Al Hasan, Fares Alahdab, Tareq Mohammed Ali AL-Ahdal, Rasmieh Al‐Amer, Mohammed ALBashtawy, Mohammad T AlBataineh, Khalifah A Aldawsari, Hediyeh Alemi, Sharifullah Alemi, Abdelazeem M. Algammal, Adel Al‐Gheethi, Fadwa Alhalaiqa, Robert Kaba Alhassan, Abid Ali, Endale Alemayehu Ali, Liaqat Ali, Mohammed Usman Ali, Musa Mohammed Ali, Rafat Ali, Shahid Ali, Syed Shujait Ali, Zahid Ali, Sheikh Mohammad Alif, Yousef Alimohamadi, Ahmednur Adem Aliyi, Mohamad Aljofan, Syed Mohamed Aljunid, Suvarna Alladi",1432,https://doi.org/10.1016/s1474-4422(24)00038-3,Resumo não disponível.,en
https://openalex.org/W2796615944,"The State of US Health, 1990-2016",2018,"Ali H. Mokdad, Katherine Ballestros, Michelle Echko, Scott Glenn, Helen Elizabeth Olsen, Erin C Mullany, Alex Lee, Abdur Rahman Khan, Alireza Ahmadi, Alize J Ferrari, Amir Kasaeian, Andrea Werdecker, Austin Carter, Ben Zipkin, Benn Sartorius, Berrin Serdar, Bryan L. Sykes, Chris Troeger, Christina Fitzmaurice, Colin D. Rehm, Damian Santomauro, Daniel Kim, Danny V. Colombara, David C. Schwebel, Derrick Tsoi, Dhaval Kolte, Elaine O. Nsoesie, Emma Nichols, Eyal Oren, Fiona Charlson, George Patton, Gregory A. Roth, Hung Chak Ho, Harvey Whiteford, Hmwe Hmwe Kyu, Holly E Erskine, Hsiang Huang, Ira Martopullo, Jasvinder A. Singh, Jean B. Nachega, Juan Sanabria, Kaja Abbas, Sok King Ong, Karen M. Tabb, Kristopher J Krohn, Leslie Cornaby, Louisa Degenhardt, Mark Moses, Maryam S. Farvid, Max Griswold, Michael H Criqui, Michelle L. Bell, Minh Nguyen, Mitch Wallin, Mojde Mirarefin, Mostafa Qorbani, Mustafa Z Younis, Nancy Fullman, Patrick Liu, Paul Svitil Briant, Philimon Gona, Rasmus Havmöller, Ricky Leung, Ruth W Kimokoti, Shahrzad Bazargan‐Hejazi, Simon I Hay, Simon Yadgir, Stan Biryukov, Dan J. Stein, Shazia Alam, Tahvi Frank, Talha Farid, Ted R. Miller, Theo Vos, Till Bärnighausen, Tsegaye Gebrehiwot, Yuichiro Yano, Ziyad Al‐Aly, Alem Mehari, Alexis J. Handal, Amit Kandel, Benjamin O. Anderson, Brian J. Biroscak, Dariush Mozaffarian, E. Ray Dorsey, Eric L. Ding, Eun‐Kee Park, Gregory R. Wagner, Guoqing Hu, Honglei Chen, Jacob E. Sunshine, Jagdish Khubchandani, Janet L Leasher, Janni Leung, Joshua A. Salomon, Jürgen Unützer, Leah E. Cahill, Leslie T. Cooper, Masako Horino, Michael Bräuer",1415,https://doi.org/10.1001/jama.2018.0158,"There are wide differences in the burden of disease at the state level. Specific diseases and risk factors, such as drug use disorders, high BMI, poor diet, high fasting plasma glucose level, and alcohol use disorders are increasing and warrant increased attention. These data can be used to inform national health priorities for research, clinical care, and policy.",en
https://openalex.org/W1989839776,GPCC's new land surface precipitation climatology based on quality-controlled in situ data and its role in quantifying the global water cycle,2013,"Udo Schneider, Andreas Becker, Peter Finger, Anja Meyer-Christoffer, Markus Ziese, B. Rudolf",1406,https://doi.org/10.1007/s00704-013-0860-x,"In 1989, the need for reliable gridded land surface precipitation data sets, in view of the large uncertainties in the assessment of the global energy and water cycle, has led to the establishment of the Global Precipitation Climatology Centre (GPCC) at Deutscher Wetterdienst on invitation of the WMO. The GPCC has calculated a precipitation climatology for the global land areas for the target period 1951–2000 by objective analysis of climatological normals of about 67,200 rain gauge stations from its data base. GPCC's new precipitation climatology is compared to several other station-based precipitation climatologies as well as to precipitation climatologies derived from the GPCP V2.2 data set and from ECMWF's model reanalyses ERA-40 and ERA-Interim. Finally, how GPCC's best estimate for terrestrial mean precipitation derived from the precipitation climatology of 786 mm per year (equivalent to a water transport of 117,000 km3) is fitting into the global water cycle context is discussed.",en
https://openalex.org/W2411654968,"Nature-based solutions to climate change mitigation and adaptation in urban areas: perspectives on indicators, knowledge gaps, barriers, and opportunities for action",2016,"Nadja Kabisch, Niki Frantzeskaki, Stephan Pauleit, Sandra Naumann, McKenna Davis, Martina Artmann, Dagmar Haase, Sonja Knapp, Horst Korn, Jutta Stadler, Karin Zaunberger, Aletta Bonn",1355,https://doi.org/10.5751/es-08373-210239,"Kabisch, N., N. Frantzeskaki, S. Pauleit, S. Naumann, M. Davis, M. Artmann, D. Haase, S. Knapp, H. Korn, J. Stadler, K. Zaunberger, and A. Bonn. 2016. Nature-based solutions to climate change mitigation and adaptation in urban areas: perspectives on indicators, knowledge gaps, barriers, and opportunities for action. Ecology and Society 21(2):39.http://dx.doi.org/10.5751/ES-08373-210239",en
https://openalex.org/W3131672727,"Challenges in ensuring global access to COVID-19 vaccines: production, affordability, allocation, and deployment",2021,"Olivier J. Wouters, Kenneth C. Shadlen, Maximilian Salcher‐Konrad, Andrew J. Pollard, Heidi J. Larson, Yot Teerawattananon, Mark Jit",1323,https://doi.org/10.1016/s0140-6736(21)00306-8,Resumo não disponível.,en
https://openalex.org/W3125304111,Takeovers: Their Causes and Consequences,1988,Michael C. Jensen,1320,https://doi.org/10.1257/jep.2.1.21,"Economists have accumulated considerable evidence and knowledge on the effects of the takeover market. Here, I focus on current aspects of the controversy. My assessment is that the market for corporate control is creating large benefits for shareholders and for the economy as a whole by loosening control over vast amounts of resources and enabling them to move more quickly to their highest-valued use. This is a healthy market in operation, on both the takeover side and the divestiture side, and it is playing an important role in helping the American economy adjust to major changes in competition and regulation of the past decade.",en
https://openalex.org/W3020855431,Industry 4.0 technologies assessment: A sustainability perspective,2020,"Chunguang Bai, Patrick Dallasega, Guido Orzes, Joseph Sarkis",1315,https://doi.org/10.1016/j.ijpe.2020.107776,Resumo não disponível.,en
https://openalex.org/W2147619096,The economy of qualities,2002,"Michel Callon, Cécile Méadel, Vololona Rabeharisoa",1313,https://doi.org/10.1080/03085140220123126,"El crecimiento de muchas ciudades argentinas se verifica territorialmente en un espacio denominado por varios autores como “periurbano”, los que se han dedicado a su estudio, coinciden en definirlo como una franja marginal de transición urbano-rural, que es asimilada sólo en parte por el proceso de dispersión urbana y que conserva atributos típicamente rurales. Tal espacio emerge como resultado de un proceso azaroso de crecimiento urbano, que efectúa avances irregulares entre distintos puntos de la ciudad, generando así un patrón heterogéneo de usos del suelo que en general singulariza a esta franja. El periurbano se caracteriza por situaciones de especulación, diversidad en el uso del suelo y por el desarrollo del hábitat disperso frecuentemente carente de los servicios y equipamientos necesarios. En estos espacios de transición se manifiestan tensiones y problemas socioambientales relevantes derivados de la expansión y crecimiento de las ciudades y de las formas de producción agrícola imperantes. En el periurbano existe un alto dinamismo y las rápidas transformaciones evidenciadas dan cuenta de las limitaciones que presenta su estudio como si solamente se tratase de una dicotomía entre rural y urbano. La complejidad del periurbano explica que el análisis urbano-rural de las áreas en expansión basado en el modelo tradicional de oposición campo-ciudad no alcance para comprender los procesos que se dan en ellas. Esta complejidad sugiere un proceso que debe ser administrado por diversos actores, por lo que el concepto de gobernanza es una posibilidad de abordaje. Viendo esta necesidad, el presente proyecto busca estudiar los actores presentes en el territorio, caracterizarlos y analizar las metodologías para construir procesos de gobernanza, involucrados en el proceso de administración y disputa de este territorio particular, considerando procesos democráticos de organización y participación social, que contribuirán a lograr un crecimiento armónico con el ambiente, a disminuir las desigualdades sociales y a desarrollar economías de ciudades y pueblos del Sur de Santa Fe.",en
https://openalex.org/W2173589103,Estimates of Freshwater Discharge from Continents: Latitudinal and Seasonal Variations,2002,"Aiguo Dai, Kevin E. Trenberth",1299,https://doi.org/10.1175/1525-7541(2002)003<0660:eofdfc>2.0.co;2,"Annual and monthly mean values of continental freshwater discharge into the oceans are estimated at 1 resolution using several methods. The most accurate estimate is based on streamflow data from the world's largest 921 rivers, supplemented with estimates of discharge from unmonitored areas based on the ratios of runoff and drainage area between the unmonitored and monitored regions. Simulations using a river transport model (RTM) forced by a runoff field were used to derive the river mouth outflow from the farthest downstream gauge records. Separate estimates are also made using RTM simulations forced by three different runoff fields: 1) based on observed streamflow and a water balance model, and from estimates of precipitation P minus evaporation E computed as residuals from the atmospheric moisture budget using atmospheric reanalyses from 2) the National Centers for Environmental Prediction-National Center for Atmospheric Research (NCEP-NCAR) and 3) the European Centre for Medium-Range Weather Forecasts (ECMWF). Compared with previous estimates, improvements are made in extending observed discharge downstream to the river mouth, in accounting for the unmonitored streamflow, in discharging runoff at correct locations, and in providing an annual cycle of continental discharge. The use of river mouth outflow increases the global continental discharge by 19% compared with unadjusted streamflow from the farthest downstream stations. The river-based estimate of global continental discharge presented here is 37 288 662 km 3 yr 1 , which is 7.6% of global P or 35% of terrestrial P. While this number is comparable to earlier estimates, its partitioning into individual oceans and its latitudinal distribution differ from earlier studies. The peak discharges into the Arctic, the Pacific, and global oceans occur in June, versus May for the Atlantic and August for the Indian Oceans. Snow accumulation and melt are shown to have large effects on the annual cycle of discharge into all ocean basins except for the Indian Ocean and the Mediterranean and Black Seas. The discharge and its latitudinal distribution implied by the observation-based runoff and the ECMWF reanalysis-based P-E agree well with the river-based estimates, whereas the discharge implied by the NCEP-NCAR reanalysis-based P-E has a negative bias.",en
https://openalex.org/W2162057064,Climate Clubs: Overcoming Free-riding in International Climate Policy,2015,William D. Nordhaus,1290,https://doi.org/10.1257/aer.15000001,"Notwithstanding great progress in scientific and economic understanding of climate change, it has proven difficult to forge international agreements because of free-riding, as seen in the defunct Kyoto Protocol. This study examines the club as a model for international climate policy. Based on economic theory and empirical modeling, it finds that without sanctions against non-participants there are no stable coalitions other than those with minimal abatement. By contrast, a regime with small trade penalties on non-participants, a Climate Club, can induce a large stable coalition with high levels of abatement. (JEL Q54, Q58, K32, K33)",en
https://openalex.org/W2051685750,"Agency Problems, Auditing, and the Theory of the Firm: Some Evidence",1983,"Ross L. Watts, Jerold L. Zimmerman",1289,https://doi.org/10.1086/467051,Anlisis del problema de la independencia de los auditores externos en sus relaciones particulares: aproximaciones,en
https://openalex.org/W2142353537,Does the “New Economy” Measure up to the Great Inventions of the Past?,2000,Robert J. Gordon,1224,https://doi.org/10.1257/jep.14.4.49,"During the four years 1995-99 U.S. productivity growth experienced a strong revival and achieved growth rates exceeding that of the “golden age” of 1913-72. Accordingly many observers have declared the “New Economy” to be an Industrial Revolution even more important than the Second Industrial Revolution of 1860-1900, which made the golden age of productivity growth possible. This paper dissects the recent productivity revival, subtracts out a cyclical component, and concludes that there is no revival of the productivity growth trend in the 88 percent of the private economy lying outside of the durables manufacturing sector. The paper explains this surprising finding by pointing to limitations in computers and the internet in comparison with the great inventions of the past.",en
https://openalex.org/W2897383306,Mission-oriented innovation policies: challenges and opportunities,2018,Mariana Mazzucato,1222,https://doi.org/10.1093/icc/dty034,"This article focuses on the broader lessons from mission-oriented programs for innovation policyand indeed policies aimed at investment-led growth. While much has been written about case studies on missions, this has not resulted in an alternative policy making toolkit. Missions-in the leastrequire those tools to be just as much about market cocreating and market shaping, as they are about market fixing. The article reviews the characteristics of mission-oriented programs, ooks at key features of those programs that can provide lessons, and discusses how to choose and implement mission-oriented policies, with an example.",en
https://openalex.org/W2949000601,Driving forces and barriers of Industry 4.0: Do multinational and small and medium-sized companies have equal opportunities?,2019,"Dóra Horváth, Roland Z. Szabó",1208,https://doi.org/10.1016/j.techfore.2019.05.021,Resumo não disponível.,en
https://openalex.org/W2899742633,"Global, regional, and national age-sex-specific mortality and life expectancy, 1950–2017: a systematic analysis for the Global Burden of Disease Study 2017",2018,"Daniel Dicker, Grant Nguyen, Degu Abate, Kalkidan Hassen Abate, Solomón Mequanente Abay, Cristiana Abbafati, Nooshin Abbasi, Hedayat Abbastabar, Foad Abd-Allah, Jemal Abdela, Ahmed Abdelalim, Omar Abdel‐Rahman, Alireza Abdi, Ibrahim Abdollahpour, Rizwan Suliankatchi Abdulkader, Ahmed Abdulahi Abdurahman, Haftom Temesgen Abebe, Molla Abebe, Abebe Zegeye, Teshome Abuka Abebo, Victor Aboyans, Haftom Niguse Abraha, Aklılu Abrham Roba, Laith J. Abu‐Raddad, Niveen ME Abu-Rmeileh, Manfred Accrombessi, Pawan Acharya, Oladimeji Adebayo, Isaac Akinkunmi Adedeji, Rufus Adesoji Adedoyin, Victor Adekanmbi, Olatunji Adetokunboh, Beyene Meressa Adhena, Tara Ballav Adhikari, Mina G Adib, Arsène Kouablan Adou, José Carmelo Adsuar, Mohsen Afarideh, Ashkan Afshin, Gina Agarwal, Rakesh Aggarwal, Sargis A. Aghayan, Sutapa Agrawal, Anurag Agrawal, Mehdi Ahmadi, Alireza Ahmadi, Hamid Ahmadieh, Mohamed Lemine Cheikh Brahim Ahmed, Sayem Ahmed, Muktar Beshir Ahmed, Amani Nidhal Aichour, Ibtihel Aichour, Miloud Taki Eddine Aichour, A. S. Akanda, Mohammad Esmaeil Akbari, Mohammed Akibu, Rufus Akinyemi, Tomi Akinyemiju, Nadia Akseer, Fares Alahdab, Ziyad Al‐Aly, Khurshid Alam, Animut Alebel, Alicia V Aleman, Kefyalew Addis Alene, Ayman Al‐Eyadhy, Raghib Ali, Mehran Alijanzadeh, Reza Alizadeh‐Navaei, Syed Mohamed Aljunid, Ala’a Alkerwi, François Alla, Peter Allebeck, Christine A. Allen, Jordi Alonso, Rajaa Al‐Raddadi, Ubai Alsharif, Khalid A Altirkawi, Nelson Alvis‐Guzmán, Azmeraw T. Amare, Erfan Amini, Walid Ammar, Yaw Ampem Amoako, Nahla Anber, Cătălina Liliana Andrei, Sofia Androudi, Megbaru Debalkie Animut, Mina Anjomshoa, Degefaye Zelalem Anlay, Hossein Ansari, Ansariadi Ansariadi, Mustafa Geleto Ansha, Carl Abelardo T. Antonio, Seth Christopher Yaw Appiah, Olatunde Aremu, Habtamu Abera Areri, Johan Ärnlöv, Megha Arora, Al Artaman, Kavumpurathu Raman Thankappan",1205,https://doi.org/10.1016/s0140-6736(18)31891-9,Resumo não disponível.,en
https://openalex.org/W2045962543,The Boundaries of the Firm Revisited,1998,"Bengt Holmström, John Roberts",1199,https://doi.org/10.1257/jep.12.4.73,"Both transaction cost-economics and property-rights theories offer explanations of the boundaries of the firm based on ideas of ex post bargaining and holdup. These theories are quite distinct in their empirical predictions, but neither offers a satisfactory account of a large variety of observed practices. The authors discuss a number of such examples, where the boundaries of the firm seem to be determined by factors other than the need to protect investments, and where other mechanisms than the allocation of asset ownership are used to provide investment incentives. These examples indicate the need to enrich their theory of firm boundaries.",en
https://openalex.org/W2529846601,"Global, regional, and national levels of maternal mortality, 1990–2015: a systematic analysis for the Global Burden of Disease Study 2015",2016,"Nicholas J Kassebaum, Ryan M Barber, Zulfiqar A Bhutta, Lalit Dandona, Peter W. Gething, Simon I Hay, Yohannes Kinfu, Heidi J. Larson, Xiaofeng Liang, Stephen S Lim, Alan D López, Rafael Lozano, George A. Mensah, Ali H. Mokdad, Mohsen Naghavi, Christine Pinho, Joshua A. Salomon, Caitlyn Steiner, Theo Vos, Haidong Wang, Amanuel Alemu Abajobir, Kalkidan Hassen Abate, Kaja Abbas, Foad Abd-Allah, Mahmud A Abdallat, Abdishakur Abdulle, Semaw Ferede Abera, Victor Aboyans, Ibrahim Abubakar, Niveen M. E. Abu-Rmeileh, Tom Achoki, Akindele O. Adebiyi, Isaac Akinkunmi Adedeji, Ademola Adelekan, Arsène Kouablan Adou, Kossivi Agbélénko Afanvi, Arnav Agarwal, Ali Kiadaliri, Oluremi N Ajala, Tomi Akinyemiju, Nadia Akseer, Ziyad Al‐Aly, Khurshid Alam, Noore Alam, Deena Alasfoor, Saleh Fahed Aldhahri, Robert W Aldridge, Samia Alhabib, Raghib Ali, Ala’a Alkerwi, François Alla, Rajaa Al‐Raddadi, Ubai Alsharif, Elena Álvarez Martín, Nelson Alvis‐Guzmán, Azmeraw T. Amare, Alemayehu Amberbir, A. Kofi Amegah, Walid Ammar, Stephen M. Amrock, Hjalte Holm Andersen, Gregory M. Anderson, Rose Mayerline Antoine, Carl Abelardo T. Antonio, Atsede Fantahun Aregay, Johan Ärnlöv, Megha Arora, Valentina Arsić‐Arsenijević, Al Artaman, Hamid Asayesh, Suleman Atique, Euripide Avokpaho, Ashish Awasthi, Beatriz Paulina Ayala Quintanilla, Peter Azzopardi, Umar Bacha, Alaa Badawi, Maria C Bahit, Kalpana Balakrishnan, Amitava Banerjee, Aleksandra Barać, Suzanne Barker‐Collo, Till Bärnighausen, Sanjay Basu, Tigist Assefa Bayou, Yibeltal Tebekaw Bayou, Shahrzad Bazargan‐Hejazi, Justin Beardsley, Neeraj Haidong Wang, Bedi, Tolesa Bekele, Michelle L. Bell, Derrick Bennett, Isabela M. Benseñor, Adugnaw Berhane, Eduardo Bernabé, Balem Demtsu Betsu, Addisu Shunu Beyene, Sibhatu Biadgilign, Boris Bikbov",1164,https://doi.org/10.1016/s0140-6736(16)31470-2,Resumo não disponível.,en
https://openalex.org/W2070796659,The Role of Entrepreneurship in US Job Creation and Economic Dynamism,2014,"Ryan A. Decker, John Haltiwanger, Ron S. Jarmin, Javier Miranda",1131,https://doi.org/10.1257/jep.28.3.3,"An optimal pace of business dynamics—encompassing the processes of entry, exit, expansion, and contraction—would balance the benefits of productivity and economic growth against the costs to firms and workers associated with reallocation of productive resources. It is difficult to prescribe what the optimal pace should be, but evidence accumulating from multiple datasets and methodologies suggests that the rate of business startups and the pace of employment dynamism in the US economy has fallen over recent decades and that this downward trend accelerated after 2000. A critical factor in accounting for the decline in business dynamics is a lower rate of business startups and the related decreasing role of dynamic young businesses in the economy. For example, the share of US employment accounted for by young firms has declined by almost 30 percent over the last 30 years. These trends suggest that incentives for entrepreneurs to start new firms in the United States have diminished over time. We do not identify all the factors underlying these trends in this paper but offer some clues based on the empirical patterns for specific sectors and geographic regions.",en
https://openalex.org/W2112908401,Enlarging the Varieties of Capitalism: The Emergence of Dependent Market Economies in East Central Europe,2009,"Andreas Nölke, Arjan Vliegenthart",1094,https://doi.org/10.1017/s0043887109990098,"This article enlarges the existing literature on the varieties of capitalism by identifying a third basic variety that does not resemble the liberal market economy or coordinated market economy types. The dependent market economy (DME) type, as it is named by the authors, is characterized by the importance of foreign capital for the socioeconomic setup and is located in postsocialist Central Europe. Since the collapse of state socialism in the late 1980s, the Czech Republic, Hungary, Poland, and the Slovak Republic have introduced a rather successful model of capitalism when compared with other postsocialist states. This article identifies the key elements of the DME model and discusses their interplay. DMEs have comparative advantages in the assembly and production of relatively complex and durable consumer goods. These comparative advantages are based on institutional complementarities between skilled, but cheap, labor; the transfer of technological innovations within transnational enterprises; and the provision of capital via foreign direct investment.",en
https://openalex.org/W2166523275,A socio-technical analysis of low-carbon transitions: introducing the multi-level perspective into transport studies,2012,Frank W. Geels,1080,https://doi.org/10.1016/j.jtrangeo.2012.01.021,Resumo não disponível.,en
https://openalex.org/W2293768750,Co-Production and the Co-Creation of Value in Public Services: A suitable case for treatment?,2016,"Stephen P. Osborne, Zoe Radnor, Kirsty Strokosch",1062,https://doi.org/10.1080/14719037.2015.1111927,"Co-production is currently one of cornerstones of public policy reform across the globe. Inter alia, it is articulated as a valuable route to public service reform and to the planning and delivery of effective public services, a response to the democratic deficit and a route to active citizenship and active communities, and as a means by which to lever in additional resources to public service delivery. Despite these varied roles, co-production is actually poorly formulated and has become one of a series of ‘woolly-words’ in public policy. This paper presents a conceptualization of co-production that is theoretically rooted in both public management and service management theory. It argues that this is a robust starting point for the evolution of new research and knowledge about co-production and for the development of evidence-based public policymaking and implementation.",en
https://openalex.org/W4250670702,World Development Report 1997,1997,World Bank,1041,https://doi.org/10.1596/978-0-1952-1114-6,"No AccessWorld Development Report1 Feb 2013World Development Report 1997The State in a Changing WorldAuthors/Editors: World BankWorld Bankhttps://doi.org/10.1596/978-0-1952-1114-6AboutView ChaptersPDF (22.6 MB) ToolsAdd to favoritesDownload CitationsTrack Citations ShareFacebookTwitterLinked In Abstract:This is the twentieth in the annual series assessing major development issues. The report is devoted to the role and effectiveness of the state: what it should do, how it should do it, and how it can improve in a rapidly changing world. Governments with both centrally-planned and mixed economies are shrinking their market role because of failed state interventions. This report takes an opposite stance: that state's role in the institutional environment underlying the economy, that is, its ability to enforce a rule of law to underpin transactions, is vital to making government contribute more effectively to development. It argues against reducing government to a minimalist state, explaining that development requires an effective state that plays a facilitator role in encouraging and complementing the activities of private businesses and individuals. The report presents a state reform framework strategy: First, focus the state's activities to match its capabilities; and second, look for ways to improve the state's capability by re-invigorating public institutions. Successful and unsuccessful examples of states and state reform provide illustrations. Previous bookNext book FiguresreferencesRecommendeddetailsCited byOrganized Labor in Southeast Asia, Vol.I31 January 2023Aid and Governance: Impact of Chinese Aid on the Evaluation of Government Performance in Sub-Saharan AfricaAfrica Spectrum, Vol.3313 March 2023Hybrid Security Provision in African Post-colonial Settings: The Cases of Burkina Faso and Sierra LeoneThe International Spectator, Vol.2622 February 2023Implementation of the transparency laws in CataloniaEl Profesional de la información10 January 2023Measurement and determinants of corruption across Indian statesJournal of Economic Studies, Vol.329 January 2023Vietnam and China's Civil Service Merit-based Policies: A Comparative Analysis from the Policy Transfer and Historical Institutionalism ApproachesJournal of Comparative Policy Analysis: Research and Practice, Vol.25, No.16 January 2022Revisiting Medellin's Governance Arrangement After the Dust SettledUrban Affairs Review, Vol.59, No.129 October 2021Assessing the Governance Modes of Indonesia's Forest Management Unit3 February 2023COVID-19 and state coordinated responses in South Africa's emerging developmental stateDevelopment Studies Research, Vol.9, No.11 August 2022Active stewardship in healthcare: Lessons from China's health policy reformsSocial Policy & Administration, Vol.56, No.622 June 2022Public attitude as a determinant of petty corruption in Egypt: a survey studyJournal of Humanities and Applied Social Sciences, Vol.4, No.521 October 2021Democratisation and Social Conflict in Timor-Leste: A Not So Great TransformationJournal of Contemporary Asia, Vol.2911 October 2022The limits of civil society activism in Indonesia: the case of the weakening of the KPKCritical Asian Studies, Vol.2710 October 2022The ""illusion"" of administrative sovereignty in developing countries: A historical institutionalism perspective on administrative sovereignty in GhanaAdministrative Theory & Praxis, Vol.44, No.43 November 2022Foreign aid and judicial autonomyThe Review of International Organizations, Vol.17, No.43 September 2021Economic relationships between Sub-Saharan Africa and China: An alternative theoretical and policy paradigm?Afrique contemporaine, Vol.N° 273, No.1Forest, Adivasis and the Rule of Panchayats (Extension to the Scheduled Areas) in Jharkhand: A Critical InquiryContemporary Voice of Dalit29 March 2022Understanding Local Government Coordination: An Assessment of District Coordination Committees in NepalState and Local Government Review, Vol.54, No.118 March 2022Risk Factor-Related Lifestyle Habits of Patients With Laryngopharyngeal RefluxEar, Nose & Throat Journal, Vol.3315 February 2022Ethical Dilemmas and the Changing Reality in Africa's Public Sector20 May 2022Governance: Rethinking Paradigms and Urban Research Approach for Sub-Saharan African Urbanism19 September 2022Decentralization, legitimacy, and democracy in post-Soviet Central AsiaJournal of Eurasian Studies, Vol.13, No.123 December 2021A scoping review of public hospitals autonomy in Iran: from budgetary hospitals to corporate hospitalsBMC Health Services Research, Vol.21, No.16 July 2021The Interactions between Governance Quality and Economic DevelopmentGovernance, Institutions, and Economic DevelopmentInternational Journal of Innovation and Economic Development, Vol.7, No.4Effect of mass deworming with antihelminthics for soil-transmitted helminths during pregnancyCochrane Database of Systematic Reviews, Vol.2021, No.517 May 2021Financial controls to control corruption in an African country: Insider experts within an enabling environmentFinancial Accountability & Management, Vol.37, No.213 April 2020A Study of Good Governance Innovation of Javanese Leadership in IndonesiaWSEAS TRANSACTIONS ON ENVIRONMENT AND DEVELOPMENT, Vol.1715 April 2021Definition of Concepts3 November 2020Impact of FDI and TRIPS on the Absorptive Capacity of Manufacturing Firms in India23 March 2021Colonial Island State Formation and Patterns of Democratic Development in Mauritius28 September 2021Corporate Sustainability and COVID-19 Responses in West Africa: The Potential for Sustained Linkages Between Philanthropy and CSR Practices25 June 2021The Digital World and Governance Structures20 October 2020Literature Review3 November 2020Limits of Corruption Repression and New Prevention Policies1 January 2022Is Gender-Based Violence a Social Norm? Rethinking Power in a Popular Development InterventionFeminist Review, Vol.126, No.122 October 2020Bridging the gap between biophysical and social vulnerability in rural India: a community livelihood vulnerability approachArea Development and Policy, Vol.5, No.416 April 2020ReferencesHealth system governance: welcoming the rebootBMJ Global Health, Vol.5, No.810 August 2020The Impact of Aid Dynamics on State Effectiveness and LegitimacyStudies in Comparative International Development, Vol.55, No.230 May 2020The Role of Institutions in the Renewable Energy-Growth Nexus in the MENA Region: a Panel Cointegration ApproachEnvironmental Modeling & Assessment, Vol.25, No.219 July 2019Narratives of Donor Accountability in Support to Peace Processes: The Case of the Joint Peace Fund in MyanmarJournal of Peacebuilding & Development, Vol.15, No.112 August 2019Democracy as a transitional compass: women's participation in South Africa and Kerala, IndiaGlobalizations, Vol.17, No.214 August 2019The importance of linking social capital in unequal and fragmented societies: an analysis of perceived economic well-being in Turkish rural and urban householdsThe Annals of Regional Science, Vol.7413 January 2020Reframing knowledge: A comparison of OECD and World Bank discourse on public governance reformPolicy and Society, Vol.39, No.115 May 2019Normalized Societies and the Assisted Citizen25 December 2019Introduction: The Increasing Relevance of International Organizations, Key Challenges, and Management Aspects24 April 2020Management Reforms and International Organizations24 April 2020Political Globalization in an African Perspective: Continuity and Change25 November 2020Inter-Sectoral Allocation Choices3 November 2020SOE Reforms: Grasp the Large and Let the Small Go7 April 2020Central and Local Governments: Straighten Out Power Relation4 March 2020Making Crime a Sustainable Development Issue: From 'Drugs and Thugs' to 'Peaceful and Inclusive Societies'The British Journal of Criminology, Vol.60, No.126 September 2019Theorising Political Economy in Southeast Asia4 March 2020Retrospect and Prospect: Overview of 30 Years of Education System Reform in China3 June 2020The Transformation of Government Responsibility and the Development of Educational Policies for Early Childhood Education Reform in China3 June 2020Factors of regional poverty reduction in Colombia: Do institutional conditions matter?Social Policy & Administration, Vol.53, No.715 January 2019Gondolatok a fejlesztési segélyek negatív hatásairól P. T. Bauer szellemi örökségének tükrébenKözgazdasági Szemle, Vol.66, No.10The Green Economy Research Centre – positioning geographical research in Aberdeen to address the challenges of green economy transitionsScottish Geographical Journal, Vol.135, No.3-46 December 2019Capital, conflict and convergence: a political understanding of neoliberalism and its relationship to capitalist transformationGlobalizations, Vol.16, No.623 January 2019Does Aid Promote Electoral Integrity?The Journal of Development Studies, Vol.17811 September 2019An application of the ELECTRE TRI‐C method to characterize government performance in OECD countriesInternational Transactions in Operational Research, Vol.26, No.58 February 2017THE BUDGET PROCESS AND INTER-BUDGET RELATIONS IN MODERN RUSSIAFederalism, No.222 July 2019Beyond Patrimonial Plunder: The Use and Abuse of Coconut Levies in the PhilippinesNew Political Economy, Vol.24, No.417 May 2018Developing administrative capacity: an agenda for research and practicePolicy Design and Practice, Vol.2, No.317 April 2019Two faces of the same coin? A comparative, global approach to corruption and socioeconomic developmentQuality & Quantity, Vol.53, No.428 February 2019Beyond Miracle and Malaise. Social Capability in Côte d'Ivoire and Senegal during the Development Era 1930–1980Studies in Comparative International Development, Vol.54, No.210 May 2019Restarting and Sustaining Growth and Development24 April 2019Paradigm and nexus: neoclassical economics and the growth imperative in the World Bank, 1948–2000Review of International Political Economy, Vol.26, No.116 January 2019Public Administration and Development, Vol.39, No.2Converged Approach in Regulation for Socializing Transnational Corporations9 February 2019Nanotechnology and Plant Tissue Culture1 May 2019Personality9 October 2019The Thousand Faces of Neoliberalism: From Politics to Sensibilities9 August 2018East Asia: A Region of Shared Cultural Backgrounds and Divergent Economic and Policy Contexts24 March 2019Introduction18 May 2018Dual Intergovernmental Transformation for Market Development18 May 2018Reforming Governance in Muslim-Majority States: Promoting Values or Protecting Stability?1 August 2018Nongovernmental Organizations and Civil Society in Development5 September 2018Participatory and incremental development in an African local government accounting reformFinancial Accountability & Management, Vol.34, No.32 April 2018Situating the Asian Infrastructure Investment Bank in the context of global economic governanceJournal of Chinese Economic and Business Studies, Vol.16, No.321 June 2018Factors influencing the growth of SMEs: The case of GhanaThunderbird International Business Review, Vol.60, No.417 September 2017Whither the post-Washington Consensus? International financial institutions and development policy before and after the crisisReview of International Political Economy, Vol.25, No.33 May 2018Neopatrimonialism in Afghanistan: Former Warlords, New Democratic Bureaucrats?Journal of Peacebuilding & Development, Vol.13, No.23 July 2018Eğitim, Sağlık, Ekonomi ve Bireysel Özgürlüklerin Yönetişime EtkisiYönetim ve Ekonomi: Celal Bayar Üniversitesi İktisadi ve İdari Bilimler Fakültesi Dergisi, Vol.25, No.127 April 2018Unpacking the Public Private Partnership RevivalThe Journal of Development Studies, Vol.54, No.427 March 2017Economic Reform and Corruption: Evidence from Panel DataAustralian Economic Papers, Vol.57, No.17 March 2018Are developing countries catching up?Cambridge Journal of Economics, Vol.42, No.115 June 2017Do legal prescriptions ensure public accountability? Insights and lessons from local governments in BangladeshAsia Pacific Journal of Public Administration, Vol.40, No.120 March 2018Smart Combinations of Bioactive Compounds in Fruits and Vegetables May Guide New Strategies for Personalized Prevention of Chronic DiseasesMolecular Nutrition & Food Research, Vol.62, No.119 December 2017Governance and Good Government in Latin America10 August 2018Trading Corruption North/South13 January 2018Green Infrastructure to Pursue Two Visions14 February 2018The Ethiopian Revolutionary State10 June 2018Implications for Reforming the Postcolonial State10 June 2018Serbia's Sustainable Development Strategy and Industrial Policy for the European Union and the World Trade Organization7 January 2018Introduction18 October 2017Regulation of Social System29 March 2018Decentralization and Community-Based Management in Global Perspective: Trends and Institutions26 September 2017The Strategic State and Public Governance in European Institutions31 October 2017Summarizing and Generalizing31 October 2017Non-governmental Organizations15 February 2018Dealing With Fragile States: Entry Points and Approaches for Development CooperationSSRN Electronic JournalConverged Approach in Regulation for Socialising Business CorporationsSSRN Electronic JournalWomen in the Informal Economy: Psychological Well-being and the Empowerment TrapSociological Bulletin, Vol.66, No.329 September 2017The allocation mechanism of authority and accountability in Chinese government hierarchies: A case study of the ""Earmarked Project System""The Journal of Chinese Sociology, Vol.4, No.18 March 2017What determines firms' access to credit in the absence of effective economic institutions: evidence from ChinaEconomics, Vol.11, No.123 October 2017State of government accounting in Ghana and Benin: a ""tentative"" accountJournal of Accounting in Emerging Economies, Vol.7, No.4Boon or bane for development? Turkey's central state bureaucracy and the management of public investmentEnvironment and Planning C: Politics and Space, Vol.35, No.627 September 2016Accounting, auditing and accountability research in Africa: recent governance developments and future directionsAccounting, Auditing & Accountability Journal, Vol.57 July 2017Patchwork Leviathan: How Pockets of Bureaucratic Governance Flourish within Institutionally Diverse Developing StatesAmerican Sociological Review, Vol.82, No.331 May 2017Neopatrimonialism, good governance, corruption and accounting in AfricaJournal of Accounting in Emerging Economies, Vol.7, No.2Autonomy and Performance: Decentralization Reforms in Zhejiang Province, ChinaPublic Administration and Development, Vol.37, No.228 February 2017Combating corruption in a microfinance institutionManagerial Auditing Journal, Vol.32, No.4/5CHAPTER 6: Governance and sustainable solid waste management in Ghana21 February 2017Political appointees in the Philippine bureaucracy: do increasing numbers help or harm?Philippine Political Science Journal, Vol.38, No.115 June 2017Centralisation, decentralisation and outsourcing of civil service training: Hong Kong, Singapore and United Kingdom experience in comparative perspectiveAsia Pacific Journal of Public Administration, Vol.39, No.123 February 2017The Pragmatic Critique28 February 2017In Europe We Trust20 May 2017Serbia's Sustainable Development Strategy and Industrial Policy for the European Union and the World Trade Organization13 April 2017Globalisation, the State, and Development28 July 2017Freedom of Speech in the Turbulence of the Changing World16 March 2017The UNDP, the World Bank and Human Development through the World MarketDevelopment Policy Review, Vol.35, No.18 November 2016Varieties of State-Building in Africa: Elites, Ideas and the Politics of Public Sector ReformSSRN Electronic JournalFiscal sustainability in the presence of structural breaks: Does overconfidence on resource exports hurt government's ability to finance debt? Evidence from NigeriaCogent Economics & Finance, Vol.4, No.122 April 2016The impact of wheat market liberalization on the seed industry's innovative capacity: an assessment of Brazil's experienceAgricultural and Food Economics, Vol.4, No.111 April 2016The Chinese 'Developmental State 3.0' and the resilience of authoritarianismJournal of Chinese Governance, Vol.1, No.49 November 2016The Double Pincer of Migration: Revisiting the Migration and Development Nexus through a Spatial LensColombia Internacional, No.88Uncertainty as a Factor in Investment Decisions: The Case of the Russian Federation's Regions14 October 2016Legal and Institutional Framework for Sustainable Solid Waste Management29 August 2016Did Recent Voice Reforms Improve Good Governance within the World Bank?Development and Change, Vol.47, No.36 April 2016Iraq's stunted growth: human and economic development in perspectiveContemporary Arab Affairs, Vol.9, No.231 March 2016Corruption and Anticorruption: The Case of IndiaJournal of Developing Societies, Vol.32, No.19 February 2016Sovereignty, the ?resource curse? and the limits of good governance: a political economy of oil in GhanaReview of African Political Economy, Vol.43, No.14714 August 2015The Turkish Bourgeoisie under NeoliberalismResearch and Policy on Turkey, Vol.1, No.115 December 2015Gendered Well-Being. Globalization, Women's Health and Economic Justice: Reflections Post-September 11(Un-)Abhängige Staatlichkeit? Der Mikrostaat als internationaler AkteurAid and the 'Circle of Security'11 June 2016The Powerful Myth of the International Community and the Imperative to Build States14 June 2016From Developmental Local Government to Developmental Local GovernanceDid the Cost of Living Rise Faster for the Rural Poor? Evidence from EgyptSSRN Electronic JournalA noção de governança: um novo regime de ação para o desenvolvimento sustentável e a produção das ciências sociaisIntroduction: Renewed Interest in State Weakness and FragilityFrom State Fragility to State Resilience-Way ForwardThe Impact of Fragility on Social Services: The Case of Zimbabwean State, 2000–2008The Politics of the Public Food Distribution System in Bangladesh: Regime Survival or Promoting Food Security?Journal of Asian and African Studies, Vol.50, No.616 July 2014Advancing regionalism and a social policy agenda for positive change: From rhetoric to actionGlobal Social Policy, Vol.15, No.35 November 2015Adherence to anti diabetic medication among patients with diabetes in eastern Uganda; a cross sectional studyBMC Health Services Research, Vol.15, No.119 April 2015FIRM PRODUCTIVITY AND INSTITUTIONAL QUALITY: EVIDENCE FROM ITALIAN INDUSTRYJournal of Regional Science, Vol.55, No.56 July 2015Searching for new Sources of growth. Are the Developing Countries Catching up with the Developed ones?Voprosy Ekonomiki, No.1020 October 2015Civil Service Recruitment in Comoros: A Case of Political Clientelism in a Decentralized State17 November 2015Zivilgesellschaft und Entwicklungsregime – Agenda-Setting und Regime-Building im Post-2015-ProzessZeitschrift für Außen- und Sicherheitspolitik, Vol.8, No.S21 September 2015The World Health Organization and the Globalization of Chronic Noncommunicable DiseasePopulation and Development Review, Vol.41, No.315 September 2015The Role of the State in Alleviation of in South Economic Journal, Vol.16, No.213 September Service Reform in the The Rise of New June From Community to Education and Empowerment in Rural and Vol.9, July in India: it Policy and Administration, June of of antihelminthics for soil-transmitted helminths during pregnancyCochrane Database of Systematic Reviews, June 2015The New Politics of Civil Society, and the of Development No.32 April in Lessons and Administration and Development, Vol.35, June of April for in good governance or World May the of and in the health Policy and No.19 December through Growth and Panel Analysis for Developing of Development Economics, No.127 January to and the of Development in the of Contemporary Asia, No.11 May and women's political the case of of Contemporary African Studies, No.16 May 2015The Asian Growth Myth or State Democratic Political and No.115 November of and Electronic and the Rule of in Africa: A International & Public Policy, December and the limits to governance reform in Southeast new Pacific Review, September in South & Studies, Vol.24, December Institutions a Role in The Case of Studies, November of Evidence from Decentralization Administration Review, August of in the Urban Local Governance in Journal of Public Administration, Vol.37, No.715 May growth of the Asian Economic No.127 April poverty and for February and World A Political Economy, May and Institutions in Human Vol.38, June and Public An Analysis of the Health System in Latin and November Trade Between and Civil Are We in the May of Management in Africa: Capacity Development and Civil Society, and September Asia: A August of Good & Public Policy, Vol.5, No.417 December Reform in Local on Recruitment and in the and Journal of Political Science, Vol.21, Reform in Pacific Journal of Public Administration, Vol.35, the state and and to activism in to Indian Sociology, Vol.47, September the Arab The Politics of in the Arab political economy of sectional and the African the of African Political Economy, Vol.40, to The of and World Management and the of and the The of Development, and Policy from the to the to How to and Politics from the of Business and Government State The of Global and the of Government New Studies Review, Vol.11, February July Assessment in its Developmental and July and the Changing of Political in and Planning January of the of and performance in with Journal of Research, and in Asian Journal of and Public Finance, Vol.2, June for poverty reduction in India: A case study of resource development Pacific Journal of Social and Development, AND IN Administration and Development, No.116 April to Democratic and in From the Economic Miracle to the and its and Pacific Business Review, From to Electronic of the of International Trade and the for in International Trade Electronic State Capacity for Inclusive The Politics of Public Sector ReformSSRN Electronic and of the of and the January de la corruption corruption de of and Reform in Development, Vol.40, the relationship between perceived corruption and petty corruption in developing countries: case study of Review of Sciences, December Labor April of The of the Reform of the Bank of the Economic of Vol.9, resilience and the aid Vol.43, October Management and August A Comparative of the of China's Public October and the The of Development in the of Contemporary Asia, Vol.42, Solid Waste and The World in Science and Vol.42, of Institutional Turkish Policy Review, June and public in a Lessons from good in Development Studies, June la de reform and global public reform in the 30 Review of Sciences, June and human The Vol.43, June of sustainable urban for Asian countries: The case of and the Political Economy of Sector in Comparative International Development, Vol.47, No.115 December and Society, Vol.41, No.19 February and Market in Education the Effectiveness of the Public Sector in Africa through the Quality of Public Public Sector and Development in Africa: The Case for a Developmental Public Local and Responses to Globalization in of the and in the Development Electronic the State Capacity and the Electronic February the of A September sovereignty and in Pacific December and social development in in an of of African Political Economy, Vol.38, and Governance in The Case of Journal of Public Administration, Vol.34, the Journal of International Vol.17, April Society",en
https://openalex.org/W2993005136,"The EnteroBase user's guide, with case studies on <i>Salmonella</i> transmissions, <i>Yersinia pestis</i> phylogeny, and <i>Escherichia</i> core genomic diversity",2019,"Zhemin Zhou, Nabil-Fareed Alikhan, Khaled Mohamed, Yulei Fan, Mark Achtman, Mark Achtman",1019,https://doi.org/10.1101/gr.251678.119,"EnteroBase is an integrated software environment that supports the identification of global population structures within several bacterial genera that include pathogens. Here, we provide an overview of how EnteroBase works, what it can do, and its future prospects. EnteroBase has currently assembled more than 300,000 genomes from Illumina short reads from <i>Salmonella</i>, <i>Escherichia</i>, <i>Yersinia</i>, <i>Clostridioides</i>, <i>Helicobacter</i>, <i>Vibrio</i>, and <i>Moraxella</i> and genotyped those assemblies by core genome multilocus sequence typing (cgMLST). Hierarchical clustering of cgMLST sequence types allows mapping a new bacterial strain to predefined population structures at multiple levels of resolution within a few hours after uploading its short reads. Case Study 1 illustrates this process for local transmissions of <i>Salmonella enterica</i> serovar Agama between neighboring social groups of badgers and humans. EnteroBase also supports single nucleotide polymorphism (SNP) calls from both genomic assemblies and after extraction from metagenomic sequences, as illustrated by Case Study 2 which summarizes the microevolution of <i>Yersinia pestis</i> over the last 5000 years of pandemic plague. EnteroBase can also provide a global overview of the genomic diversity within an entire genus, as illustrated by Case Study 3, which presents a novel, global overview of the population structure of all of the species, subspecies, and clades within <i>Escherichia</i>.",en
https://openalex.org/W2804207405,Measuring performance on the Healthcare Access and Quality Index for 195 countries and territories and selected subnational locations: a systematic analysis from the Global Burden of Disease Study 2016,2018,"Nancy Fullman, Jamal A Yearwood, Solomón Mequanente Abay, Cristiana Abbafati, Foad Abd-Allah, Jemal Abdela, Ahmed Abdelalim, Abebe Zegeye, Teshome Abuka Abebo, Victor Aboyans, Haftom Niguse Abraha, Daisy Maria Xavier de Abreu, Laith J. Abu‐Raddad, Akilew Awoke Adane, Rufus Adesoji Adedoyin, Olatunji Adetokunboh, Tara Ballav Adhikari, Ashkan Afshin, Gina Agarwal, Dominic Agius, Anurag Agrawal, Sutapa Agrawal, Ali Kiadaliri, Miloud Taki Eddine Aichour, Miloud Taki Eddine Aichour, Rufus Akinyemi, Rufus Akinyemi, Nadia Akseer, Faris Lami, Fares Alahdab, Ziyad Al‐Aly, Khurshid Alam, Shazia Alam, Deena Alasfoor, Mohammed I Albittar, Mohammed I Albittar, Ayman Al‐Eyadhy, Syed Danish Ali, Mehran Alijanzadeh, Syed Mohamed Aljunid, François Alla, François Alla, Hanne Christensen, Barbora de Courten, Rasmus Havmoeller, Mahmoud A. Alomari, K.M. Venkat Narayan, Thomas Truelsen, Richard Ofori‐Asenso, Nelson Alvis-Guzman, Azmeraw T Amare, Kebede Amenu, Walid Ammar, Yaw Ampem Amoako, Nahla Anber, Catalina Liliana Andrei, Sofia Androudi, Carl Abelardo T Antonio, Valdelaine E M Araújo, Olatunde Aremu, Johan Ärnlöv, Al Artaman, Krishna Kumar Aryal, Hamid Asayesh, Ephrem Tsegay Asfaw, Solomon Weldegebreal Asgedom, Rana Jawad Asghar, Mengistu Mitiku Ashebir, Netsanet Abera Asseffa, Tesfay Mehari Atey, Sachin R Atre, Madhu S Atteraya, Leticia Avila-Burgos, Euripide Frinel G Arthur Avokpaho, Ashish Awasthi, Beatriz Paulina Ayala Quintanilla, Animut Alebel Ayalew, Henok Tadesse Ayele, Rakesh Ayer, Tambe Betrand Ayuk, Peter Azzopardi, Natasha Azzopardi-Muscat, Tesleem Kayode Babalola, Hamid Badali, Alaa Badawi, Maciej Banach, Amitava Banerjee, Amrit Banstola, Ryan M Barber, Miguel A Barboza, Suzanne L Barker-Collo, Till Bärnighausen, Simon Barquera, Lope H Barrero, Quique Bassat, Sanjay Basu, Bernhard T Baune, Shahrzad Bazargan-Hejazi, Neeraj Bedi, Ettore Beghi",1000,https://doi.org/10.1016/s0140-6736(18)30994-2,Resumo não disponível.,en
https://openalex.org/W1955423543,Cities in a World of Cities: The Comparative Gesture,2010,Jennifer Robinson,994,https://doi.org/10.1111/j.1468-2427.2010.00982.x,"Cities exist in a world of cities and thus routinely invite a comparative gesture in urban theorizing. However, for some decades urban studies have analytically divided the world of cities into, for example, wealthier and poorer, capitalist and socialist, or into different regional groupings of cities, with subsequently very little comparative research across these divides. Interest in drawing comparisons among different cities has escalated in an era of ‘globalization’, as economic and social activities as well as governance structures link cities together through spatially extensive flows of various kinds and intense networks of communication. Nonetheless, scholars of urban studies have been relatively reluctant to pursue the potential for international comparative research that stands at the heart of the field. Where an interest in globalization has drawn authors to explicit exercises in comparison, both the methodological resources and the prevalent intellectual and theoretical landscape have tended to limit and even undermine these initiatives. This article seeks, first, to understand why it is that in an intrinsically comparative field with an urgent contemporary need for thinking across different urban experiences, there has been relatively little comparative research, especially comparisons that stretch across the global North–South divide, or across contexts of wealthier and poorer cities. Secondly, through a review of existing strategies for comparing cities, the article considers the potential for comparative methodologies to overcome their limitations to meet growing demands for international and properly post-colonial urban studies. Finally, it proposes a new phase of comparative urban research that is experimental, but with theoretically rigorous foundations. Résumé Les villes existent dans un monde de villes et invitent donc normalement à un mouvement comparatif au sein de la recherche urbaine. Toutefois, depuis quelques décennies, les démarches analytiques des études urbaines ont scindé le monde des villes en, par exemple, riches et pauvres, capitalistes et socialistes, ou en d’autres regroupements par régions, ce qui s’est traduit par de rares comparaisons entre ces grandes divisions. L’intérêt pour les travaux comparatifs entre villes s’est accentué au fil de la ‘mondialisation’, les activités économiques et sociales ainsi que les structures de gouvernance reliant les villes par des flux de plusieurs types et de grande envergure spatiale, et par d’actifs réseaux de communication. Pourtant, les auteurs d’études urbaines se sont montrés peu enclins à approfondir le potentiel de recherches comparatives internationales qu’offre ce domaine. Lorsqu’un intérêt pour la mondialisation a poussé certains à des exercices comparatifs détaillés, tant les ressources méthodologiques que le contexte théorique et intellectuel dominant ont plutôt limité, voire anéanti, ces initiatives. Dans un premier temps, cet article cherche à comprendre pourquoi, dans un domaine comparatif par nature où un besoin urgent appelle à une réflexion associant différentes expériences urbaines, les études comparatives sont relativement rares, notamment les comparaisons qui dépassent la division entre Nord et Sud, ou entre les villes les plus riches et les plus pauvres. Ensuite, faisant le bilan des stratégies de comparaison existantes, il envisage les méthodologies comparatives qui pourraient repousser leurs limites pour répondre aux demandes croissantes en études urbaines internationales et réellement postcoloniales. Pour finir, l’article propose une nouvelle phase expérimentale d’études urbaines comparatives, également dotée de fondements rigoureux sur le plan théorique.",en
https://openalex.org/W1986730711,Composite materials science and engineering,1989,K. K. Chawla,984,https://doi.org/10.1016/0010-4361(89)90346-7,Resumo não disponível.,en
https://openalex.org/W2911226018,"Global, regional, and national burden of epilepsy, 1990–2016: a systematic analysis for the Global Burden of Disease Study 2016",2019,"Ettore Beghi, Giorgia Giussani, Emma Nichols, Foad Abd-Allah, Jemal Abdela, Ahmed Abdelalim, Haftom Niguse Abraha, Mina G Adib, Sutapa Agrawal, Fares Alahdab, Ashish Awasthi, Yohanes Ayele, Miguel A. Barboza, Abate Bekele Belachew, Belete Biadgo, Ali Bijani, Helen Bitew, Félix Carvalho, Yazan Chaiah, Ahmad Daryani, Huyen Phuc, Manisha Dubey, Aman Yesuf Endries, Sharareh Eskandarieh, André Faro, Farshad Farzadfar, Seyed‐Mohammad Fereshtehnejad, Eduarda Fernandes, Daniel Obadare Fijabi, Irina Filip, Florian Fischer, Abadi Kahsu Gebre, Afewerki Gebremeskel Tsadik, Teklu Gebrehiwo Gebremichael, Kebede Embaye Gezae, Maryam Ghasemi‐Kasman, Kidu Gidey, Meaza Girma Degefa, E. V. Gnedovskaya, Tekleberhan B Hagos, Arvin Haj‐Mirzaian, Arya Haj‐Mirzaian, Hamid Yimam Hassen, Simon I Hay, Mihajlo Jakovljević, Amir Kasaeian, Tesfaye Kassa, Yousef Khader, Fakher Rahim, Ejaz Ahmad Khan, Jagdish Khubchandani, Adnan Kısa, Kristopher J Krohn, Chanda Kulkarni, Yirga Legesse Nirayo, Mark T. Mackay, Marek Majdán, Azeem Majeed, Treh Manhertz, Man Mohan Mehndiratta, Tesfa Mekonen, Hagazi Gebre Meles, Getnet Mengistu, Shafiu Mohammed, Mohsen Naghavi, Ali H. Mokdad, Ghulam Mustafa, Seyed Sina Naghibi Irvani, Long Hoang Nguyen, Molly R Nixon, Felix Akpojene Ogbo, Andrew T Olagunju, Tinuke O Olagunju, Mayowa Owolabi, Michael Phillips, Gabriel David Pinilla-Monsalve, Mostafa Qorbani, Amir Radfar, Anwar Rafay, Vafa Rahimi‐Movaghar, Nickolas Reinig, Perminder S. Sachdev, Hosein Safari, Saeed Safari, Saeid Safiri, Mohammad Ali Sahraian, Abdallah M Samy, Shahabeddin Sarvi, Monika Sawhney, Masood Ali Shaikh, Mehdi Sharif, Gagandeep Singh, Mari Smith, Cassandra Szoeke, Rafael Tabarés‐Seisdedos, Mohamad‐Hani Temsah, Omar Temsah, Miguel Tortajada‐Girbés, Bach Xuan Tran, Amanuel Tsegay",966,https://doi.org/10.1016/s1474-4422(18)30454-x,Resumo não disponível.,en
https://openalex.org/W1987988199,Changes in Continental Freshwater Discharge from 1948 to 2004,2008,"Aiguo Dai, Taotao Qian, Kevin E. Trenberth, John D. Milliman",949,https://doi.org/10.1175/2008jcli2592.1,"Abstract A new dataset of historical monthly streamflow at the farthest downstream stations for the world’s 925 largest ocean-reaching rivers has been created for community use. Available new gauge records are added to a network of gauges that covers ∼80 × 106 km2 or ∼80% of global ocean-draining land areas and accounts for about 73% of global total runoff. For most of the large rivers, the record for 1948–2004 is fairly complete. Data gaps in the records are filled through linear regression using streamflow simulated by a land surface model [Community Land Model, version 3 (CLM3)] forced with observed precipitation and other atmospheric forcings that are significantly (and often strongly) correlated with the observed streamflow for most rivers. Compared with previous studies, the new dataset has improved homogeneity and enables more reliable assessments of decadal and long-term changes in continental freshwater discharge into the oceans. The model-simulated runoff ratio over drainage areas with and without gauge records is used to estimate the contribution from the areas not monitored by the gauges in deriving the total discharge into the global oceans. Results reveal large variations in yearly streamflow for most of the world’s large rivers and for continental discharge, but only about one-third of the top 200 rivers (including the Congo, Mississippi, Yenisey, Paraná, Ganges, Columbia, Uruguay, and Niger) show statistically significant trends during 1948–2004, with the rivers having downward trends (45) outnumbering those with upward trends (19). The interannual variations are correlated with the El Niño–Southern Oscillation (ENSO) events for discharge into the Atlantic, Pacific, Indian, and global ocean as a whole. For ocean basins other than the Arctic, and for the global ocean as a whole, the discharge data show small or downward trends, which are statistically significant for the Pacific (−9.4 km3 yr−1). Precipitation is a major driver for the discharge trends and large interannual-to-decadal variations. Comparisons with the CLM3 simulation suggest that direct human influence on annual streamflow is likely small compared with climatic forcing during 1948–2004 for most of the world’s major rivers. For the Arctic drainage areas, upward trends in streamflow are not accompanied by increasing precipitation, especially over Siberia, based on available data, although recent surface warming and associated downward trends in snow cover and soil ice content over the northern high latitudes contribute to increased runoff in these regions. The results are qualitatively consistent with climate model projections but contradict an earlier report of increasing continental runoff during the recent decades based on limited records.",en
https://openalex.org/W2054504313,"A Field Guide to Pandemic, Epidemic and Sporadic Clones of Methicillin-Resistant Staphylococcus aureus",2011,"Stefan Monecke, Geoffrey W. Coombs, Anna C. Shore, David C. Coleman, Patrick Eberechi Akpaka, Michael Borg, Henry P. H. Chow, Margaret Ip, Lutz Jatzwauk, Daniel E Jonas, Kristina Kadlec, Angela Kearns, Frédéric Laurent, Frances O’Brien, Julie Pearson, Antje Ruppelt, Štefan Schwarz, Elizabeth Scicluna, Peter Slickers, Hui-Leen Tan, Stefan Weber, Ralf Ehricht",943,https://doi.org/10.1371/journal.pone.0017936,"In recent years, methicillin-resistant Staphylococcus aureus (MRSA) have become a truly global challenge. In addition to the long-known healthcare-associated clones, novel strains have also emerged outside of the hospital settings, in the community as well as in livestock. The emergence and spread of virulent clones expressing Panton-Valentine leukocidin (PVL) is an additional cause for concern. In order to provide an overview of pandemic, epidemic and sporadic strains, more than 3,000 clinical and veterinary isolates of MRSA mainly from Germany, the United Kingdom, Ireland, France, Malta, Abu Dhabi, Hong Kong, Australia, Trinidad & Tobago as well as some reference strains from the United States have been genotyped by DNA microarray analysis. This technique allowed the assignment of the MRSA isolates to 34 distinct lineages which can be clearly defined based on non-mobile genes. The results were in accordance with data from multilocus sequence typing. More than 100 different strains were distinguished based on affiliation to these lineages, SCCmec type and the presence or absence of PVL. These strains are described here mainly with regard to clinically relevant antimicrobial resistance- and virulence-associated markers, but also in relation to epidemiology and geographic distribution. The findings of the study show a high level of biodiversity among MRSA, especially among strains harbouring SCCmec IV and V elements. The data also indicate a high rate of genetic recombination in MRSA involving SCC elements, bacteriophages or other mobile genetic elements and large-scale chromosomal replacements.",en
https://openalex.org/W4220773259,Sustainable Energy Transition for Renewable and Low Carbon Grid Electricity Generation and Supply,2022,"Moses Jeremiah Barasa Kabeyi, Oludolapo Akanni Olanrewaju",942,https://doi.org/10.3389/fenrg.2021.743114,"The greatest sustainability challenge facing humanity today is the greenhouse gas emissions and the global climate change with fossil fuels led by coal, natural gas and oil contributing 61.3% of global electricity generation in the year 2020. The cumulative effect of the Stockholm, Rio, and Johannesburg conferences identified sustainable energy development (SED) as a very important factor in the sustainable global development. This study reviews energy transition strategies and proposes a roadmap for sustainable energy transition for sustainable electricity generation and supply in line with commitments of the Paris Agreement aimed at reducing greenhouse gas emissions and limiting the rise in global average temperature to 1.5°C above the preindustrial level. The sustainable transition strategies typically consist of three major technological changes namely, energy savings on the demand side, generation efficiency at production level and fossil fuel substitution by various renewable energy sources and low carbon nuclear. For the transition remain technically and economically feasible and beneficial, policy initiatives are necessary to steer the global electricity transition towards a sustainable energy and electricity system. Large-scale renewable energy adoption should include measures to improve efficiency of existing nonrenewable sources which still have an important cost reduction and stabilization role. A resilient grid with advanced energy storage for storage and absorption of variable renewables should also be part of the transition strategies. From this study, it was noted that whereas sustainable development has social, economic, and environmental pillars, energy sustainability is best analysed by five-dimensional approach consisting of environmental, economic, social, technical, and institutional/political sustainability to determine resource sustainability. The energy transition requires new technology for maximum use of the abundant but intermittent renewable sources a sustainable mix with limited nonrenewable sources optimized to minimize cost and environmental impact but maintained quality, stability, and flexibility of an electricity supply system. Technologies needed for the transition are those that use conventional mitigation, negative emissions technologies which capture and sequester carbon emissions and finally technologies which alter the global atmospheric radiative energy budget to stabilize and reduce global average temperature. A sustainable electricity system needs facilitating technology, policy, strategies and infrastructure like smart grids, and models with an appropriate mix of both renewable and low carbon energy sources.",en
https://openalex.org/W3126285986,Getting the message right on nature‐based solutions to climate change,2021,"Nathalie Seddon, Alison Smith, Pete Smith, Isabel Key, Alexandre Chausson, Cécile Girardin, Joanna I. House, Shilpi Srivastava, Beth Turner",930,https://doi.org/10.1111/gcb.15513,"Nature-based solutions (NbS)-solutions to societal challenges that involve working with nature-have recently gained popularity as an integrated approach that can address climate change and biodiversity loss, while supporting sustainable development. Although well-designed NbS can deliver multiple benefits for people and nature, much of the recent limelight has been on tree planting for carbon sequestration. There are serious concerns that this is distracting from the need to rapidly phase out use of fossil fuels and protect existing intact ecosystems. There are also concerns that the expansion of forestry framed as a climate change mitigation solution is coming at the cost of carbon rich and biodiverse native ecosystems and local resource rights. Here, we discuss the promise and pitfalls of the NbS framing and its current political traction, and we present recommendations on how to get the message right. We urge policymakers, practitioners and researchers to consider the synergies and trade-offs associated with NbS and to follow four guiding principles to enable NbS to provide sustainable benefits to society: (1) NbS are not a substitute for the rapid phase out of fossil fuels; (2) NbS involve a wide range of ecosystems on land and in the sea, not just forests; (3) NbS are implemented with the full engagement and consent of Indigenous Peoples and local communities in a way that respects their cultural and ecological rights; and (4) NbS should be explicitly designed to provide measurable benefits for biodiversity. Only by following these guidelines will we design robust and resilient NbS that address the urgent challenges of climate change and biodiversity loss, sustaining nature and people together, now and into the future.",en
https://openalex.org/W2527674082,Greenhouse Gas Emissions from Reservoir Water Surfaces: A New Global Synthesis,2016,"Bridget R. Deemer, John A. Harrison, Siyue Li, Jake J. Beaulieu, Tonya DelSontro, Nathan Barros, José Fernandes Bezerra‐Neto, Stephen M. Powers, Marco Aurélio dos Santos, J. Arie Vonk",908,https://doi.org/10.1093/biosci/biw117,"Collectively, reservoirs created by dams are thought to be an important source of greenhouse gases (GHGs) to the atmosphere. So far, efforts to quantify, model, and manage these emissions have been limited by data availability and inconsistencies in methodological approach. Here, we synthesize reservoir CH<sub>4</sub>, CO<sub>2</sub>, and N<sub>2</sub>O emission data with three main objectives: (1) to generate a global estimate of GHG emissions from reservoirs, (2) to identify the best predictors of these emissions, and (3) to consider the effect of methodology on emission estimates. We estimate that GHG emissions from reservoir water surfaces account for 0.8 (0.5-1.2) Pg CO<sub>2</sub> equivalents per year, with the majority of this forcing due to CH<sub>4</sub>. We then discuss the potential for several alternative pathways such as dam degassing and downstream emissions to contribute significantly to overall emissions. Although prior studies have linked reservoir GHG emissions to reservoir age and latitude, we find that factors related to reservoir productivity are better predictors of emission.",en
https://openalex.org/W4293276539,"The global burden of cancer attributable to risk factors, 2010–19: a systematic analysis for the Global Burden of Disease Study 2019",2022,"Khanh Bao Tran, Justin J. Lang, Kelly Compton, Rixing Xu, Alistair Acheson, Hannah Henrikson, Jonathan Kocarnik, Louise Penberthy, Amirali Aali, Qamar Abbas, Behzad Abbasi, Mohsen Abbasi‐Kangevari, Zeinab Abbasi-Kangevari, Hedayat Abbastabar, Michael Abdelmasseh, Sherief Abd‐Elsalam, Ahmed Abdelwahab Abdelwahab, Gholamreza Abdoli, Hanan Abdulkadir Abdulkadir, Aidin Abedi, Kedir Hussein Abegaz, Hassan Abidi, Richard Gyan Aboagye, Hassan Abolhassani, Abdorrahim Absalan, Yonas Derso Abtew, Hiwa Abubaker Ali, Eman Abu‐Gharbieh, Basavaprabhu Achappa, Juan Acuña, Daniel Addison, Isaac Yeboah Addo, Oyelola A. Adegboye, Miracle Ayomikun Adesina, Mohammad Adnan, Qorinah Estiningtyas Sakilah Adnani, Shailesh M Advani, Sumia Afrin, Muhammad U. Afzal, Manik Aggarwal, Bright Opoku Ahinkorah, Araz Ramazan Ahmad, Rizwan Ahmad, Sajjad Ahmad, Sohail Ahmad, Sepideh Ahmadi, Haroon Ahmed, Luai A. Ahmed, Muktar Beshir Ahmed, Tarik A. Rashid, Wajeeha Aiman, Marjan Ajami, Gizachew Taddesse Akalu, Mostafa Akbarzadeh-Khiavi, Addis Aklilu, Maxwell Akonde, Chisom Joyqueenet Akunna, Hanadi Al Hamad, Fares Alahdab, Fahad Alanezi, Turki M Alanzi, Saleh A. Alessy, Abdelazeem M. Algammal, Mohammed Khaled Al‐Hanawi, Robert Kaba Alhassan, Beriwan Abdulqadir Ali, Liaqat Ali, Syed Shujait Ali, Yousef Alimohamadi, Vahid Alipour, Syed Mohamed Aljunid, Motasem Alkhayyat, Sadeq Ali Al‐Maweri, Sami Almustanyir, Nivaldo Alonso, Shehabaldin Alqalyoobi, Rajaa Al‐Raddadi, Rami H Hani Al-Rifai, Salman Khalifah Al-Sabah, Ala’a B. Al‐Tammemi, Haya Altawalah, Nelson Alvis‐Guzmán, Firehiwot Amare, Edward Kwabena Ameyaw, Javad Aminian-Dehkordi, Mohammad Hosein Amirzade-Iranaq, Hubert Amu, Ganiyu Adeniyi Amusa, Robert Ancuceanu, Jason A Anderson, Yaregal Animut, Amir Anoushiravani, Ali Arash Anoushirvani, Alireza Ansari‐Moghaddam, Mustafa Geleto Ansha, Benny Antony, Maxwell Hubert Antwi, KM Shivakumar, Razique Anwer, Anayochukwu Edward Anyasodor",890,https://doi.org/10.1016/s0140-6736(22)01438-6,Resumo não disponível.,en
https://openalex.org/W2059508762,"Firm Innovation in Emerging Markets: The Role of Finance, Governance, and Competition",2011,"Meghana Ayyagari, Asli Demirgüç‐Kunt, Vojislav Maksimovic",881,https://doi.org/10.1017/s0022109011000378,"Abstract We investigate the firm characteristics associated with innovation in over 19,000 firms across 47 developing economies. While existing finance literature on innovation is limited to large public firms in developed markets such as the United States, our database includes public and private firms, and small and medium-sized enterprises. We define innovation broadly to include introduction of new products and technologies, knowledge transfers, and new production processes. We find that access to external financing is associated with greater firm innovation. Further, having highly educated managers, ownership by families, individuals, or managers, and exposure to foreign competition is associated with greater firm innovation.",en
https://openalex.org/W2032841931,Mapping knowledge structure by keyword co-occurrence: a first look at journal papers in Technology Foresight,2010,"Hsin‐Ning Su, Pei-Chun Lee",881,https://doi.org/10.1007/s11192-010-0259-8,Resumo não disponível.,en
https://openalex.org/W2537132227,Global anthropogenic emissions of particulate matter including black carbon,2017,"Zbigniew Klimont, Kaarle Kupiainen, C. Heyes, Pallav Purohit, J. Cofała, Peter Rafaj, Jens Borken, Wolfgang Schöpp",871,https://doi.org/10.5194/acp-17-8681-2017,"Abstract. This paper presents a comprehensive assessment of historical (1990–2010) global anthropogenic particulate matter (PM) emissions including the consistent and harmonized calculation of mass-based size distribution (PM1, PM2. 5, PM10), as well as primary carbonaceous aerosols including black carbon (BC) and organic carbon (OC). The estimates were developed with the integrated assessment model GAINS, where source- and region-specific technology characteristics are explicitly included. This assessment includes a number of previously unaccounted or often misallocated emission sources, i.e. kerosene lamps, gas flaring, diesel generators, refuse burning; some of them were reported in the past for selected regions or in the context of a particular pollutant or sector but not included as part of a total estimate. Spatially, emissions were calculated for 172 source regions (as well as international shipping), presented for 25 global regions, and allocated to 0.5° × 0.5° longitude–latitude grids. No independent estimates of emissions from forest fires and savannah burning are provided and neither windblown dust nor unpaved roads emissions are included. We estimate that global emissions of PM have not changed significantly between 1990 and 2010, showing a strong decoupling from the global increase in energy consumption and, consequently, CO2 emissions, but there are significantly different regional trends, with a particularly strong increase in East Asia and Africa and a strong decline in Europe, North America, and the Pacific region. This in turn resulted in important changes in the spatial pattern of PM burden, e.g. European, North American, and Pacific contributions to global emissions dropped from nearly 30 % in 1990 to well below 15 % in 2010, while Asia's contribution grew from just over 50 % to nearly two-thirds of the global total in 2010. For all PM species considered, Asian sources represented over 60 % of the global anthropogenic total, and residential combustion was the most important sector, contributing about 60 % for BC and OC, 45 % for PM2. 5, and less than 40 % for PM10, where large combustion sources and industrial processes are equally important. Global anthropogenic emissions of BC were estimated at about 6.6 and 7.2 Tg in 2000 and 2010, respectively, and represent about 15 % of PM2. 5 but for some sources reach nearly 50 %, i.e. for the transport sector. Our global BC numbers are higher than previously published owing primarily to the inclusion of new sources. This PM estimate fills the gap in emission data and emission source characterization required in air quality and climate modelling studies and health impact assessments at a regional and global level, as it includes both carbonaceous and non-carbonaceous constituents of primary particulate matter emissions. The developed emission dataset has been used in several regional and global atmospheric transport and climate model simulations within the ECLIPSE (Evaluating the Climate and Air Quality Impacts of Short-Lived Pollutants) project and beyond, serves better parameterization of the global integrated assessment models with respect to representation of black carbon and organic carbon emissions, and built a basis for recently published global particulate number estimates.",en
https://openalex.org/W4392663706,"Global age-sex-specific mortality, life expectancy, and population estimates in 204 countries and territories and 811 subnational locations, 1950–2021, and the impact of the COVID-19 pandemic: a comprehensive demographic analysis for the Global Burden of Disease Study 2021",2024,"Austin E Schumacher, Hmwe Hmwe Kyu, Amirali Aali, Cristiana Abbafati, Jaffar Abbas, Rouzbeh Abbasgholizadeh, Madineh Abbasi, Mohammadreza Abbasian, Samar Abd ElHafeez, Michael Abdelmasseh, Sherief Abd‐Elsalam, Ahmed Abdel‐Wahab, Mohammad Abdollahı, Meriem Abdoun, Auwal Abdullahi, Ame Mehadi, Mesfin Abebe, Aidin Abedi, Armita Abedi, Tadesse Melaku Abegaz, Roberto Ariel Abeldaño Zúñiga, E S Abhilash, Olugbenga Olusola Abiodun, Richard Gyan Aboagye, Hassan Abolhassani, Mohamed Abouzid, Lucas Guimarães Abreu, Woldu Aberhe, Michael R.M. Abrigo, Dariush Abtahi, Samir Abu‐Rumeileh, Niveen ME Abu-Rmeileh, Salahdein Aburuz, Ahmed Abu‐Zaid, Juan Acuña, Tim Adair, Isaac Yeboah Addo, Oladimeji Adebayo, Oyelola A. Adegboye, Victor Adekanmbi, Bashir Aden, Victor Abiola Adepoju, Charles Oluwaseun Adetunji, Temitayo Esther Adeyeoluwa, Olorunsola Adeyomoye, Rishan Adha, Amin Adibi, Wirawan Adikusuma, Qorinah Estiningtyas Sakilah Adnani, Saryia Adra, Abel Afework, Aanuoluwapo Adeyimika Afolabi, Ali Afraz, Shadi Afyouni, Saira Afzal, Pradyumna Agasthi, Shahin Aghamiri, Antonella Agodi, Williams Agyemang‐Duah, Bright Opoku Ahinkorah, Aqeel Ahmad, Danish Ahmad, Firdos Ahmad, Muayyad Ahmad, Tauseef Ahmad, Keivan Ahmadi, Amir Mahmoud Ahmadzade, Mohadese Ahmadzade, Ayman Ahmed, Haroon Ahmed, Luai A. Ahmed, Muktar Beshir Ahmed, Syed Anees Ahmed, Marjan Ajami, Budi Aji, Olufemi Ajumobi, Gizachew Taddesse Akalu, Essona Matatom Akara, Karolina Akinosoglou, Sreelatha Akkala, Samuel Akyirem, Hanadi Al Hamad, Syed Mahfuz Al Hasan, Ammar Al Homsi, Mohammad Al Qadire, Moein Ala, Timothy Aladelusi, Tareq Mohammed Ali AL-Ahdal, Samer O Alalalmeh, Ziyad Al‐Aly, Khurshid Alam, Manjurul Alam, Zufishan Alam, Rasmieh Al‐Amer, Fahad Alanezi, Turki M Alanzi, Mohammed ALBashtawy, Mohammad T AlBataineh, Robert W Aldridge, Sharifullah Alemi",856,https://doi.org/10.1016/s0140-6736(24)00476-8,Resumo não disponível.,en
https://openalex.org/W2128743681,Green Human Resource Management: Policies and practices,2015,Shoeb Ahmad,832,https://doi.org/10.1080/23311975.2015.1030817,"Recently, there has been observed an increasing awareness within business communities on the significance of going green and adopting various environment management techniques. As the corporate world is going global, the business is experiencing a shift from a conventional financial structure to a modern capacity-based economy which is ready to explore green economic facets of business. Today, Green Human Resource Management (GHRM) has become a key business strategy for the significant organizations where Human Resource Departments play an active part in going green at the office. The paper largely focuses upon the various Green Human Resource Practices pursued by the organizations all over the world and, explains the simplified meaning of GHRM. The study also adds to the extant literature by discussing future direction of some GHRM functions. Finally, the paper suggests some potentially prolific HR initiatives for Green organizations.",en
https://openalex.org/W2743318307,"Global, regional, and national under-5 mortality, adult mortality, age-specific mortality, and life expectancy, 1970–2016: a systematic analysis for the Global Burden of Disease Study 2016",2017,"Haidong Wang, Amanuel Alemu Abajobir, Kalkidan Hassen Abate, Cristiana Abbafati, Kaja Abbas, Foad Abd-Allah, Semaw Ferede Abera, Haftom Niguse Abraha, Laith J. Abu‐Raddad, Niveen M. E. Abu-Rmeileh, Isaac Akinkunmi Adedeji, Rufus Adesoji Adedoyin, Ifedayo Adetifa, Olatunji Adetokunboh, Ashkan Afshin, Rakesh Aggarwal, Anurag Agrawal, Sutapa Agrawal, Ali Kiadaliri, Muktar Beshir Ahmed, Miloud Taki Eddine Aichour, Amani Nidhal Aichour, Ibthiel Aichour, Sneha Aiyar, A. S. Akanda, Tomi Akinyemiju, Nadia Akseer, Faris Lami, Samer Alabed, Fares Alahdab, Ziyad Al‐Aly, Khurshid Alam, Noore Alam, Deena Alasfoor, Robert W Aldridge, Kefyalew Addis Alene, Ayman Al‐Eyadhy, Samia Alhabib, Raghib Ali, Reza Alizadeh‐Navaei, Syed Mohamed Aljunid, Juma Alkaabi, Ala’a Alkerwi, François Alla, Shalini D. Allam, Peter Allebeck, Rajaa Al‐Raddadi, Ubai Alsharif, Khalid A Altirkawi, Nelson Alvis‐Guzmán, Azmeraw T. Amare, Emmanuel A Ameh, Erfan Amini, Walid Ammar, Yaw Ampem Amoako, Nahla Anber, Cătălina Liliana Andrei, Sofia Androudi, Hossein Ansari, Mustafa Geleto Ansha, Carl Abelardo T. Antonio, Palwasha Anwari, Johan Ärnlöv, Megha Arora, Al Artaman, Krishna Kumar Aryal, Hamid Asayesh, Solomon Weldegebreal Asgedom, Rana Jawad Asghar, Reza Assadi, Ashagre Molla Assaye, Tesfay Mehari Atey, Sachin Atre, Leticia Ávila‐Burgos, Euripide Avokpaho, Ashish Awasthi, Tesleem Kayode Babalola, Umar Bacha, Alaa Badawi, Kalpana Balakrishnan, Shivanthi Balalla, Aleksandra Barać, Ryan M Barber, Miguel A. Barboza, Suzanne Barker‐Collo, Till Bärnighausen, Sı́món Barquera, Lars Barregård, Lope H. Barrero, Bernhard T. Baune, Shahrzad Bazargan‐Hejazi, Neeraj Bedi, Ettore Beghi, Yannick Béjot, Bayu Begashaw Bekele, Michelle L. Bell, Aminu K. Bello, Derrick Bennett, James R. Bennett, Isabela M. Benseñor",825,https://doi.org/10.1016/s0140-6736(17)31833-0,Resumo não disponível.,en
https://openalex.org/W2057207144,Perspectives on Growth Theory,1994,Robert M. Solow,804,https://doi.org/10.1257/jep.8.1.45,"This essay relates recent developments in growth theory to problems and ideas that first engaged R. F. Harrod, E. Domar, and their neoclassical successors. The body of ‘new growth theory’ began by finding special ways to assume that there are constant returns to capital. It is shown that this is a very nonrobust assumption, thus not a good basis for growth theory. More promising is the attempt to create a genuinely endogenous theory of the process of innovation. This notion has always been present in the literature or just beneath the surface. Current ideas, for all their ingenuity, may be too mechanical.",en
https://openalex.org/W3023146776,How Much Does Immigration Boost Innovation?,2010,"Jennifer Hunt, Marjolaine Gauthier‐Loiselle",801,https://doi.org/10.1257/mac.2.2.31,"We measure the extent to which skilled immigrants increase innovation in the United States. The 2003 National Survey of College Graduates shows that immigrants patent at double the native rate, due to their disproportionately holding science and engineering degrees. Using a 1940–2000 state panel, we show that a 1 percentage point increase in immigrant college graduates' population share increases patents per capita by 9–18 percent. Our instrument for the change in the skilled immigrant share is based on the 1940 distribution across states of immigrants from various source regions and the subsequent national increase in skilled immigration from these regions. (JEL J24, J61, O31, O33)",en
https://openalex.org/W4246663273,"The green, blue and grey water footprint of crops and derived crop products",2011,"Mesfin M. Mekonnen, Arjen Y. Hoekstra",793,https://doi.org/10.5194/hessd-8-763-2011,"Abstract. This study quantifies the green, blue and grey water footprint of global crop production in a spatially-explicit way for the period 1996–2005. The assessment is global and improves upon earlier research by taking a high-resolution approach, estimating the water footprint of 126 crops at a 5 by 5 arc min grid. We have used a grid-based dynamic water balance model to calculate crop water use over time, with a time step of one day. The model takes into account the daily soil water balance and climatic conditions for each grid cell. In addition, the water pollution associated with the use of nitrogen fertilizer in crop production is estimated for each grid cell. The crop evapotranspiration of additional 20 minor crops is calculated with the CROPWAT model. In addition, we have calculated the water footprint of more than two hundred derived crop products, including various flours, beverages, fibres and biofuels. We have used the water footprint assessment framework as in the guideline of the water footprint network. Considering the water footprints of primary crops, we see that global average water footprint per ton of crop increases from sugar crops (roughly 200 m3 ton−1), vegetables (300 m3 ton−1), roots and tubers (400 m3 ton−1), fruits (1000 m3 ton−1), cereals} (1600 m3 ton−1), oil crops (2400 m3 ton−1) to pulses (4000 m3 ton−1). The water footprint varies, however, across different crops per crop category and per production region as well. Besides, if one considers the water footprint per kcal, the picture changes as well. When considered per ton of product, commodities with relatively large water footprints are: coffee, tea, cocoa, tobacco, spices, nuts, rubber and fibres. The analysis of water footprints of different biofuels shows that bio-ethanol has a lower water footprint (in m3 GJ−1) than biodiesel, which supports earlier analyses. The crop used matters significantly as well: the global average water footprint of bio-ethanol based on sugar beet amounts to 51 m3 GJ−1, while this is 121 m3 GJ−1 for maize. The global water footprint related to crop production in the period 1996–2005 was 7404 billion cubic meters per year (78% green, 12% blue, 10% grey). A large total water footprint was calculated for wheat (1087 Gm3 yr−1), rice (992 Gm3 yr−1) and maize (770 Gm3 yr−1). Wheat and rice have the largest blue water footprints, together accounting for 45% of the global blue water footprint. At country level, the total water footprint was largest for India (1047 Gm3 yr−1), China (967 Gm3 yr−1) and the USA (826 Gm3 yr−1). A relatively large total blue water footprint as a result of crop production is observed in the Indus River Basin (117 Gm3 yr−1) and the Ganges River Basin (108 Gm3 yr−1). The two basins together account for 25% of the blue water footprint related to global crop production. Globally, rain-fed agriculture has a water footprint of 5173 Gm3 yr−1 (91% green, 9% grey); irrigated agriculture has a water footprint of 2230 Gm3 yr−1 (48% green, 40% blue, 12% grey).",en
https://openalex.org/W3031747086,"Renewable energy for sustainable development in India: current status, future prospects, challenges, employment, and investment opportunities",2020,"Charles Rajesh Kumar. J, M. A. Majid",792,https://doi.org/10.1186/s13705-019-0232-1,Resumo não disponível.,en
https://openalex.org/W3084900093,The Third Mission of the university: A systematic literature review on potentials and constraints,2020,"Lorenzo Compagnucci, Francesca Spigarelli",776,https://doi.org/10.1016/j.techfore.2020.120284,Resumo não disponível.,en
https://openalex.org/W2782563105,"Open Innovation: Research, Practices, and Policies",2018,"Marcel Bogers, Henry Chesbrough, Carlos Moedas",770,https://doi.org/10.1177/0008125617745086,"Open innovation is now a widely used concept in academia, business, and policy making. This article describes the state of open innovation at the intersection of research, practice, and policy. It discusses some key trends (e.g., digital transformation), challenges (e.g., uncertainty), and potential solutions (e.g., EU funding programs) in the context of open innovation and innovation policy. With this background, the authors introduce select papers published in this Special Section of California Management Review that were originally presented at the second annual World Open Innovation Conference, held in Santa Clara, California, in December of 2015.",en
https://openalex.org/W2132484972,Life-Cycle Assessment and the Environmental Impact of Buildings: A Review,2009,"Mohamad Monkiz Khasreen, Phillip Frank Gower Banfill, Gillian Frances Menzies",761,https://doi.org/10.3390/su1030674,"Life-Cycle Assessment (LCA) is one of various management tools for evaluating environmental concerns. This paper reviews LCA from a buildings perspective. It highlights the need for its use within the building sector, and the importance of LCA as a decision making support tool. It discusses LCA methodologies and applications within the building sector, reviewing some of the life-cycle studies applied to buildings or building materials and component combinations within the last fifteen years in Europe and the United States. It highlights the problems of a lack of an internationally comparable and agreed data inventory and assessment methodology which hinder the application of LCA within the building industry. It identifies key areas for future research as (i) the whole process of construction, (ii) the relative weighting of different environmental impacts and (iii) applications in developing countries.",en
https://openalex.org/W2320862185,Comparison of Frameworks for Analyzing Social-ecological Systems,2013,"Claudia R. Binder, Jochen Hinkel, Pieter W. G. Bots, Claudia Pahl‐Wostl",759,https://doi.org/10.5751/es-05551-180426,"Binder, C. R., J. Hinkel, P. W. G. Bots, and C. Pahl-Wostl. 2013. Comparison of frameworks for analyzing social-ecological systems. Ecology and Society 18(4): 26. https://doi.org/10.5751/ES-05551-180426",en
https://openalex.org/W204815387,Design and control of quadrotors with application to autonomous flying,2006,Samir Bouabdallah,748,https://doi.org/10.5075/epfl-thesis-3727,"This thesis is about modelling, design and control of Miniature Flying Robots (MFR) with a focus on Vertical Take-Off and Landing (VTOL) systems and specifically, micro quadrotors. It introduces a mathematical model for simulation and control of such systems. It then describes a design methodology for a miniature rotorcraft. The methodology is subsequently applied to design an autonomous quadrotor named OS4. Based on the mathematical model, linear and nonlinear control techniques are used to design and simulate various controllers along this work. The dynamic model and the simulator evolved from a simple set of equations, valid only for hovering, to a complex mathematical model with more realistic aerodynamic coefficients and sensor and actuator models. Two platforms were developed during this thesis. The first one is a quadrotor-like test-bench with off-board data processing and power supply. It was used to safely and easily test control strategies. The second one, OS4, is a highly integrated quadrotor with on-board data processing and power supply. It has all the necessary sensors for autonomous operation. Five different controllers were developed. The first one, based on Lyapunov theory, was applied for attitude control. The second and the third controllers are based on PID and LQ techniques. These were compared for attitude control. The fourth and the fifth approaches use backstepping and sliding-mode concepts. They are applied to control attitude. Finally, backstepping is augmented with integral action and proposed as a single tool to design attitude, altitude and position controllers. This approach is validated through various flight experiments conducted on the OS4.",en
https://openalex.org/W2240034294,Beyond carbon pricing: The role of banking and monetary policy in financing the transition to a low-carbon economy,2016,Emanuele Campiglio,726,https://doi.org/10.1016/j.ecolecon.2015.03.020,"It is widely acknowledged that introducing a price on carbon represents a crucial precondition for filling the current gap in low-carbon investment. However, as this paper argues, carbon pricing in itself may not be sufficient. This is due to the existence of market failures in the process of creation and allocation of credit that may lead commercial banks the most important source of external finance for firms not to respond as expected to price signals. Under certain economic conditions, banks would shy away from lending to low-carbon activities even in the presence of a carbon price. This possibility calls for the implementation of additional policies not based on prices. In particular, the paper discusses the potential role of monetary policies and macroprudential financial regulation: modifying the incentives and constraints that banks face when deciding their lending strategy through, for instance, a differentiation of reserve requirements according to the destination of lending may fruitfully expand credit creation directed towards low-carbon sectors. This seems to be especially feasible in emerging economies, where the central banking framework usually allows for a stronger public control on credit allocation and a wider range of monetary policy instruments than the sole interest rate. (C) 2015 Elsevier B.V. All rights reserved.",en
https://openalex.org/W4229936150,World Development Indicators 2015,2015,World Bank,719,https://doi.org/10.1596/978-1-4648-0440-3,"No AccessWorld Development Indicators17 Apr 2015World Development Indicators 2015Authors/Editors: World BankWorld Bankhttps://doi.org/10.1596/978-1-4648-0440-3View ChaptersAboutPDF (20.3 MB)Other FormatsePUB ToolsAdd to favoritesDownload CitationsTrack Citations ShareFacebookTwitterLinked In Abstract: World Development Indicators 2015 World Development Indicators 2015 provides a compilation of relevant, highquality, and internationally comparable statistics about global development and the fight against poverty. It is intended to help policymakers, students, analysts, professors, program managers, and citizens find and use data related to all aspects of development, including those that help monitor progress toward the World Bank Group's two goals of ending poverty and promoting shared prosperity. Six themes are used to organize indicators—world view, people, environment, economy, states and markets, and global links. As in past editions, World Development Indicators reviews global progress toward the Millennium Development Goals (MDGs) and provides key indicators related to poverty. WDI 2015 includes: * A selection of the most popular indicators across 214 economies and 14 country groups organized into six WDI themes * Thematic and regional highlights, providing an overview of global development trends * An in-depth review of the progress made toward achieving the Millennium Development Goals * A user guide describing resources available online and on mobile apps A complementary online data analysis tool is available this year to allow readers to further investigate global, regional, and country progress on the MDGs: data.worldbank.org/mdgs. Each of the remaining sections includes an introduction; six stories highlighting specific global, regional or country trends; and a table of the most relevant and popular indicators for that theme, together with a discussion of indicator compilation methodology. WDI DataFinder Mobile App Download the WDI DataFinder Mobile App and other Data Apps at data.worldbank.org/apps. WDI DataFinder is a mobile app for browsing the current WDI database on smartphones and tablets, using iOS, Android, and Blackberry, available in four languages: English, French, Spanish, and Chinese. Use the app to: * browse data using the structure of the WDI * visually compare countries and indicators * create, edit, and save customized tables, charts, and maps * share what you create on Twitter, Facebook, and via email Previous bookNext book FiguresreferencesRecommendeddetailsCited byIncome Distribution and the Potential of Redistributive Systems in Africa: A Decomposition ApproachJournal of African Economies, Vol.31, No.42 December 2021Addressing the water-energy nexus: a focus on the barriers and potentials of harnessing wastewater treatment processes for biogas production in Sub Saharan AfricaHeliyon, Vol.23Tourism in Brazil: from politics, social inequality, corruption and violence towards the 2030 Brazilian tourism agendaTourism Review, Vol.77, No.110 May 2021What the Car Industry Can Do, Volvo Cars14 October 2022Photovoltaics Versus Fossil Fuel: Financial Feasibility Model for Expansion of Access to Electricity in Off-Grid Regions24 February 2022Wheels of Change: Motorbikes, Cars and Capitalism2 November 2022Corrupting Ecologically Unequal Exchange? India and Forest Loss in a Cross-National PerspectiveSocius: Sociological Research for a Dynamic World, Vol.816 July 2022Sub-regional disparities in the use of antenatal care service in Mauritania: findings from nationally representative demographic and health surveys (2011–2015)BMC Public Health, Vol.21, No.19 October 2021Materials for electrification of everything: Moving toward sustainabilityMRS Bulletin, Vol.46, No.129 March 2022Capturing South Africa's developmental state: State‐society relations and responses to state capturePublic Administration and Development, Vol.41, No.48 June 2021Asymmetric effects of capital flight on domestic investment in Nigeria: evidence from non-linear autoregressive distributed lag modelSN Business & Economics, Vol.1, No.1022 September 2021Biogas and bio-fertilizer production potential of abattoir waste: implication in sustainable waste management in Shashemene City, EthiopiaHeliyon, Vol.60Human capital and economic growth in South Africa: A cross-municipality panel data analysisSouth African Journal of Economic and management Sciences, Vol.24, No.119 March 2021The validity and reliability of the Indonesian version of the Summated Xerostomia InventoryGerodontology, Vol.38, No.115 September 2020Financial inclusion and human development in frontier countriesInternational Journal of Finance & Economics, Vol.26, No.15 January 2020Unlocking Climate Finance Potential for Climate Adaptation: Case of Climate Smart Agricultural Financing in Sub Saharan Africa21 May 2021The Role of Finance in Inclusive Human Development in Africa RevisitedSSRN Electronic Journal, Vol.64Socioeconomic and geographic variations in antenatal care coverage in Angola: further analysis of the 2015 demographic and health surveyBMC Public Health, Vol.20, No.115 August 2020The comparative African regional economics of globalization in financial allocation efficiency: the pre-crisis era revisitedFinancial Innovation, Vol.6, No.12 January 2020A framework for understanding institutional factors affecting the success and failure of offshoring models in IndiaInternational Journal of Production Research, Vol.58, No.1916 September 2019Public engagement for public health: participatory budgeting, targeted social programmes, and infant mortality in BrazilDevelopment in Practice, Vol.30, No.514 May 2020When do environmental NGOs work? A test of the conditional effectiveness of environmental advocacyEnvironmental Politics, Vol.4828 June 2020A new pathway to universalism? Explaining the spread of 'social' pensions in the global South, 1967–2011Journal of International Relations and Development, Vol.23, No.227 July 2018Redistributive innovation policy, inequality, and efficiencyJournal of Public Economic Theory, Vol.22, No.330 July 2019Government policy and global fertility change: a reappraisalAsian Population Studies, Vol.16, No.213 May 2020Willingness to protest over resource extraction in Latin AmericaThe Extractive Industries and Society, Vol.7, No.2Determinants of parental involvement in primary school: evidence from ChileEducational Review, Vol.72, No.228 June 2018A FRAMEWORK FOR ANALYZING THE IMPACT OF FISCAL DECENTRALIZATION ON MACROECONOMIC PERFORMANCE, GOVERNANCE AND ECONOMIC GROWTHThe Singapore Economic Review, Vol.65, No.0125 May 2018A simultaneous equation model of economic growth and shadow economy: Is there a difference between the developed and developing countries?Economic Change and Restructuring, Vol.53, No.127 September 2018Feminization, food security, and hunger eradication: A Case of Omu-Aran community in Kwara State, NigeriaIOP Conference Series: Earth and Environmental Science, Vol.44527 March 2020Unlocking Climate Finance Potential for Climate Adaptation: Case of Climate Smart Agricultural Financing in Sub Saharan Africa24 October 2020Governance and the Capital Flight Trap in AfricaSSRN Electronic JournalSocioeconomic inequalities in maternal health service utilisation: a case of antenatal care in Nigeria using a decomposition approachBMC Public Health, Vol.19, No.18 November 2019A replication of 'The long-run impact of foreign aid in 36 African countries: Insights from multivariate time series analysis' (Oxford Bulletin of Economics and Statistics, 2014)Economics, Vol.13, No.110 December 2019The heterogeneous effect of oil discoveries on democracyEconomics & Politics, Vol.31, No.31 May 2019Misleading Country Rankings Perpetuate Destructive Business PracticesJournal of Business Ethics, Vol.159, No.315 March 2018The Social Inclusion of Indigenous Peoples in Ecuador Before and During the Revolución CiudadanaDevelopment, Vol.226 September 2019Exploring transnational entrepreneurship. Immigrant entrepreneurs and foreign-born returnees in the Italian ICT sectorJournal of Small Business & Entrepreneurship, Vol.31, No.512 February 2018Development of Islamic microfinance: a sustainable poverty reduction approachJournal of Economic and Administrative Sciences, Vol.35, No.3Deep and Proximate Determinants of the World Income DistributionReview of Income and Wealth, Vol.4627 August 2019Corruption in Anglophone West Africa health systems: a systematic review of its different variants and the factors that sustain themHealth Policy and Planning, Vol.24 August 2019Revisiting the Exchange Rate Pass‐Through to Inflation in Africa's Two Largest Economies: Nigeria and South AfricaAfrican Development Review, Vol.31, No.228 August 2019Skill Sorting and Production Linkages: Evidence from IndiaThe Developing Economies, Vol.57, No.228 May 2019Impressive Gains, Looming Challenges3 June 2019Lever 1: Shaping Tiered Health Care Delivery with People-Centered Integrated Care3 June 2019Structurally Weak Rural Regions15 April 2019Airflow Obstruction and Cardio-metabolic ComorbiditiesCOPD: Journal of Chronic Obstructive Pulmonary Disease, Vol.16, No.227 May 2019Are poor provinces catching‐up the rich provinces in Indonesia?Regional Science Policy & Practice, Vol.11, No.129 January 2019Investigating Spillover Effects between Foreign Exchange Rate Volatility and Commodity Price Volatility in UgandaEconomies, Vol.7, No.123 December 2018The Business Initiative for Technical Education (BITE)Competitiveness Review, Vol.29, No.1The contribution of millennium development goals towards improvement in major development indicators, 1990–2015Applied Economics, Vol.51, No.219 July 2018Organizational and Economic Problems of Systemic Modernization of Enterprises of the Machine-Building Complex16 March 2019Mediterranean Forests, Woods and Shrublands14 December 2019Does the Diversification–Firm Performance Relationship Change Over Time? A Meta‐Analytical ReviewJournal of Management Studies, Vol.56, No.115 October 2018Microbial Quality of Drinking Water and Prevalence of Water-Related Diseases in Marigat Urban Centre, KenyaEnvironmental Health Insights, Vol.1314 March 2019Economic Development, Foreign Aid and Poverty Reduction: Paradigm in NigeriaSocioEconomic Challenges, Vol.3, No.41 January 2019Energy Consumption and Economic Growth in Small Island EconomiesMechanism of an Economic Regulation, No.21 January 2019One Bad Turn Deserves Another: How Terrorism Sustains the Addiction to Capital Flight in AfricaSSRN Electronic JournalWhen Do Populist Radical Right Parties Succeed? Salience, Stigma, and the Case of the End of Iberian 'Exceptionalism'SSRN Electronic JournalForeign Aid Complementarities and Inclusive Human Development in AfricaSSRN Electronic JournalNatural Resource Exports, Foreign Aid and TerrorismSSRN Electronic JournalTransfer Pricing and Corporate Social Responsibility: Arguments, Views and AgendaSSRN Electronic JournalIncome Levels, Governance and Inclusive Human Development in Sub-Saharan AfricaSSRN Electronic JournalFighting Terrorism in Africa When Existing Terrorism Levels MatterSSRN Electronic JournalFighting African Capital Flight: Trajectories, Dynamics and TendenciesSSRN Electronic JournalAn evaluation of health systems equity in Indonesia: study protocolInternational Journal for Equity in Health, Vol.17, No.112 September 2018Competence and Electability: Exploring the Limitations on Female Candidates in QatarJournal of Women, Politics & Policy, Vol.39, No.428 November 2018When both the state and market fail: inclusive development and social innovation in IndiaArea Development and Policy, Vol.3, No.39 July 2018Does more competition result in better port performance?Maritime Economics & Logistics, Vol.20, No.317 February 2017Leveraging supply chain collaboration in pursuing radical innovationInternational Journal of Innovation Science, Vol.10, No.39 May 2018Food Abundance and Violent Conflict in AfricaAmerican Journal of Agricultural Economics, Vol.100, No.414 February 2018Exports, immigration and human capital in US statesRegional Studies, Vol.52, No.65 October 2017Heterogeneity in the determinants of length of stay across middle age and senior age groups in thermal tourismJournal of Travel & Tourism Marketing, Vol.35, No.417 September 2017The Impact of U.S. Free Trade Agreements on Calorie Availability and Obesity: A Natural Experiment in CanadaAmerican Journal of Preventive Medicine, Vol.54, No.5Determinants of Islamic banking growth: an empirical analysisInternational Journal of Islamic and Middle Eastern Finance and Management, Vol.11, No.1Beyond binaries: constructing new development partnerships with middle-income countriesCanadian Journal of Development Studies / Revue canadienne d'études du développement, Vol.39, No.27 December 2017Agricultural technologies and carbon emissions: evidence from Jordanian economyEnvironmental Science and Pollution Research, Vol.25, No.113 February 2018Does Microfinance Reduce Poverty among the Poorest? A Macro Quantile Regression ApproachThe Developing Economies, Vol.56, No.118 February 2018Use of Internet Search Data to Monitor Rotavirus Vaccine Impact in the United States, United Kingdom, and MexicoJournal of the Pediatric Infectious Diseases Society, Vol.7, No.121 March 2017The effect of renewable energy and urbanization on CO 2 emissions: A panel dataEnergy Sources, Part B: Economics, Planning, and Policy, Vol.13, No.220 November 2017Fertilizer Recommendation for Maize, Sorghum, Millet, Cowpea, Soybean and Cotton in Nigeria4 April 2018China-Based Air Pollution and Epistemic Community Building in the Northeast Asian Region7 December 2017Does Free Public Health Care Increase Utilization and Reduce Spending? Heterogeneity and Long-Term EffectsWorld Development, Vol.101Growth and Structure of the Economy13 September 2018International Journal of Healthcare Management, Vol.11, No.4The Japanese Political EconomyReimagining the sociology of punishment through the global-south: postcolonial social control and modernization discontentsPunishment & Society, Vol.20, No.17 December 2017The Role of Openness in the Effect of ICT on GovernanceSSRN Electronic JournalHyperbolic Discounting Can Be Good for Your HealthSSRN Electronic JournalUnderstanding Sub-Saharan Africa's Extreme Poverty TragedySSRN Electronic JournalSpatial Spill-Overs From Terrorism on Tourism: Western Victims in Islamic Destination CountriesSSRN Electronic JournalHuman Development Thresholds for Inclusive Mobile Banking in Developing CountriesSSRN Electronic JournalDoing Business and Inclusive Human Development in Sub-Saharan AfricaSSRN Electronic JournalThe B2C e-Commerce Index of Thailand – A Paradox of Online PenetrationSSRN Electronic JournalCan Foreign Aid Dampen the Threat of Terrorism to International Trade? Evidence From 78 Developing CountriesSSRN Electronic JournalKyrgyzstan's Accession to the Eurasian Economic Union: Measuring Economy-Wide Impacts and UncertaintiesSSRN Electronic Journal, Vol.86Postponing Adolescent Parity in Developing Countries through Education: An Extended Cost-Effectiveness Analysis6 December 2017Natural Resource Revenues and Public Investment in Resource-rich Economies in Sub-Saharan AfricaReview of Development Economics, Vol.21, No.413 March 2017'Neighbourhood effects' on children's educational achievement in Chile: The effects of inequality and polarizationEnvironment and Planning A, Vol.49, No.1124 September 2017When Rainfall Is Destiny: The Long-Lasting Impacts of Water Shocks on Families26 October 2017Examining the Shift to Services: Malaysia and China ComparedJournal of Contemporary Asia, Vol.47, No.520 April 2017The Distributional Impact of Fiscal Policy in Georgia5 September 2017Hanoi on wheels: emerging automobility in the land of the motorbikeMobilities, Vol.12, No.57 April 2016Investigating the Dynamic Interaction between Military Spending and Economic GrowthReview of Development Economics, Vol.21, No.322 June 2016The main determinants effecting international visitor arrivals in New ZealandTourism Economics, Vol.23, No.530 June 2016Application of waqf for social and development financeISRA International Journal of Islamic Finance, Vol.9, No.1Causes and solutions for the stagnation of Islamic banking in TurkeyISRA International Journal of Islamic Finance, Vol.9, No.1Context: Progress and Opportunities for Human Development in Central America22 May 2017Recent Trends in Social Spending across the Region and Sectors, 2007–1422 May 2017Coverage and Targeting22 May 2017Effectiveness and Efficiency of Public Social Services22 May 2017Poor institutions as a comparative advantageConstitutional Political Economy, Vol.28, No.226 August 2016Fertility after natural disaster: Hurricane Mitch in NicaraguaPopulation and Environment, Vol.38, No.413 February 2017Globalization and Aid Inflows in the Economic Growth of VietnamGlobal Economy Journal, Vol.17, No.23 June 2017Accountability and Quality of Service Delivery13 June 2017Causality links among renewable energy consumption, CO2 emissions, and economic growth in Africa: evidence from a panel ARDL-PMG approachEnvironmental Science and Pollution Research, Vol.24, No.145 April 2017The impact of extreme weather events on educationJournal of Population Economics, Vol.30, No.29 December 2016Financing for universal health coverage in small island states: evidence from the Fiji IslandsBMJ Global Health, Vol.2, No.221 March 2017Multilateral Trade Liberalisation and Foreign Direct Investment InflowsEconomic Affairs, Vol.37, No.114 February 2017Global Challenges: Global HealthGlobal Challenges, Vol.1, No.121 September 2015An Analysis of Travel and Tourism Competitiveness Versus Socio-Political Conditions at the National Level: An Indonesian Case Study27 September 2016Healthy Aging31 January 2017""People of Plenty"": The American Economic Exception11 January 2017Improved postpartum care after a participatory facilitation intervention in Dar es Salaam, Tanzania: a mixed method evaluationGlobal Health Action, Vol.10, No.112 May 2017Impact of Foreign Direct Investment and Export on Urbanization: Evidence from ChinaChina & World Economy, Vol.25, No.112 January 2017The Heckscher-Ohlin Model and the Performance of Cocoa Products in NigeriaActa Universitatis Agriculturae et Silviculturae Mendelianae Brunensis, Vol.64, No.6Journal of Medical Ethics, Vol.43, No.12BMC Pregnancy and Childbirth, Vol.17, No.1Life after Default? Private Electronic Social and Health Electronic Human Development Thresholds for and Mobile Banking in Developing CountriesSSRN Electronic JournalThe of Mobile in Inclusive Electronic from the in Electronic Levels of Financial Development Electronic in Trends and Fossil Electronic JournalThe of an Air A Electronic and Electronic Central and Electronic Innovation and in Sub-Saharan AfricaSSRN Electronic Capital Flight Military from African CountriesSSRN Electronic Quality Determinants of ICT in Sub-Saharan AfricaSSRN Electronic after Private Electronic of Trade The Case of Electronic JournalThe Equity and Income Distribution An to Reduce Poverty in CountriesSSRN Electronic During Millennium Development Goals and Electronic Quality Thresholds in the of with Mobile for Inclusive Human Development in Sub-Saharan AfricaSSRN Electronic and of the Rural Economy in Electronic of the Impact of Financial Development on Income Evidence from Electronic innovation and economic growth in the Journal of Science, Innovation and Development, November international collaboration the of as as and social No.317 September Social and of A Research, Vol.29, November 2016The and Countries Economic Studies, Vol.58, November of a intervention for and violence in Vol.16, No.118 November growth the of Journal of International Trade & Economic Development, Vol.25, July development, control of corruption and of Economics, Vol.30, July Indicators with and Internet Indicators Research, No.129 September carbon of South and Research Vol.11, October on Development, and August Impact of on in a Journal of Management, Vol.2, August analysis of Journal of Science, Vol.30, January key environmental with the of in the of and Environment, Vol.3, November Impacts of the between Air Pollution and Science & May growth and to and Social No.227 April and help evidence and policy & May 2016The Impact of Agricultural on Economic Growth in NigeriaActa Universitatis Agriculturae et Silviculturae Mendelianae Brunensis, Vol.64, used in and for in with and a Vol.6, April effects on of and competition across Journal of Human Vol.28, July of for of Practice, Vol.12, Relationship the Human Development Index and the Index in April with The Effect of Electronic Model of Banking and Electronic and Investment the Electronic Investment in the Efficiency of Public Electronic Policy and Evidence from CountriesSSRN Electronic Impacts of National and Fiscal Electronic JournalThe Role of Governance in Mobile for Inclusive Human Development in Sub-Saharan AfricaSSRN Electronic JournalThe of Economic Growth and for the of Electronic JournalThe Mobile in the of for Quality in Sub-Saharan AfricaSSRN Electronic of the with the Model in AfricaSSRN Electronic Terrorism and Capital Flight: Insights from AfricaSSRN Electronic Politics and the Quality of in AfricaSSRN Electronic Mobile Banking and Inclusive Development in AfricaSSRN Electronic and Financial Development in AfricaSSRN Electronic Journal, Export and Consumption of in of Electronic Innovation and Inclusive Human Evidence from Sub-Saharan AfricaSSRN Electronic Spending and Quality of Growth in Developing A on Evidence from and Electronic and Trade Electronic JournalTransfer As an for Corporate Social Electronic JournalAn Efficiency Analysis of the in Education Electronic Exports, Foreign Aid and TerrorismSSRN Electronic JournalThe Finance Electronic in Evidence on the Income and Health Effects of and Electronic for the of in the New on Case Electronic JournalThe Price and Income of Natural International Electronic and Economic in Electronic and Economic New Evidence of the Electronic An Analysis of the Effect of Fiscal and on Electronic JournalThe Economics of the Economic Impact of Electronic JournalFighting Capital Flight in Africa: Evidence from and GovernanceSSRN Electronic in Electronic JournalThe Economics of in Developing Electronic and Inclusive Human Development in AfricaSSRN Electronic JournalThe Impact of Foreign Aid on the Economic Growth of a Electronic Direct and in Electronic food and of and Africa: is there a for Vol.7, October demographic and economic growth: for development Vol.1, November Journal of Vol.30, August and towards in A analysis of the demographic and health Public Health, No.110 September and in resource and to and Research, October and A Development Review, treatment for management in Science and Vol.72, May and determinants of in of The of and July in of current trends and of June and July OF of Indonesian Economic Studies, Vol.51, August the West Is there a Role for Electronic the Global A Electronic Pricing and Sub-Saharan Africa's Extreme Poverty TragedySSRN Electronic Evidence from Developing CountriesSSRN Electronic on CountriesSSRN Electronic Spending and Quality of Growth in Developing Evidence from and Electronic and Financial Development Dynamics in AfricaSSRN Electronic and Quality of A Electronic and China in Electronic Electronic JournalThe Business Systems of the Economies: and for of and Business Systems Electronic JournalThe Effect of on and Electronic Aid and Electronic Terrorism Capital Flight from AfricaSSRN Electronic the of and Quality of Evidence for Developing CountriesSSRN Electronic on African Electronic JournalThe of Brazilian Electronic and Financial A of the Electronic JournalThe in Electronic and Trends and Electronic from Bad to to Health, Health and the of Electronic of Political for the of in Electronic and Electronic and the Electronic is Good for Financial Electronic JournalForeign Education and in AfricaSSRN Electronic Trade and Financial Development in An Electronic for the Growth of in and The Role of and Global Electronic Finance and Investment in AfricaSSRN Electronic to Banking Over the Electronic JournalForeign Aid Fiscal and Electronic Economic with the International Financial Electronic and Sub-Saharan Africa's Extreme Poverty TragedySSRN Electronic Financial of Financing in the from the Electronic of Trade and Direct Investment and Electronic and Economic Development in Electronic of Financial in China and for Electronic India Opportunities and Electronic the of Political A of in Electronic Journal April & and Economic Growth",en
https://openalex.org/W2099965097,Urban Diversity and Economic Growth,1998,John M. Quigley,712,https://doi.org/10.1257/jep.12.2.127,"This paper considers the heterogeneity and diversity of cities as sources of economic growth. It links modern notions of economic growth to the distinguishing characteristics of cities and to the external effects on consumption and production produced by the internal diversity of urban areas. The paper reviews the role of traditional scale economies as well as the importance of diversity in economizing on shared inputs and transactions costs, and efficiencies arising from the operation of the law of large numbers in metropolitan areas. The authors also review recent empirical evidence on the importance of these elements of heterogeneity in conditioning economic growth.",en
https://openalex.org/W4290601167,Global Challenges to Public Health Care Systems during the COVID-19 Pandemic: A Review of Pandemic Measures and Problems,2022,"Roxana Filip, Roxana Gheorghiță, Liliana Anchidin-Norocel, Mihai Dimian, Wesley K. Savage",704,https://doi.org/10.3390/jpm12081295,"Beginning in December 2019, the world faced a critical new public health stressor with the emergence of SARS-CoV-2. Its spread was extraordinarily rapid, and in a matter of weeks countries across the world were affected, notably in their ability to manage health care needs. While many sectors of public structures were impacted by the pandemic, it particularly highlighted shortcomings in medical care infrastructures around the world that underscored the need to reorganize medical systems, as they were vastly unprepared and ill-equipped to manage a pandemic and simultaneously provide general and specialized medical care. This paper presents modalities in approaches to the pandemic by various countries, and the triaged reorganization of medical sections not considered first-line in the pandemic that was in many cases transformed into wards for treating COVID-19 cases. As new viruses and structural variants emerge, it is important to find solutions to streamline medical care in hospitals, which includes the expansion of digital network medicine (i.e., telemedicine and mobile health apps) for patients to continue to receive appropriate care without risking exposure to contagions. Mobile health app development continues to evolve with specialized diagnostics capabilities via external attachments that can provide rapid information sharing between patients and care providers while eliminating the need for office visits. Telemedicine, still in the early stages of adoption, especially in the developing world, can ensure access to medical information and contact with care providers, with the potential to release emergency rooms from excessive cases, and offer multidisciplinary access for patients and care providers that can also be a means to avoid contact during a pandemic. As this pandemic illustrated, an overhaul to streamline health care is essential, and a move towards greater use of mobile health and telemedicine will greatly benefit public health to control the spread of new variants and future outbreaks.",en
https://openalex.org/W2493243233,What Is the Bioeconomy? A Review of the Literature,2016,"Markus M. Bugge, Teis Hansen, Antje Klitkou",697,https://doi.org/10.3390/su8070691,"The notion of the bioeconomy has gained importance in both research and policy debates over the last decade, and is frequently argued to be a key part of the solution to multiple grand challenges. Despite this, there seems to be little consensus concerning what bioeconomy actually implies. Consequently, this paper seeks to enhance our understanding of what the notion of bioeconomy means by exploring the origins, uptake, and contents of the term “bioeconomy” in the academic literature. Firstly, we perform a bibliometric analysis that highlights that the bioeconomy research community is still rather fragmented and distributed across many different fields of science, even if natural and engineering sciences take up the most central role. Secondly, we carry out a literature review that identifies three visions of the bioeconomy. The bio-technology vision emphasises the importance of bio-technology research and application and commercialisation of bio-technology in different sectors of the economy. The bio-resource vision focuses on processing and upgrading of biological raw materials, as well as on the establishment of new value chains. Finally, the bio-ecology vision highlights sustainability and ecological processes that optimise the use of energy and nutrients, promote biodiversity, and avoid monocultures and soil degradation.",en
https://openalex.org/W2770889229,The Fourth Industrial Revolution (Industry 4.0): A Social Innovation Perspective,2017,"Rabeh Morrar, Husam Arman",670,https://doi.org/10.22215/timreview/1117,"IntroductionEvery industrial revolution brought with it benefits and challenges to the socioeconomic status of the countries that have engaged in such transformation. For instance, Great Britain led the first industrial revolution with the invention of the commercial steam engine, which revolutionized communication and transportation and led to many other industrial",en
https://openalex.org/W3080219561,"Measuring universal health coverage based on an index of effective coverage of health services in 204 countries and territories, 1990–2019: a systematic analysis for the Global Burden of Disease Study 2019",2020,"Rafael Lozano, Nancy Fullman, John Everett Mumford, Megan Knight, Celine M Barthelemy, Cristiana Abbafati, Hedayat Abbastabar, Foad Abd-Allah, Mohammad Abdollahı, Aidin Abedi, Hassan Abolhassani, Akine Eshete, Lucas Guimarães Abreu, Michael R.M. Abrigo, Abdulaziz Khalid Abu Haimed, Abdelrahman Ibrahim Abushouk, Maryam Adabi, Oladimeji Adebayo, Victor Adekanmbi, Jaimie D. Adelson, Olatunji Adetokunboh, Davoud Adham, Shailesh M Advani, Ashkan Afshin, Gina Agarwal, Pradyumna Agasthi, Seyed Mohammad Kazem Aghamir, Anurag Agrawal, Tauseef Ahmad, Rufus Akinyemi, Fares Alahdab, Ziyad Al‐Aly, Khurshid Alam, Samuel B Albertson, Megbaru Alemu, Robert Kaba Alhassan, Muhammad Ali, Saqib Ali, Vahid Alipour, Syed Mohamed Aljunid, François Alla, Majid A. Almadi, Ali Almasi, Amir Almasi‐Hashiani, Nihad A. Almasri, Hesham M. Al‐Mekhlafi, Abdulaziz M. Almulhim, Jordi Alonso, Rajaa Al‐Raddadi, Khalid A Altirkawi, Nelson Alvis‐Guzmán, Nelson J Alvis-Zakzuk, GK Mini, Mostafa Amini‐Rarani, Fatemeh Amiri, Arianna Maever L. Amit, Dickson A Amugsi, Robert Ancuceanu, Deanna Anderlini, Cătălina Liliana Andrei, Sofia Androudi, Fereshteh Ansari, Alireza Ansari‐Moghaddam, Carl Abelardo T Antonio, Catherine M Antony, Ernoiz Antriyandarti, Davood Anvari, Razique Anwer, Jalal Arabloo, Morteza Arab‐Zozani, Aleksandr Y. Aravkin, Olatunde Aremu, Johan Ärnlöv, Malke Asaad, Mehran Asadi-Aliabadi, Ali A. Asadi‐Pooya, Charlie Ashbaugh, Seyyed Shamsadin Athari, Maha Atout, Marcel Ausloos, Leticia Ávila‐Burgos, Beatriz Paulina Ayala Quintanilla, Getinet Ayano, Martin Amogre Ayanore, Yared Asmare Aynalem, Getie Lake Aynalem, Muluken Altaye Ayza, Samad Azari, Peter Azzopardi, B B Darshan, Ebrahim Babaee, Ashish Badiye, Mohammad Amin Bahrami, Atif Amin Baig, Mohammad Hossein Bakhshaei, Ahad Bakhtiari, Shankar M Bakkannavar, Arun Balachandran, Shelly Balassyano, Maciej Banach",670,https://doi.org/10.1016/s0140-6736(20)30750-9,Resumo não disponível.,en
https://openalex.org/W3093350281,Five insights from the Global Burden of Disease Study 2019,2020,"Christopher J L Murray, Cristiana Abbafati, Kaja Abbas, Mohammad Hossein Abbasi, Mohsen Abbasi‐Kangevari, Foad Abd-Allah, Mohammad Abdollahı, Parisa Abedi, Aidin Abedi, Hassan Abolhassani, Victor Aboyans, Lucas Guimarães Abreu, Michael R.M. Abrigo, Eman Abu‐Gharbieh, Abdulaziz Khalid Abu Haimed, Abdelrahman Ibrahim Abushouk, Alyssa Acebedo, Ilana N. Ackerman, Maryam Adabi, Abdu A. Adamu, Oladimeji Adebayo, Jaimie D. Adelson, Olatunji Adetokunboh, Mohsen Afarideh, Ashkan Afshin, Gina Agarwal, Anurag Agrawal, Tauseef Ahmad, Keivan Ahmadi, Mehdi Ahmadi, Muktar Beshir Ahmed, Budi Aji, Tomi Akinyemiju, Blessing Akombi-Inyang, Fares Alahdab, Khurshid Alam, Fahad Alanezi, Turki M Alanzi, Samuel B Albertson, Biresaw Wassihun, Megbaru Alemu, Khalid F. AlHabib, Muhammad Ali, Saqib Ali, Gianfranco Alicandro, Vahid Alipour, Hesam Alizade, Syed Mohamed Aljunid, François Alla, Peter Allebeck, Majid A. Almadi, Amir Almasi‐Hashiani, Hesham M. Al‐Mekhlafi, Abdulaziz M. Almulhim, Jordi Alonso, Rajaa Al‐Raddadi, Khalid A Altirkawi, Nelson Alvis‐Guzmán, Bekalu Amare Tesfaye, Azmeraw T. Amare, GK Mini, Arianna Maever L. Amit, Dickson A Amugsi, Etsay Woldu Anbesu, Robert Ancuceanu, Deanna Anderlini, Jason A Anderson, Tudorel Andrei, Cătălina Liliana Andrei, Mina Anjomshoa, Fereshteh Ansari, Alireza Ansari‐Moghaddam, Carl Abelardo T Antonio, Catherine M Antony, Davood Anvari, Seth Christopher Yaw Appiah, Jalal Arabloo, Morteza Arab‐Zozani, Aleksandr Y. Aravkin, Aseb Arba, Timur Aripov, Johan Ärnlöv, Oluwaseyi Olalekan Arowosegbe, Malke Asaad, Mehran Asadi-Aliabadi, Ali A. Asadi‐Pooya, Charlie Ashbaugh, Michael Assmus, Maha Atout, Marcel Ausloos, Floriane Ausloos, Beatriz Paulina Ayala Quintanilla, Getinet Ayano, Martin Amogre Ayanore, Samad Azari, Zelalem Nigussie Azene, B B Darshan, Ebrahim Babaee, Alaa Badawi, Ashish Badiye",670,https://doi.org/10.1016/s0140-6736(20)31404-5,Resumo não disponível.,en
https://openalex.org/W2064289896,Assessment of international reference materials for isotope-ratio analysis (IUPAC Technical Report),2014,"Willi A. Brand, Tyler B. Coplen, Jochen Vogl, Martin Rösner, Thomas Prohaska",665,https://doi.org/10.1515/pac-2013-1023,"Abstract Since the early 1950s, the number of international measurement standards for anchoring stable isotope delta scales has mushroomed from 3 to more than 30, expanding to more than 25 chemical elements. With the development of new instrumentation, along with new and improved measurement procedures for studying naturally occurring isotopic abundance variations in natural and technical samples, the number of internationally distributed, secondary isotopic reference materials with a specified delta value has blossomed in the last six decades to more than 150 materials. More than half of these isotopic reference materials were produced for isotope-delta measurements of seven elements: H, Li, B, C, N, O, and S. The number of isotopic reference materials for other, heavier elements has grown considerably over the last decade. Nevertheless, even primary international measurement standards for isotope-delta measurements are still needed for some elements, including Mg, Fe, Te, Sb, Mo, and Ge. It is recommended that authors publish the delta values of internationally distributed, secondary isotopic reference materials that were used for anchoring their measurement results to the respective primary stable isotope scale.",en
https://openalex.org/W2586315688,"Innovation policy: what, why, and how",2017,"Jakob Edler, Jan Fagerberg",664,https://doi.org/10.1093/oxrep/grx001,"During the last two to three decades policy-makers have increasingly became concerned about the role of innovation for economic performance and, more recently, for the solution of challenges that arise (such as the climate challenge). The view that policy may have a role in supporting innovation has become widespread, and the term innovation policy has become commonly used. This paper takes stock of this rapidly growing area of public policy, with particular focus on the definition of innovation policy (what it is); theoretical rationales (why innovation policy is needed); and how innovation policy is designed, implemented, and governed.",en
https://openalex.org/W4233651632,"The global, regional, and national burden of pancreatic cancer and its attributable risk factors in 195 countries and territories, 1990–2017: a systematic analysis for the Global Burden of Disease Study 2017",2019,"Akram Pourshams, Sadaf G Sepanlou, Kevin S Ikuta, Catherine Bisignano, Saeid Safiri, Gholamreza Roshandel, Mehdi Sharif, Morteza Khatibian, Christina Fitzmaurice, Molly R Nixon, Nooshin Abbasi, Mohsen Afarideh, Elham Ahmadian, Tomi Akinyemiju, Fares Alahdab, Shazia Alam, Vahid Alipour, Christine A. Allen, Nahla Anber, Alireza Ansari‐Moghaddam, Jalal Arabloo, Alaa Badawi, Mojtaba Bagherzadeh, Yaschilal Muche Belayneh, Belete Biadgo, Ali Bijani, Antonio Biondi, Tone Bjørge, Antonio Maria Borzì, Cristina Bosetti, Andrey Briko, Н. И. Брико, Giulia Carreras, Félix Carvalho, Jee-Young Jasmine Choi, Dinh‐Toi Chu, Anh Kim Dang, Ahmad Daryani, Dragoş Virgil Daviţoiu, Gebre Teklemariam Demoz, Rupak Desai, Subhojit Dey, Hoa Do, Huyen Phuc, Aziz Eftekhari, Alireza Esteghamati, Farshad Farzadfar, Eduarda Fernandes, Irina Filip, Florian Fischer, Masoud Foroutan, Mohamed M. Gad, Silvano Gallus, Birhanu Geta, Giuseppe Gorini, Nima Hafezi‐Nejad, James Harvey, Milad Hasankhani, Amir Hasanzadeh, Soheil Hassanipour, Simon I Hay, Hagos D Hidru, Chi Linh Hoang, Sorin Hostiuc, Mowafa Househ, Olayinka Stephen Ilesanmi, Milena Ilić, Seyed Sina Naghibi Irvani, Nader Jafari Balalami, Spencer L James, Farahnaz Joukar, Amir Kasaeian, Tesfaye Kassa, André Pascal Kengne, Rovshan Khalilov, Ejaz Ahmad Khan, Amir M Khater, Fatemeh Khosravi Shadmani, Jonathan Kocarnik, Hamidreza Komaki, Ai Koyanagi, Vivek Kumar, Carlo La Vecchia, Platon D Lopukhov, Farzad Manafi, Navid Manafi, Ana-Laura Manda, Fariborz Mansour‐Ghanaei, Dhruv Mehta, Varshil Mehta, Toni Meier, Hagazi Gebre Meles, Getnet Mengistu, Tomasz Miazgowski, Mehdi Mohamadnejad, Abdollah Mohammadian-Hafshejani, Milad Mohammadoo-Khorasani, Shafiu Mohammed, Farnam Mohebi, Ali H. Mokdad",655,https://doi.org/10.1016/s2468-1253(19)30347-4,Bill & Melinda Gates Foundation.,en
https://openalex.org/W2147139681,Grassroots innovations in community energy: The role of intermediaries in niche development,2013,"Tom Hargreaves, Sabine Hielscher, Gill Seyfang, Adrian Smith",645,https://doi.org/10.1016/j.gloenvcha.2013.02.008,Resumo não disponível.,en
https://openalex.org/W2134655561,Four-Month Moxifloxacin-Based Regimens for Drug-Sensitive Tuberculosis,2014,"Stephen H. Gillespie, Angela M. Crook, Timothy D. McHugh, Carl M. Mendel, Sarah Meredith, Stephen R. Murray, Frances Pappas, Patrick Phillips, Andrew Nunn",642,https://doi.org/10.1056/nejmoa1407426,"The two moxifloxacin-containing regimens produced a more rapid initial decline in bacterial load, as compared with the control group. However, noninferiority for these regimens was not shown, which indicates that shortening treatment to 4 months was not effective in this setting. (Funded by the Global Alliance for TB Drug Development and others; REMoxTB ClinicalTrials.gov number, NCT00864383.).",en
https://openalex.org/W2803333083,Report of the High-Level Commission on Carbon Prices,2017,"Nicholas Stern, Joseph E. Stiglitz, Duan, Maosheng, Edenhofer, Ottmar, Giraud, Gaël, Heal, Geoffrey M., La Rovere, Emilio Lèbre, Morris, Adele, Moyer, Elisabeth, Pangestu, Mari, Shukla, Priyadarshi R., Sokona, Youba, Winkler, Harald",637,https://doi.org/10.7916/d8-w2nc-4103,"The purpose of this Commission is to explore explicit carbon-pricing options and levels that would induce the change in behaviors— particularly in those driving the investments in infrastructure, technology, and equipment—needed to deliver on the temperature objective of the Paris Agreement, in a way that fosters economic growth and development, as expressed in the Sustainable Development Goals (SDGs). This report does not focus on the estimation and evaluation of the climate change impacts that would be avoided by reducing carbon emissions. While the Commission also covers other policies relevant and important to carbon-pricing design and delivery on the Paris agreement, its primary focus is on pricing. This report has been prepared based on the Commission’s assessment of the available evidence and literature as well as on its members’ judgment, developed through their extensive international policy experience. While the commissioners are in broad agreement on the overall thrust of the arguments presented in the report, they may not necessarily support every single assertion and conclusion.",en
https://openalex.org/W2088863886,Promoção da saúde e qualidade de vida,2000,Paulo Marchiori Buss,633,https://doi.org/10.1590/s1413-81232000000100014,"Existem evidências científicas abundantes que mostram a contribuição da saúde para a qualidade de vida de indivíduos ou populações. Da mesma forma, é sabido que muitos componentes da vida social que contribuem para uma vida com qualidade são também fundamentais para que indivíduos e populações alcancem um perfil elevado de saúde. É necessário mais do que o acesso a serviços médico-assistenciais de qualidade, é preciso enfrentar os determinantes da saúde em toda a sua amplitude, o que requer políticas públicas saudáveis, uma efetiva articulação intersetorial do poder público e a mobilização da população. No presente artigo, o autor faz uma revisão da emergência e desenvolvimento da promoção da saúde, centrando sua análise justamente nas estratégias promocionais acima apontadas, que seriam aquelas que, a partir de proposições do setor saúde, apresentam-se como mais promissoras para o incremento da qualidade de vida, sobretudo em formações sociais com alta desigualdade sócio-sanitária, como é o caso do Brasil. É no movimento dos municípios saudáveis que tais estratégias se concretizam, através de seus próprios fundamentos e práticas, que estão estreitamente relacionados com as inovações na gestão pública para o desenvolvimento local integrado e sustentável e as Agendas 21 locais.",pt
https://openalex.org/W2491572170,"Estimates of global, regional, and national incidence, prevalence, and mortality of HIV, 1980–2015: the Global Burden of Disease Study 2015",2016,"Haidong Wang, Tim M Wolock, Austin Carter, Grant Nguyen, Hmwe Hmwe Kyu, Emmanuela Gakidou, Simon I Hay, Edward J Mills, Adam Trickey, William Msemburi, Matthew M Coates, Meghan Mooney, Maya Fraser, Amber Sligar, Joshua A. Salomon, Heidi J. Larson, Joseph Friedman, Amanuel Alemu Abajobir, Kalkidan Hassen Abate, Kaja Abbas, Mohamed Magdy Abd El Razek, Foad Abd-Allah, Abdishakur Abdulle, Semaw Ferede Abera, Ibrahim Abubakar, Laith J. Abu‐Raddad, Niveen M. E. Abu-Rmeileh, Gebre Yitayih Abyu, Akindele O. Adebiyi, Isaac Akinkunmi Adedeji, Ademola Adelekan, Adofo Koranteng, Arsène Kouablan Adou, Oluremi N Ajala, Tomi Akinyemiju, Nadia Akseer, Faris Lami, Ziyad Al‐Aly, Khurshid Alam, Noore Alam, Deena Alasfoor, Saleh Fahed Aldhahri, Robert W Aldridge, Miguel Angel Alegretti, Alicia V Aleman, Zewdie Aderaw Alemu, Rafael Alfonso‐Cristancho, Raghib Ali, Ala’a Alkerwi, François Alla, Rubina Ahteshamoddin Mohammad, Rajaa Al‐Raddadi, Ubai Alsharif, Elena Álvarez, Nelson Alvis‐Guzmán, Azmeraw T. Amare, Alemayehu Amberbir, A. Kofi Amegah, Walid Ammar, Stephen M. Amrock, Carl Abelardo T. Antonio, Palwasha Anwari, Johan Ärnlöv, Al Artaman, Hamid Asayesh, Rana Jawad Asghar, Reza Assadi, Suleman Atique, Lydia S Atkins, Euripide Avokpaho, Ashish Awasthi, Beatriz Paulina Ayala Quintanilla, Umar Bacha, Alaa Badawi, Aleksandra Barać, Till Bärnighausen, Arindam Basu, Tigist Assefa Bayou, Yibeltal Tebekaw Bayou, Shahrzad Bazargan‐Hejazi, Justin Beardsley, Neeraj Bedi, Derrick Bennett, Isabela M. Benseñor, Balem Demtsu Betsu, Tariku J. Beyene, Eesh Bhatia, Zulfiqar A Bhutta, Sibhatu Biadgilign, Boris Bikbov, Sait Mentes Birlik, Donal Bisanzio, Michael Brainin, Alexandra Bražinová, Nicholas J. K. Breitborde, Alexandria Brown, Michael Burch, Zahid A Butt, Julio César Campuzano, Rosario Cárdenas",629,https://doi.org/10.1016/s2352-3018(16)30087-x,Resumo não disponível.,en
https://openalex.org/W2993872008,Global hydro-environmental sub-basin and river reach characteristics at high spatial resolution,2019,"Simon Linke, Bernhard Lehner, Camille Ouellet Dallaire, Joseph Ariwi, Günther Grill, Mira Anand, Penny Beames, Vicente Burchard‐Levine, Sally Maxwell, Hana Moidu, Florence Tan, Michele Thieme",625,https://doi.org/10.1038/s41597-019-0300-6,Resumo não disponível.,en
https://openalex.org/W2518759011,The city as a refuge for insect pollinators,2016,"Damon M. Hall, Gerardo R. Camilo, Rebecca K. Tonietto, Jeff Ollerton, Karin Ahrné, Mike Arduser, John S. Ascher, Katherine C. R. Baldock, Robert Fowler, Gordon W. Frankie, Dave Goulson, Bengt Gunnarsson, Mick E. Hanley, Janet Jackson, Gail Langellotto, David M. Lowenstein, Emily S. Minor, Stacy M. Philpott, Simon G. Potts, Muzafar Hussain Sirohi, Edward M. Spevak, Graham N. Stone, Caragh G. Threlfall",620,https://doi.org/10.1111/cobi.12840,"Research on urban insect pollinators is changing views on the biological value and ecological importance of cities. The abundance and diversity of native bee species in urban landscapes that are absent in nearby rural lands evidence the biological value and ecological importance of cities and have implications for biodiversity conservation. Lagging behind this revised image of the city are urban conservation programs that historically have invested in education and outreach rather than programs designed to achieve high-priority species conservation results. We synthesized research on urban bee species diversity and abundance to determine how urban conservation could be repositioned to better align with new views on the ecological importance of urban landscapes. Due to insect pollinators' relatively small functional requirements-habitat range, life cycle, and nesting behavior-relative to larger mammals, we argue that pollinators put high-priority and high-impact urban conservation within reach. In a rapidly urbanizing world, transforming how environmental managers view the city can improve citizen engagement and contribute to the development of more sustainable urbanization.",en
https://openalex.org/W2897985668,Industry 4.0 and Sustainability Implications: A Scenario-Based Analysis of the Impacts and Challenges,2018,"Sílvia H. Bonilla, Helton R. O. Silva, Márcia Terra da Silva, Rodrigo Franco Gonçalves, José Benedito Sacomano",617,https://doi.org/10.3390/su10103740,"The new evolution of the production and industrial process called Industry 4.0, and its related technologies such as the Internet of Things, big data analytics, and cyber–physical systems, among others, still have an unknown potential impact on sustainability and the environment. In this paper, we conduct a literature-based analysis to discuss the sustainability impact and challenges of Industry 4.0 from four different scenarios: deployment, operation and technologies, integration and compliance with the sustainable development goals, and long-run scenarios. From these scenarios, our analysis resulted in positive or negative impacts related to the basic production inputs and outputs flows: raw material, energy and information consumption and product and waste disposal. As the main results, we identified both positive and negative expected impacts, with some predominance of positives that can be considered positive secondary effects derived from Industry 4.0 activities. However, only through integrating Industry 4.0 with the sustainable development goals in an eco-innovation platform, can it really ensure environmental performance. It is expected that this work can contribute to helping stakeholders, practitioners and governments to advance solutions to deal with the outcomes emerging through the massive adoption of those technologies, as well as supporting the expected positive impacts through policies and financial initiatives.",en
https://openalex.org/W2137199301,Participatory Budgeting in Europe: Potentials and Challenges,2008,"Yves Sintomer, Carsten Herzberg, Anja Röcke",615,https://doi.org/10.1111/j.1468-2427.2008.00777.x,"Abstract The ‘transfer’ of participatory budgeting from Brazil to Europe has been a highly differentiated process. In Porto Alegre, this innovative methodology enabled democratization and social justice to be articulated. In Europe, participatory budgeting relies on multiple procedures, and it is therefore necessary to give a clear methodological definition of it so that cases can be coherently compared and ideal‐types constructed to understand the variety of concrete experiments. The six ideal‐types we propose (Porto Alegre adapted for Europe; representation of organized interests; community funds at the local and city level; the public/private negotiating table; consultation on public finances; proximity participation) show striking differences that are highly influenced by existing participatory traditions. It is, above all, with the models Porto Alegre adapted for Europe and community funds that an ‘empowered participatory governance’ can develop and that a fourth power, beyond the three classical ones, is developing — that of the citizenry when it directly (or through delegates) assumes a decision‐making power. However, other models have their strengths, too, for example with regard to the reform of public administration which is a critical aspect in the search for ‘another possible world’. Résumé Le ‘transfert’ du budget participatif du Brésil à l'Europe s'est révélé un processus très différencié. A Porto Alegre, cette méthodologie novatrice a permis d'intégrer démocratisation et justice sociale. En Europe, comme le budget participatif s'appuie sur de nombreuses procédures, il faut lui donner une définition méthodologique claire afin de pouvoir comparer correctement les cas et élaborer des idéaltypes pour comprendre la variété des expériences concrètes. Cet article propose six idéaltypes : Porto Alegre adaptéà l'Europe, Représentation des intérêts organisés, Fonds communautaires au niveau local et municipal, Table de négociations public‐privé, Consultation sur les finances publiques, Participation de proximité. Tous présentent des divergences frappantes, fortement influencées par les traditions participatives en place. C'est surtout avec les modèles Porto Alegre adaptéà l'Europe et Fonds communautaires que peut se déployer une ‘gouvernance participative dotée de pouvoirs’ et que se développe un quatrième pouvoir, au‐delà des trois autres classiques : celui de l'ensemble des citoyens exerçant directement (ou via des délégués) un pouvoir décisionnel. Toutefois, d'autres modèles ont leurs atouts également, par exemple vis‐à‐vis de la réforme de l'administration publique donc d'un aspect crucial dans la quête d'un ‘autre monde possible’.",en
https://openalex.org/W4282978483,"Co-creation, co-design, co-production for public health – a perspective on definitions and distinctions",2022,"Carmen Vargas, Jillian Whelan, Julie Brimblecombe, Steven Allender",600,https://doi.org/10.17061/phrp3222211,"Collaboration between community members, researchers, and policy makers drives efforts to solve complex health problems such as obesity, alcohol misuse, and type 2 diabetes. Community participation is essential to ensure the optimal design, implementation and evaluation of resulting initiatives. The terms 'co-creation', 'co-design' and 'co-production' have been used interchangeably to describe the development of initiatives involving multiple stakeholders. While commonalities exist across these concepts, they have essential distinctions for public health, particularly related to the role of stakeholders and the extent and timing of their engagement. We summarise these similarities and differences drawing from the cross-disciplinary literature, including public administration and governance, service management, design, marketing and public health. Co-creation is an overarching guiding principle encompassing co-design and co-production. A clear definition of these terms clarifies aspects of participatory action research for community-based public health initiatives.",en
https://openalex.org/W2267106946,Using Natural Resources for Development: Why Has It Proven So Difficult?,2016,Anthony J. Venables,595,https://doi.org/10.1257/jep.30.1.161,"Developing economies have found it hard to use natural resource wealth to improve their economic performance. Utilizing resource endowments is a multistage economic and political problem that requires private investment to discover and extract the resource, fiscal regimes to capture revenue, judicious spending and investment decisions, and policies to manage volatility and mitigate adverse impacts on the rest of the economy. Experience is mixed, with some successes (such as Botswana and Malaysia) and more failures. This paper reviews the challenges that are faced in successfully managing resource wealth, the evidence on country performance, and the reasons for disappointing results.",en
https://openalex.org/W2995631322,Dealing with the game-changing technologies of Agriculture 4.0: How do we manage diversity and responsibility in food system transition pathways?,2019,"Laurens Klerkx, David Christian Rose",595,https://doi.org/10.1016/j.gfs.2019.100347,"Agriculture 4.0 is comprised of different already operational or developing technologies such as robotics, nanotechnology, synthetic protein, cellular agriculture, gene editing technology, artificial intelligence, blockchain, and machine learning, which may have pervasive effects on future agriculture and food systems and major transformative potential. These technologies underpin con­cepts such as ver­ti­cal farm­ing and food systems, dig­i­tal agri­cul­ture, bioe­con­omy, cir­cu­lar agri­cul­ture, and aquapon­ics. In this perspective paper, we argue that more attention is needed for the inclusion and exclusion effects of Agriculture 4.0 technologies, and for reflection on how they relate to diverse transition pathways towards sustainable agricultural and food systems driven by mission-oriented innovation systems. This would require processes of responsible innovation, anticipating the potential impacts of Agriculture 4.0 through inclusive processes, and reflecting on and being responsive to emerging effects and where needed adjusting the direction and course of transition pathways.",en
https://openalex.org/W2751571801,What Affects Innovation More: Policy or Policy Uncertainty?,2017,"Utpal Bhattacharya, Po‐Hsuan Hsu, Xuan Tian, Xu Yan",594,https://doi.org/10.1017/s0022109017000540,"Motivated by a theoretical model, we examine for 43 countries whether it is policy or policy uncertainty that affects technological innovation more. Innovation activities, measured by patent-based proxies, are not, on average, affected by which policy is in place. Innovation activities, however, drop significantly during times of policy uncertainty measured by national elections. The drop is greater for more influential innovations (citations in the right tail, exploratory rather than exploitative innovations) and for innovation-intensive industries. We use close presidential elections and ethnic fractionalization to address endogeneity concerns. We uncover the mechanism underlying the main result by showing that the number of patenting inventors decreases with policy uncertainty. Political compromise, we conclude, encourages innovation.",en
https://openalex.org/W595539240,"Technology, learning, and innovation : experiences of newly industrializing economies",2000,"Linsu Kim, Richard R. Nelson",587,,"Part I. A Broad Prospective on Innovation in Newly Industrializing Countries: 1. Introduction: technology and industrialization Linsu Kim and Richard R. Nelson 2. Technological change and industrialization in the Asian NIEs Sanjaya Lall 3. Research and development in the industrial development process Howard Pack Commentary Bengt-Ake Lundvall Part II. How Firms Learn: 4. Firm capabilities and economic development: implications for the NIEs David Teece and Bennett Zelner 5. East vs. South East Asian innovation systems Michael Hobday 6. Technological learning and entries of user firms for capital goods in Korea Kung Rae Lee 7. International technologies and collaboration: implications for NIEs Commentary Martin Fransman Part III. Innovation Policies: 8. Policies for science, technology and innovation in Asian NIEs Mark Dodgson 9. The role of science and technology in Korea's industrial development Won-Young Lee Commentary Morris Teubal Part IV. The Dynamics of Technological Learning During the First Period, and Recent Structural Changes in the Industrial Sector of Argentina, Brazil, and Mexico Linsu Kim Commentary Howard Pack.",en
https://openalex.org/W3036816925,Value-Oriented and Ethical Technology Engineering in Industry 5.0: A Human-Centric Perspective for the Design of the Factory of the Future,2020,"Francesco Longo, Antonio Padovano, Steven Umbrello",587,https://doi.org/10.3390/app10124182,"Although manufacturing companies are currently situated at a transition point in what has been called Industry 4.0, a new revolutionary wave—Industry 5.0—is emerging as an ‘Age of Augmentation’ when the human and machine reconcile and work in perfect symbiosis with one another. Recent years have indeed assisted in drawing attention to the human-centric design of Cyber-Physical Production Systems (CPPS) and to the genesis of the ‘Operator 4.0’, two novel concepts that raise significant ethical questions regarding the impact of technology on workers and society at large. This paper argues that a value-oriented and ethical technology engineering in Industry 5.0 is an urgent and sensitive topic as demonstrated by a survey administered to industry leaders from different companies. The Value Sensitive Design (VSD) approach is proposed as a principled framework to illustrate how technologies enabling human–machine symbiosis in the Factory of the Future can be designed to embody elicited human values and to illustrate actionable steps that engineers and designers can take in their design projects. Use cases based on real solutions and prototypes discuss how a design-for-values approach aids in the investigation and mitigation of ethical issues emerging from the implementation of technological solutions and, hence, support the migration to a symbiotic Factory of the Future.",en
https://openalex.org/W2109306263,Taxing across Borders: Tracking Personal Wealth and Corporate Profits,2014,Gabriel Zucman,584,https://doi.org/10.1257/jep.28.4.121,"This article attempts to estimate the magnitude of corporate tax avoidance and personal tax evasion through offshore tax havens. US corporations book 20 percent of their profits in tax havens, a tenfold increase since the 1980; their effective tax rate has declined from 30 to 20 percent over the last 15 years, and about two-thirds of this decline can be attributed to increased international tax avoidance. Globally, 8 percent of the world's personal financial wealth is held offshore, costing more than $200 billion to governments every year. Despite ambitious policy initiatives, profit shifting to tax havens and offshore wealth are rising. I discuss the recent proposals made to address these issues, and I argue that the main objective should be to create a world financial registry.",en
https://openalex.org/W1820611702,Preventing Disease Through Healthy Environments: Towards an Estimate of the Environmental Burden of Disease,2006,"Annette Prüss‐Üstün, Carlos Corvalán",580,,Resumo não disponível.,en
https://openalex.org/W2897722020,Performance Analysis of Google Colaboratory as a Tool for Accelerating Deep Learning Applications,2018,"Tiago Carneiro, Raul Victor M. da Nóbrega, Thiago Nepomuceno, Gui‐Bin Bian, Victor Hugo C. de Albuquerque, Pedro P. Rebouças Filho",577,https://doi.org/10.1109/access.2018.2874767,"Google Colaboratory (also known as Colab) is a cloud service based on Jupyter Notebooks for disseminating machine learning education and research. It provides a runtime fully configured for deep learning and free-of-charge access to a robust GPU. This paper presents a detailed analysis of Colaboratory regarding hardware resources, performance, and limitations. This analysis is performed through the use of Colaboratory for accelerating deep learning for computer vision and other GPU-centric applications. The chosen test-cases are a parallel tree-based combinatorial search and two computer vision applications: object detection/classification and object localization/segmentation. The hardware under the accelerated runtime is compared with a mainstream workstation and a robust Linux server equipped with 20 physical cores. Results show that the performance reached using this cloud service is equivalent to the performance of the dedicated testbeds, given similar resources. Thus, this service can be effectively exploited to accelerate not only deep learning but also other classes of GPU-centric applications. For instance, it is faster to train a CNN on Colaboratory's accelerated runtime than using 20 physical cores of a Linux server. The performance of the GPU made available by Colaboratory may be enough for several profiles of researchers and students. However, these free-of-charge hardware resources are far from enough to solve demanding real-world problems and are not scalable. The most significant limitation found is the lack of CPU cores. Finally, several strengths and limitations of this cloud service are discussed, which might be useful for helping potential users.",en
https://openalex.org/W2969635519,"Global, regional, and national incidence, prevalence, and mortality of HIV, 1980–2017, and forecasts to 2030, for 195 countries and territories: a systematic analysis for the Global Burden of Diseases, Injuries, and Risk Factors Study 2017",2019,"Tahvi Frank, Austin Carter, Deepa Jahagirdar, Molly H Biehl, Dirk Douwes‐Schultz, Samantha Leigh Larson, Megha Arora, Laura Dwyer‐Lindgren, Krista M. Steuben, Hedayat Abbastabar, Laith J. Abu‐Raddad, Direslgne Misker Abyu, Maryam Adabi, Oladimeji Adebayo, Victor Adekanmbi, Olatunji Adetokunboh, Alireza Ahmadi, Keivan Ahmadi, Elham Ahmadian, Ehsan Ahmadpour, Muktar Beshir Ahmed, Chalachew Genet, Fares Alahdab, Noore Alam, Samuel B Albertson, Birhan Alemnew, Kefyalew Addis Alene, Vahid Alipour, Nelson Alvis‐Guzmán, GK Mini, Zohreh Anbari, Nahla Anber, Mina Anjomshoa, Carl Abelardo T. Antonio, Jalal Arabloo, Olatunde Aremu, Habtamu Abera Areri, Ephrem Tsegay Asfaw, Alebachew Fasil Ashagre, Daniel Asmelash, Anemaw Asrat, Euripide Avokpaho, Ashish Awasthi, Nefsu Awoke, Martin Amogre Ayanore, Samad Azari, Alaa Badawi, Mojtaba Bagherzadeh, Maciej Banach, Aleksandra Barać, Till Bärnighausen, Sanjay Basu, Neeraj Bedi, Masoud Behzadifar, Bayu Begashaw Bekele, Saba Abraham Belay, Yared Belete Belay, Yaschilal Muche Belayneh, Adugnaw Berhane, Anusha Ganapati Bhat, Krittika Bhattacharyya, Belete Biadgo, Ali Bijani, Muhammad Shahdaat Bin Sayeed, Helen Bitew, Andrew Blinov, Kassawmar Angaw Bogale, Hunduma Amensisa Bojia, Sharath Burugina Nagaraja, Zahid A Butt, Lucero Cahuana-Hurtado, Julio César Campuzano, Félix Carvalho, Vijay Kumar Chattu, Devasahayam Jesudas Christopher, Dinh‐Toi Chu, Raquel Crider, Tukur Dahiru, Lalit Dandona, Rakhi Dandona, Ahmad Daryani, José das Neves, Jan‐Walter De Neve, Louisa Degenhardt, Feleke Mekonnen Demeke, Asmamaw Demis, Dereje Bayissa Demissie, Gebre Teklemariam Demoz, Kebede Deribe, Don C. Des Jarlais, Govinda Prasad Dhungana, Daniel Díaz, Shirin Djalalinia, Huyen Phuc, Linh Phuong Doan, Herbert C. Duber, Manisha Dubey, Eleonora Dubljanin, Eyasu Ejeta Duken, Bereket Duko Adema",576,https://doi.org/10.1016/s2352-3018(19)30196-1,Resumo não disponível.,en
https://openalex.org/W3111380248,Encyclopedia of Sustainability Science and Technology,2012,"Shane Snyder, Yongrui Tan, James Udy, M. E. Bartkow, Sylvain Merel",573,https://doi.org/10.1007/978-1-4419-0851-3,Resumo não disponível.,en
https://openalex.org/W2139345294,The Emerging Middle Class in Developing Countries,2010,Homi Kharas,569,https://doi.org/10.1787/5kmmp8lncrns-en,"The shift in global goods production towards Asia is well documented. But global consumer demand has so far been concentrated in the rich economies of the OECD. Will that also shift towards Asia as these countries get richer? This paper defines a global middle class as all those living in households with daily per capita incomes of between USD10 and USD100 in PPP terms. By combining household survey data with growth projections for 145 countries, it shows that Asia accounts for less than one-quarter of today's middle class. By 2020, that share could double. More than half the world's middle class could be in Asia and Asian consumers could account for over 40 per cent of global middle class consumption. This is because a large mass of Asian households have incomes today that position them just below the global middle class threshold and so increasingly large numbers of Asians are expected to become middle class in the next ten years. The paper explores how this can help sustain global growth in the medium term, driven by product differentiation, branding and marketing in the new growth markets of Asia.",en
https://openalex.org/W1932773272,Distinguishing Different Types of Coproduction: A Conceptual Analysis Based on the Classical Definitions,2015,"Taco Brandsen, Marlies Honingh",566,https://doi.org/10.1111/puar.12465,"Abstract Coproduction of public services means that services are not only delivered by professional and managerial staff in public agencies but also coproduced by citizens and communities. Although recent research on this topic has advanced the debate considerably, there is still no consensus on precisely what coproduction means. This article argues that rather than trying to determine one encompassing definition of the concept, several different types of coproduction can be distinguished. Starting from the classical definitions of Elinor Ostrom and Roger Parks, the article draws on the literature on professionalism, volunteering, and public management to identify the distinctive nature of coproduction and identify basic dimensions on which a typology of coproduction can be constructed. Recognizing different types of coproduction more systematically is a critical step in making research on this phenomenon more comparable and more cumulative .",en
https://openalex.org/W3037473845,A typology of circular economy discourses: Navigating the diverse visions of a contested paradigm,2020,"Martin Calisto Friant, Walter J.V. Vermeulen, Roberta Salomone",564,https://doi.org/10.1016/j.resconrec.2020.104917,"The circular economy (CE) has recently become a popular discourse especially in government and corporate sectors. Given the socio-ecological challenges of the Anthropocene, the concept of CE could indeed help the transition to a sustainable, just and resilient future. However, the actual definition, objectives and forms of implementation of the CE are still unclear, inconsistent, and contested. Different actors and sectors are thus articulating circular discourses which align with their interests, and which often do not sufficiently examine the ecological, social and political implications of circularity. In this context, this research asks how to better navigate and analyse the history, complexity and plurality of circularity discourses by conceptually differentiating them in a comprehensive discourse typology. To answer this question a critical literature review has been carried out, which first, examines and reflects on the core challenges, gaps and limitations of the CE concept. Second, this research develops a comprehensive timeline of circularity thinking, which identifies and conceptually classifies 72 different CE-related concepts from the Global North and South (such as Gandhian and steady-state economics, buen vivir, doughnut economics and degrowth). This leads to the development of a typology of circularity discourses, which classifies circularity visions according to their position on fundamental social, technological, political and ecological issues. This research thus seeks to provide a basis for a more inclusive and comprehensive discussion on the topic, which opens the imaginary regarding the many circular futures that can exist and allows for a cross-pollination of ideas, policy options, strategies, practices and solutions.",en
https://openalex.org/W2099449634,The Fall of Enron,2003,"Paul M. Healy, Krishna G. Palepu",562,https://doi.org/10.1257/089533003765888403,"The financial reporting and disclosure problems at Enron, as well as the high market valuations for its stock raise troubling questions about the functioning of capital market intermediaries, regulators and governance experts whose are supposed to ensure the effective functioning of the stock market. This paper examines the functions of key capital market intermediaries and analyzes how their own governance and incentive problems may have contributed to Enron's rise and fall. We conclude by proposing system modifications to resolve the observed problems.",en
https://openalex.org/W2135513277,Assessment of the food safety issues related to genetically modified foods,2001,"H.A. Kuiper, G.A. Kleter, H.P.J.M. Noteborn, E.J. Kok",557,https://doi.org/10.1046/j.1365-313x.2001.01119.x,"International consensus has been reached on the principles regarding evaluation of the food safety of genetically modified plants. The concept of substantial equivalence has been developed as part of a safety evaluation framework, based on the idea that existing foods can serve as a basis for comparing the properties of genetically modified foods with the appropriate counterpart. Application of the concept is not a safety assessment per se, but helps to identify similarities and differences between the existing food and the new product, which are then subject to further toxicological investigation. Substantial equivalence is a starting point in the safety evaluation, rather than an endpoint of the assessment. Consensus on practical application of the principle should be further elaborated. Experiences with the safety testing of newly inserted proteins and of whole genetically modified foods are reviewed, and limitations of current test methodologies are discussed. The development and validation of new profiling methods such as DNA microarray technology, proteomics, and metabolomics for the identification and characterization of unintended effects, which may occur as a result of the genetic modification, is recommended. The assessment of the allergenicity of newly inserted proteins and of marker genes is discussed. An issue that will gain importance in the near future is that of post-marketing surveillance of the foods derived from genetically modified crops. It is concluded, among others that, that application of the principle of substantial equivalence has proven adequate, and that no alternative adequate safety assessment strategies are available.",en
https://openalex.org/W1811203089,Movimentos sociais na contemporaneidade,2011,Maria da Glória Gohn,553,https://doi.org/10.1590/s1413-24782011000200005,"O trabalho objetiva apresentar um panorama geral dos movimentos sociais da atualidade, com destaque para a América Latina, e apresentar um mapeamento de suas principais formas no Brasil. Nesse sentido, reflete sobre o caráter educativo de suas ações, tanto para seus participantes como para a sociedade em geral e para os órgãos públicos. A premissa básica é de que os movimentos sociais são fontes de inovação e matrizes geradoras de saber. Entretanto, como não se trata de um processo isolado, mas de caráter político-social, o trabalho analisa as articulações na rede de relações que os movimentos estabelecem na conjuntura política, econômica e sociocultural do país, para compreender os fatores que geram as aprendizagens e os valores da cultura política que vão sendo construídos. Destacam-se os movimentos que ocorrem nas áreas da educação formal e da educação não formal.",pt
https://openalex.org/W2094052491,Biological Treatment of Municipal Organic Waste using Black Soldier Fly Larvae,2011,"Stefan Diener, Nandayure M. Studt Solano, Floria Roa-Gutiérrez, Christian Zurbrügg, Klement Tockner",550,https://doi.org/10.1007/s12649-011-9079-1,"Valorisation of municipal organic waste through larval feeding activity of the black soldier fly, Hermetia illucens, constitutes a potential benefit, especially for low and middle-income countries. Besides waste reduction and stabilisation, the product in form of the last larval stage, the so-called prepupae, offers a valuable additive in animal feed, opening new economic niches for small entrepreneurs in developing countries. We have therefore evaluated the feasibility of the black soldier fly larvae to digest and degrade mixed municipal organic waste in a medium-scale field experiment in Costa Rica, and explored the benefits and limitations of this technology. We achieved an average prepupae production of 252 g/m2/day (wet weight) under favourable conditions. Waste reduction ranged from 65.5 to 78.9% depending on the daily amount of waste added to the experimental unit and presence/absence of a drainage system. Three factors strongly influenced larval yield and waste reduction capacity: (1) high larval mortality due to elevated zinc concentrations in the waste material and anaerobic conditions in the experimental trays; (2) lack of fertile eggs due to zinc poisoning, and (3) limited access to food from stagnating liquid in the experimental trays. This study confirmed the great potential of this fly as a waste manager in low and middle-income countries, but also identified knowledge gaps pertaining to biological larvae requirements (egg hatching rate, moisture tolerance, …) and process design (drainage, rearing facilities, …) to be tackled in future research.",en
https://openalex.org/W2900431425,Measuring progress from 1990 to 2017 and projecting attainment to 2030 of the health-related Sustainable Development Goals for 195 countries and territories: a systematic analysis for the Global Burden of Disease Study 2017,2018,"Rafael Lozano, Nancy Fullman, Degu Abate, Solomón Mequanente Abay, Cristiana Abbafati, Nooshin Abbasi, Hedayat Abbastabar, Foad Abd-Allah, Jemal Abdela, Ahmed Abdelalim, Omar Abdel‐Rahman, Alireza Abdi, Ibrahim Abdollahpour, Rizwan Suliankatchi Abdulkader, Nebiyu Dereje Abebe, Abebe Zegeye, Ayenew Negesse Abejie, Semaw Ferede Abera, Olifan Zewdie Abil, Victor Aboyans, Haftom Niguse Abraha, Aklılu Abrham Roba, Laith J. Abu‐Raddad, Niveen ME Abu-Rmeileh, Gebre Yitayih Abyu, Manfred Accrombessi, Dilaram Acharya, Pawan Acharya, Abdu A. Adamu, Oladimeji Adebayo, Isaac Akinkunmi Adedeji, Rufus Adesoji Adedoyin, Victor Adekanmbi, Olatunji Adetokunboh, Beyene Meressa Adhena, Tara Ballav Adhikari, Mina G Adib, Arsène Kouablan Adou, José Carmelo Adsuar, Mohsen Afarideh, Mahdi Afshari, Ashkan Afshin, Gina Agarwal, Sargis A. Aghayan, Dominic Agius, Anurag Agrawal, Sutapa Agrawal, Alireza Ahmadi, Mehdi Ahmadi, Hamid Ahmadieh, Muktar Beshir Ahmed, Sayem Ahmed, Temesgen Yihunie Akalu, A. S. Akanda, Mohammad Esmaeil Akbari, Mohammed Akibu, Rufus Akinyemi, Tomi Akinyemiju, Nadia Akseer, Fares Alahdab, Ziyad Al‐Aly, Khurshid Alam, Shazia Alam, Ammar Albujeer, Animut Alebel, Kefyalew Addis Alene, Ayman Al‐Eyadhy, Samia Alhabib, Raghib Ali, Mehran Alijanzadeh, Reza Alizadeh‐Navaei, Syed Mohamed Aljunid, Ala’a Alkerwi, François Alla, Peter Allebeck, Christine A. Allen, Ali Almasi, Fatma Al‐Maskari, Hesham M. Al‐Mekhlafi, Jordi Alonso, Rajaa Al‐Raddadi, Ubai Alsharif, Khalid A Altirkawi, Nelson Alvis‐Guzmán, Azmeraw T. Amare, Kebede Amenu, Erfan Amini, Walid Ammar, Nahla Anber, Jason A Anderson, Cătălina Liliana Andrei, Sofia Androudi, Megbaru Debalkie Animut, Mina Anjomshoa, Hossein Ansari, Ansariadi Ansariadi, Mustafa Geleto Ansha, Carl Abelardo T. Antonio, Palwasha Anwari, Lambert Appiah",543,https://doi.org/10.1016/s0140-6736(18)32281-5,Resumo não disponível.,en
https://openalex.org/W1748274567,Evaluating sustainability transitions pathways: Bridging analytical approaches to address governance challenges,2015,"Bruno Turnheim, Frans Berkhout, Frank W. Geels, Andries F. Hof, Andrew McMeekin, Björn Nykvist, Detlef P. van Vuuren",541,https://doi.org/10.1016/j.gloenvcha.2015.08.010,Resumo não disponível.,en
https://openalex.org/W2761004239,Collaborative Platforms as a Governance Strategy,2017,"Christopher Ansell, Alison Gash",538,https://doi.org/10.1093/jopart/mux030,"Collaborative governance is increasingly viewed as a proactive policy instrument, one in which the strategy of collaboration can be deployed on a larger scale and extended from one local context to another. This article suggests that the concept of collaborative platforms provides useful insights into this strategy of treating collaborative governance as a generic policy instrument. Building on an organization-theoretic approach, collaborative platforms are defined as organizations or programs with dedicated competences and resources for facilitating the creation, adaptation and success of multiple or ongoing collaborative projects or networks. Working between the theoretical literature on platforms and empirical cases of collaborative platforms, the article finds that strategic intermediation and design rules are important for encouraging the positive feedback effects that help collaborative platforms adapt and succeed. Collaborative platforms often promote the scaling-up of collaborative governance by creating modular collaborative units-a strategy of collaborative franchising.",en
https://openalex.org/W2799631787,Obesity and the food system transformation in<scp>Latin America</scp>,2018,"Barry M. Popkin, Thomas Reardon",531,https://doi.org/10.1111/obr.12694,"The Latin America and the Caribbean (LAC) region faces a major diet-related health problem accompanied by enormous economic and social costs. The shifts in diet are profound: major shifts in intake of less-healthful low-nutrient-density foods and sugary beverages, changes in away-from-home eating and snacking and rapid shifts towards very high levels of overweight and obesity among all ages along with, in some countries, high burdens of stunting. Diet changes have occurred in parallel to, and in two-way causality with, changes in the broad food system - the set of supply chains from farms, through midstream segments of processing, wholesale and logistics, to downstream segments of retail and food service (restaurants and fast food chains). An essential contribution of this piece is to marry and integrate the nutrition transition literature with the literature on the economics of food system transformation. These two literatures and debates have been to date largely 'two ships passing in the night'. This review documents in-depth the recent history of rapid growth and transformation of that broad food system in LAC, with the rapid rise of supermarkets, large processors, fast food chains and food logistics firms. The transformation is the story of a 'double-edged sword', showing its links to various negative diet side trends, e.g. the rise of consumption of fast food and highly processed food, as well as in parallel, to various positive trends, e.g. the reduction of the cost of food, de-seasonalization, increase of convenience of food preparation reducing women's time associated with that and increase of availability of some nutritious foods like meat and dairy. We view the transformation of the food system, as well as certain aspects of diet change linked to long-run changes in employment and demographics (e.g. the quest for convenience), as broad parameters that will endure for the next decades without truly major regulatory and fiscal changes. We then focus in on what are the steps that are being and can be taken to curb the negative effects on diet of these changes. We show that countries in LAC are already among the global leaders in initiating demand-related solutions via taxation and marketing controls. But we also show that this is only a small step forward. To shift LAC's food supply towards prices that incentivize consumption of healthier diets and demand away from the less healthy component is not simple and will not happen immediately. We must be cognizant that ultimately, food industry firms must be incentivized to market the components of healthy diets. This will primarily need to be via selective taxes and subsidies, marketing controls, as well as food quality regulations, consumer education and, in the medium term, consumers' desires to combine healthier foods with their ongoing quest for convenience in the face of busy lives. In the end, the food industry in LAC will orient itself towards profitable solutions, ie those demanded by the broad mass of consumers.",en
https://openalex.org/W2166070661,The Structure of Economic Modeling of the Potential Impacts of Climate Change: Grafting Gross Underestimation of Risk onto Already Narrow Science Models,2013,Nicholas Stern,530,https://doi.org/10.1257/jel.51.3.838,"Scientists describe the scale of the risks from unmanaged climate change as potentially immense. However, the scientific models, because they omit key factors that are hard to capture precisely, appear to substantially underestimate these risks. Many economic models add further gross underassessment of risk because the assumptions built into the economic modeling on growth, damages and risks, come close to assuming directly that the impacts and costs will be modest and close to excluding the possibility of catastrophic outcomes. A new generation of models is needed in all three of climate science, impact and economics with a still stronger focus on lives and livelihoods, including the risks of large-scale migration and conflicts. (JEL C51, Q54, Q58)",en
https://openalex.org/W4285498409,"Population-level risks of alcohol consumption by amount, geography, age, sex, and year: a systematic analysis for the Global Burden of Disease Study 2020",2022,"Dana Bryazka, Marissa B Reitsma, Max Griswold, Kalkidan Hassen Abate, Cristiana Abbafati, Mohsen Abbasi‐Kangevari, Zeinab Abbasi-Kangevari, Amir Abdoli, Mohammad Abdollahı, Abu Yousuf Md Abdullah, E S Abhilash, Eman Abu‐Gharbieh, Juan Acuña, Giovanni Addolorato, Oladimeji Adebayo, Victor Adekanmbi, Kishor Adhikari, Sangeet Adhikari, Qorinah Estiningtyas Sakilah Adnani, Saira Afzal, Wubetu Yimam Agegnehu, Manik Aggarwal, Bright Opoku Ahinkorah, Araz Ramazan Ahmad, Sajjad Ahmad, Tauseef Ahmad, Ali Ahmadi, Sepideh Ahmadi, Haroon Ahmed, Tarik A. Rashid, Chisom Joyqueenet Akunna, Hanadi Al Hamad, Md. Zakiul Alam, Dejen Tsegaye, Kefyalew Addis Alene, Yousef Alimohamadi, Atiyeh Alizadeh, Kasim Allel, Jordi Alonso, Saba Alvand, Nelson Alvis‐Guzmán, Firehiwot Amare, Edward Kwabena Ameyaw, Sohrab Amiri, Robert Ancuceanu, Jason A Anderson, Cătălina Liliana Andrei, Tudorel Andrei, Jalal Arabloo, Muhammad Arshad, Anton A Artamonov, Zahra Aryan, Malke Asaad, Mulusew Andualem Asemahagn, Thomas Astell‐Burt, Seyyed Shamsadin Athari, Desta Debalkie Atnafu, Prince Atorkey, Alok Atreya, Floriane Ausloos, Marcel Ausloos, Getinet Ayano, Martin Amogre Ayanore, Olatunde Ayinde, José Luís Ayuso‐Mateos, Sina Azadnajafabad, Melkalem Mamuye Azanaw, Mohammadreza Azangou‐Khyavy, Amirhossein Azari Jafari, Ahmed Y. Azzam, Ashish Badiye, Nasser Bagheri, Sara Bagherieh, Mohan Bairwa, Shankar M Bakkannavar, Ravleen Kaur Bakshi, Awraris Hailu Bilchut, Till Bärnighausen, Fabio Barra, Amadou Barrow, Pritish Baskaran, Luı́s Belo, Derrick Bennett, Isabela M. Benseñor, Akshaya Srikanth Bhagavathula, Neeraj Bhala, Ashish Bhalla, Nikha Bhardwaj, Pankaj Bhardwaj, Sonu Bhaskar, Krittika Bhattacharyya, Vijayalakshmi S Bhojaraja, Bagas Suryo Bintoro, Elena A Elena Blokhina, Belay Boda Abule Bodicha, Archith Boloor, Cristina Bosetti, Dejana Braithwaite, Hermann Brenner, Н. И. Брико",525,https://doi.org/10.1016/s0140-6736(22)00847-9,Bill & Melinda Gates Foundation.,en
https://openalex.org/W1871628422,It takes Two to Tango? Understanding the <scp>C</scp>o‐production of Public Services by Integrating the Services Management and Public Administration Perspectives,2013,"Stephen P. Osborne, Kirsty Strokosch",518,https://doi.org/10.1111/1467-8551.12010,"We propose an important theoretical development for our understanding of the co‐production of public services. It combines the insights from both public administration and services management theory to produce a novel typology of co‐production. This clarifies its role at the operational and strategic levels, as well as its potential for transformational change in public services. Understanding co‐production in this way provides a basis through which to explore a whole range of dimensions of co‐production that were previously undifferentiated.",en
https://openalex.org/W2119093417,Pay for Performance in the Public Sector--Benefits and (Hidden) Costs,2009,"Antoinette Weibel, Katja Rost, Margit Osterloh",500,https://doi.org/10.1093/jopart/mup009,"Current reforms in the public sector are characterized by the introduction of businesslike incentive structures, in particular the introduction of ''pay for performance'' schemes in public institutions. However, the public sector has some specific characteristics, which might restrict the naive adoption of pay for performance. Our article analyzes whether the impact of pay for performance on performance is bound to conditions, and if this is the case, under which conditions pay for performance has a positive or a negative effect on performance. We explore this contingency in a meta-analytic review of previous experimental studies on the effects of pay for performance on performance. We further show why pay for performance sometimes negatively affects personal efforts. With an experimental vignette study we demonstrate (a) that motivation is likely to be a key influence on the effect of performance-related pay on performance, and (b) that pay for performance is generally more costly as it appears because it almost always produces hidden costs of rewards. Our findings help to explain the modest success of pay for performance in the public sector.",en
https://openalex.org/W1538871020,Aid ‘With Chinese Characteristics’: Chinese Foreign Aid and Development Finance Meet the OECD-DAC Aid Regime,2011,Deborah Bräutigam,500,https://doi.org/10.1002/jid.1798,"China's official aid programme is non-transparent and poorly understood. The paper compares development finance from China and the Organization for Economic Co-operation Development (OECD) generally and through the examination of two cases of Chinese development cooperation in Africa. These cases illustrate a major argument of the paper: that the lion's share of China's officially supported finance is not actually official development assistance (ODA). China does provide finance that meets the definition of ODA, but this is relatively small. Export credits, non-concessional state loans or aid used to foster Chinese investment do not fall into the category of ODA. China's cooperation may be developmental, but it is not primarily based on official development aid. This suggests that the institutions established at the OECD to develop and apply standards for foreign aid (the Development Assistance Committee) may not be the right ones to govern these growing ties. Copyright © 2011 John Wiley & Sons, Ltd.",en
https://openalex.org/W2055146567,Grassroots innovation movements: challenges and contributions,2013,"Adrian Smith, Mariano Fressoli, Hernán Thomas",496,https://doi.org/10.1016/j.jclepro.2012.12.025,Resumo não disponível.,en
https://openalex.org/W1994490219,Introducing 'productive interactions' in social impact assessment,2011,"Jack Spaapen, L. van Drooge",494,https://doi.org/10.3152/095820211x12941371876742,"Social impact of research is difficult to measure. Attribution problems arise because of the often long time-lag between research and a particular impact, and because impacts are the consequences of multiple causes. Furthermore, there is a lack of robust measuring instruments. We aim to overcome these problems through a different approach to evaluation where learning is the prime concern instead of judging. We focus on what goes on between researchers and other actors, and so narrow the gap between research and impact, or at least make it transparent. And by making the process visible, we are able to suggest indicator categories that arguably lead to more robust measuring instruments. We propose three categories of what we refer to as ‘productive interactions’: direct or personal interactions; indirect interactions through texts or artefacts; and financial interactions through money or ‘in kind’ contributions.",en
https://openalex.org/W2606533346,Greening cities – To be socially inclusive? About the alleged paradox of society and ecology in cities,2017,"Dagmar Haase, Sigrun Kabisch, Annegret Haase, Erik Andersson, Ellen Banzhaf, Francesc Baró, Miriam Brenck, Leonie K. Fischer, Niki Frantzeskaki, Nadja Kabisch, Kerstin Krellenberg, Peleg Kremer, Jakub Kronenberg, Neele Larondelle, Juliane Mathey, Stephan Pauleit, Irene Ring, Dieter Rink, Nina Schwarz, Manuel Wolff",493,https://doi.org/10.1016/j.habitatint.2017.04.005,Resumo não disponível.,en
https://openalex.org/W3011648816,Contributions and Risks of Artificial Intelligence (AI) in Building Smarter Cities: Insights from a Systematic Review of the Literature,2020,"Tan Yiğitcanlar, Kevin C. Desouza, Luke Butler, Farnoosh Roozkhosh",491,https://doi.org/10.3390/en13061473,"Artificial intelligence (AI) is one of the most disruptive technologies of our time. Interest in the use of AI for urban innovation continues to grow. Particularly, the rise of smart cities—urban locations that are enabled by community, technology, and policy to deliver productivity, innovation, livability, wellbeing, sustainability, accessibility, good governance, and good planning—has increased the demand for AI-enabled innovations. There is, nevertheless, no scholarly work that provides a comprehensive review on the topic. This paper generates insights into how AI can contribute to the development of smarter cities. A systematic review of the literature is selected as the methodologic approach. Results are categorized under the main smart city development dimensions, i.e., economy, society, environment, and governance. The findings of the systematic review containing 93 articles disclose that: (a) AI in the context of smart cities is an emerging field of research and practice. (b) The central focus of the literature is on AI technologies, algorithms, and their current and prospective applications. (c) AI applications in the context of smart cities mainly concentrate on business efficiency, data analytics, education, energy, environmental sustainability, health, land use, security, transport, and urban management areas. (d) There is limited scholarly research investigating the risks of wider AI utilization. (e) Upcoming disruptions of AI in cities and societies have not been adequately examined. Current and potential contributions of AI to the development of smarter cities are outlined in this paper to inform scholars of prospective areas for further research.",en
https://openalex.org/W2625237324,"Working Anytime, Anywhere: The Effects on the World of Work",2017,Eurofound,487,,"[Excerpt] New information and communications technologies (ICT) have revolutionised everyday work and life in the 21st century. They enable people to connect with friends and family ? as well as with work colleagues and supervisors ? at any point in time; however, they also facilitate the encroachment of paid work into the spaces and times normally reserved for personal life. The uncoupling of paid work from traditional office spaces has been a crucial factor in this development. Today?s office work and, more broadly, knowledge work, is supported by the internet, and can be carried out from practically any location and at any time. This new spatial independence has transformed the role of technology in the work environment, offering both new opportunities and new challenges. This report considers the impact of telework/ICT-mobile work (T/ICTM) on the world of work. T/ICTM can be defined as the use of ICT ? such as smartphones, tablets, laptops and desktop computers ? for the purposes of work outside the employer?s premises. The report synthesises research carried out by Eurofound?s network of European correspondents in 10 EU Member States ? Belgium, Finland, France, Germany, Hungary, Italy, the Netherlands, Spain, Sweden and the UK ? and by ILO country experts in Argentina, Brazil, India, Japan and the US. These contributors were asked to review and summarise the findings of data and research literature on the subject of T/ICTM in their respective countries. The report classifies T/ICTM employees in relation to their place of work (home, office or another location) and the intensity and frequency of their work using ICT outside the employer?s premises. The following groups were identified: regular home-based teleworkers; occasional T/ICTM workers, with mid-to-low mobility and frequency of work outside the employer?s premises; and high mobile T/ICTM, with high frequency of working in various places, including working from home. The extent of the adoption of T/ICTM across different countries, and its effects on working time, performance, work?life balance, and health and well-being are analysed using information from the national studies, supplemented by data from the sixth European Working Conditions Survey. The report also reviews policy initiatives by governments, social partners and companies in relation to T/ICTM. The findings can contribute to the development of effective policies",en
https://openalex.org/W2899825622,"Population and fertility by age and sex for 195 countries and territories, 1950–2017: a systematic analysis for the Global Burden of Disease Study 2017",2018,"Christopher J L Murray, Charlton Callender, Xie Rachel Kulikoff, Vinay Srinivasan, Degu Abate, Kalkidan Hassen Abate, Solomón Mequanente Abay, Nooshin Abbasi, Hedayat Abbastabar, Jemal Abdela, Ahmed Abdelalim, Omar Abdel‐Rahman, Alireza Abdi, Nasrin Abdoli, Ibrahim Abdollahpour, Rizwan Suliankatchi Abdulkader, Haftom Temesgen Abebe, Molla Abebe, Abebe Zegeye, Teshome Abuka Abebo, Ayenew Negesse Abejie, Victor Aboyans, Haftom Niguse Abraha, Daisy Maria Xavier de Abreu, Aklılu Abrham Roba, Laith J. Abu‐Raddad, Niveen M. E. Abu-Rmeileh, Manfred Accrombessi, Pawan Acharya, Abdu A. Adamu, Oladimeji Adebayo, Isaac Akinkunmi Adedeji, Victor Adekanmbi, Olatunji Adetokunboh, Beyene Meressa Adhena, Tara Ballav Adhikari, Mina G Adib, Arsène Kouablan Adou, José Carmelo Adsuar, Mohsen Afarideh, Ashkan Afshin, Gina Agarwal, Kareha M Agesa, Sargis A. Aghayan, Sutapa Agrawal, Alireza Ahmadi, Mehdi Ahmadi, Muktar Beshir Ahmed, Sayem Ahmed, Amani Nidhal Aichour, Ibtihel Aichour, Miloud Taki Eddine Aichour, A. S. Akanda, Mohammad Esmaeil Akbari, Mohammed Akibu, Rufus Akinyemi, Tomi Akinyemiju, Nadia Akseer, Fares Alahdab, Ziyad Al‐Aly, Khurshid Alam, Animut Alebel, Alicia V Aleman, Kefyalew Addis Alene, Ayman Al‐Eyadhy, Raghib Ali, Mehran Alijanzadeh, Reza Alizadeh‐Navaei, Syed Mohamed Aljunid, Ala’a Alkerwi, François Alla, Peter Allebeck, Ali Almasi, Jordi Alonso, Rajaa Al‐Raddadi, Ubai Alsharif, Khalid A Altirkawi, Nelson Alvis‐Guzmán, Azmeraw T. Amare, Walid Ammar, Nahla Anber, Cătălina Liliana Andrei, Sofia Androudi, Megbaru Debalkie Animut, Hossein Ansari, Mustafa Geleto Ansha, Carl Abelardo T. Antonio, Seth Christopher Yaw Appiah, Olatunde Aremu, Habtamu Abera Areri, Nicholas Arian, Johan Ärnlöv, Al Artaman, Kavumpurathu Raman Thankappan, Hamid Asayesh, Ephrem Tsegay Asfaw, Solomon Weldegebreal Asgedom, Reza Assadi, Tesfay Mehari Atey, Suleman Atique",487,https://doi.org/10.1016/s0140-6736(18)32278-5,Resumo não disponível.,en
https://openalex.org/W2997411915,Small and Medium-Sized Enterprises (SMEs): The Engine of Economic Growth through Investments and Innovation,2020,"Ştefan Cristian Gherghina, Mihai Alexandru Botezatu, Alexandra Hosszu, Liliana Nicoleta Simionescu",487,https://doi.org/10.3390/su12010347,"Small and medium-sized enterprises (SMEs) are crucial for local economic development, playing a noteworthy role in job creation, poverty alleviation and economic growth, but they encounter many funding barriers. The purpose of the current paper is to investigate the impact of investments and innovation on territorial economic growth, as measured by turnover, for Romanian active enterprises, especially SMEs, over the period 2009–2017. By estimating several log–log linear regressions, the quantitative outcomes provide support for a positive influence of investments on turnover. The association was confirmed both for all active enterprises at the national level, as well as for micro, small, middle-sized and big companies. As regards expenditures on innovation, a positive impact on turnover was acknowledged for all enterprises and particularly for big companies, but there was an absence of any statistically significant relation in the case of SMEs. The impact of firm size on turnover was positive for all active enterprises at the national level, along with active micro-units. Also, the estimation results show a positive impact of the number of active micro-units on territorial economic growth. The empirical findings are relevant to managers and policymakers in order to stimulate, encourage and offer support to SMEs’ development through their strategies.",en
https://openalex.org/W1887042299,DAHITI – an innovative approach for estimating water level time series over inland waters using multi-mission satellite altimetry,2015,"Christian Schwatke, Denise Dettmering, Wolfgang Bösch, Florian Seitz",482,https://doi.org/10.5194/hess-19-4345-2015,"Abstract. Satellite altimetry has been designed for sea level monitoring over open ocean areas. However, for some years, this technology has also been used to retrieve water levels from reservoirs, wetlands and in general any inland water body, although the radar altimetry technique has been especially applied to rivers and lakes. In this paper, a new approach for the estimation of inland water level time series is described. It is used for the computation of time series of rivers and lakes available through the web service ""Database for Hydrological Time Series over Inland Waters"" (DAHITI). The new method is based on an extended outlier rejection and a Kalman filter approach incorporating cross-calibrated multi-mission altimeter data from Envisat, ERS-2, Jason-1, Jason-2, TOPEX/Poseidon, and SARAL/AltiKa, including their uncertainties. The paper presents water level time series for a variety of lakes and rivers in North and South America featuring different characteristics such as shape, lake extent, river width, and data coverage. A comprehensive validation is performed by comparisons with in situ gauge data and results from external inland altimeter databases. The new approach yields rms differences with respect to in situ data between 4 and 36 cm for lakes and 8 and 114 cm for rivers. For most study cases, more accurate height information than from other available altimeter databases can be achieved.",en
https://openalex.org/W2138453742,Innovation and Cooperation: Implications for Competition and Antitrust,1990,"Thomas M. Jorde, David J. Teece",480,https://doi.org/10.1257/jep.4.3.75,"This paper begins by describing the nature of the innovation process. We then explore socially beneficial forms of cooperation that can assist the development and commercialization of new technology, and suggest modifications to current U.S. antitrust law that would remove unnecessary impediments to organizational arrangements that support innovation and stimulate competition in the United States. The modifications we propose would create “safe harbors” for various forms of cooperative activities among competitors in unconcentrated markets, and they would permit cooperation in concentrated markets if commercialization and appropriability were thereby facilitated. These modifications would bring U.S. antitrust laws closer to what is already in place in Europe and Japan and would promote competition more assuredly than would existing law.",en
https://openalex.org/W2086015900,The availability and affordability of selected essential medicines for chronicl diseases in six low- and middle-income countries,2007,Shanthi Mendis,478,https://doi.org/10.2471/blt.06.033647,"Context-specific policies are required to improve access to essential medicines. Generic products should be promoted by educating professionals and consumers, by implementing appropriate policies and incentives, and by introducing market competition and/or price regulation. Improving governance and management efficiency, and assessing local supply options, may improve availability. Prices could be reduced by improving purchasing efficiency, eliminating taxes and regulating mark-ups.",en
https://openalex.org/W2147889003,"Real-Time Simulation Technologies for Power Systems Design, Testing, and Analysis",2015,"M. D. Omar Faruque, Thomas Strasser, Georg Lauss, Vahid Jalili-Marandi, Paul Forsyth, Christian Dufour, Venkata Dinavahi, Antonello Monti, Panos Kotsampopoulos, J.A. Martínez, Kai Strunz, Maryam Saeedifard, Xiaoyu Wang, David R. Shearer, Mario Paolone",471,https://doi.org/10.1109/jpets.2015.2427370,"This task force paper summarizes the state-of-the-art real-time digital simulation concepts and technologies that are used for the analysis, design, and testing of the electric power system and its apparatus. This paper highlights the main building blocks of the real-time simulator, i.e., hardware, software, input-output systems, modeling, and solution techniques, interfacing capabilities to external hardware and various applications. It covers the most commonly used real-time digital simulators in both industry and academia. A comprehensive list of the real-time simulators is provided in a tabular review. The objective of this paper is to summarize salient features of various real-time simulators, so that the reader can benefit from understanding the relevant technologies and their applications, which will be presented in a separate paper.",en
https://openalex.org/W2124514830,The innovation–economic growth nexus: Global evidence,2010,"Iftekhar Hasan, Christopher L. Tucci",470,https://doi.org/10.1016/j.respol.2010.07.005,Resumo não disponível.,en
https://openalex.org/W2997725403,Wastewater Treatment by Advanced Oxidation Process and Their Worldwide Research Trends,2019,"José Antonio Garrido-Cárdenas, Belén Esteban-García, Ana Agüera, J.A. Sánchez Pérez, Francisco Manzano‐Agugliaro",459,https://doi.org/10.3390/ijerph17010170,"<i>Background</i>: Water is a scarce resource and is considered a fundamental pillar of sustainable development. The modern development of society requires more and more drinking water. For this cleaner wastewater, treatments are key factors. Among those that exist, advanced oxidation processes are being researched as one of the sustainable solutions. The main objective of this manuscript is to show the scientific advances in this field. <i>Methods</i>: In this paper, a systematic analysis of all the existing scientific works was carried out to verify the evolution of this line of research. <i>Results</i>: It was observed that the three main countries researching this field are China, Spain, and the USA. Regarding the scientific collaboration between countries, three clusters were detected-one of Spain, one of China and the USA, and one of Italy and France. The publications are grouped around three types of water: industrial, urban, and drinking. Regarding the research, 15 clusters identified from the keywords analyzed the advanced oxidation process (alone or combined with biological oxidation) with the type of wastewater and the target pollutant, removal of which is intended. Finally, the most important scientific communities or clusters detected in terms of the number of published articles were those related to the elimination of pollutants of biological origin, such as bacteria, and of industrial nature, such as pesticides or pharmaceutical products.",en
https://openalex.org/W2270943509,"SENTIPENSAR CON LA TIERRA. NUEVAS LECTURAS SOBRE DESARROLLO, TERRITORIO Y DIFERENCIA",2015,Ólver Quijano Valencia,459,,"El presente libro recoge dos ensayos escritos entre el 2011 y el 2013, y una breve propuesta de investigaciÃ³n hacia el futuro que surge de los mismos. Los textos constituyen nuevas lecturas sobre desarrollo, territorio y diferencia, y contribuyen a delinear un campo que provisionalmente denominamos como ""ontologÃ­a polÃ­tica"".\nComo veremos en el segundo ensayo, el concepto de ontologÃ­a polÃ­tica busca resaltar tanto la dimensiÃ³n polÃ­tica de la ontologÃ­a como la dimensiÃ³n ontolÃ³gica de la polÃ­tica. Por un lado, toda ontologÃ­a o visiÃ³n del mundo crea una forma particular de ver y hacer la polÃ­tica; por el otro, muchos conflictos polÃ­ticos nos refieren a premisas fundamentales sobre lo que son el mundo, lo real y la vida; es decir, a ontologÃ­as.",es
https://openalex.org/W3194309324,"Global, regional, and national progress towards Sustainable Development Goal 3.2 for neonatal and child health: all-cause and cause-specific mortality findings from the Global Burden of Disease Study 2019",2021,"Katherine Paulson, Aruna M. Kamath, Shazia Alam, Kelly Bienhoff, Gdiom Gebreheat, Jaffar Abbas, Mohsen Abbasi‐Kangevari, Hedayat Abbastabar, Foad Abd-Allah, Sherief Abd‐Elsalam, Amir Abdoli, Aidin Abedi, Hassan Abolhassani, Lucas Guimarães Abreu, Eman Abu‐Gharbieh, Niveen ME Abu-Rmeileh, Abdelrahman Ibrahim Abushouk, Aishatu L. Adamu, Oladimeji Adebayo, Adeyinka Emmanuel Adegbosin, Victor Adekanmbi, Olatunji Adetokunboh, Daniel A Adeyinka, José Carmelo Adsuar, Khashayar Afshari, Mohammad Aghaali, Marcela Agudelo‐Botero, Bright Opoku Ahinkorah, Tauseef Ahmad, Keivan Ahmadi, Muktar Beshir Ahmed, Budi Aji, Yonas Akalu, Oluwaseun Akinyemi, Addis Aklilu, Ziyad Al‐Aly, Khurshid Alam, Fahad Alanezi, Turki M Alanzi, Jacqueline Elizabeth Alcalde‐Rabanal, Ayman Al‐Eyadhy, Tilahun Ali, Gianfranco Alicandro, Sheikh Mohammad Alif, Vahid Alipour, Hesam Alizade, Syed Mohamed Aljunid, Amir Almasi‐Hashiani, Nihad A. Almasri, Hesham M. Al‐Mekhlafi, Jordi Alonso, Rajaa Al‐Raddadi, Khalid A Altirkawi, Arwa Alumran, Nelson Alvis‐Guzmán, Nelson J Alvis-Zakzuk, Edward Kwabena Ameyaw, GK Mini, Mostafa Amini‐Rarani, Arianna Maever L. Amit, Dickson A Amugsi, Robert Ancuceanu, Deanna Anderlini, Cătălina Liliana Andrei, Fereshteh Ansari, Alireza Ansari‐Moghaddam, Carl Abelardo T Antonio, Ernoiz Antriyandarti, Davood Anvari, Razique Anwer, Muhammad Aqeel, Jalal Arabloo, Morteza Arab‐Zozani, Timur Aripov, Johan Ärnlöv, Kurnia Dwi Artanti, Afsaneh Arzani, Malke Asaad, Mehran Asadi-Aliabadi, Ali A. Asadi‐Pooya, Mohammad Asghari Jafarabadi, Seyyed Shamsadin Athari, Seyyede Masoume Athari, Desta Debalkie Atnafu, Alok Atreya, Madhu Sudhan Atteraya, Marcel Ausloos, Asma Awan, Beatriz Paulina Ayala Quintanilla, Getinet Ayano, Martin Amogre Ayanore, Yared Asmare Aynalem, Samad Azari, Ghasem Azarian, Zelalem Nigussie Azene, B B Darshan, Ebrahim Babaee, Ashish Badiye, Atif Amin Baig, Maciej Banach",457,https://doi.org/10.1016/s0140-6736(21)01207-1,Resumo não disponível.,en
https://openalex.org/W1980705831,Medicinal properties of ‘true’ cinnamon (Cinnamomum zeylanicum): a systematic review,2013,"Priyanga Ranasinghe, Shehani Pigera, G.A.S. Premakumara, Priyadarshani Galappaththy, Godwin Constantine, Prasad Katulanda",455,https://doi.org/10.1186/1472-6882-13-275,Resumo não disponível.,en
https://openalex.org/W2001835026,Internationalization of Services,2001,"Marcela Miozzo, Luc Soete",455,https://doi.org/10.1016/s0040-1625(00)00091-3,Resumo não disponível.,en
https://openalex.org/W2001914996,Speculative Prices and Popular Models,1990,Robert J. Shiller,455,https://doi.org/10.1257/jep.4.2.55,"The key idea of rational expectations models is to assume that people know (or behave as if they know) the true model that describes the economy. However, popular economic models (the models that are used by the broad masses of economic actors to form their expectations) are obviously not the same as those held by economists. This paper reports on data collection effort on popular models, using questionnaire survey methods, with the purpose of understanding speculative markets. I will report here on my research to understand the U.S. stock market crash of October 1987; research Fumiko Konya, Yoshiro Tsutsui, and I undertook to understand the Japanese stock market crash of October 1987; research Karl Case and I undertook to understand recent real estate booms; and research John Pound and I undertook to understand the periodic “hot” markets for initial public offerings (IPO's) of common stock.",en
https://openalex.org/W2125415152,Negotiating Statehood: Dynamics of Power and Domination in Africa,2010,"Tobias Hagmann, Didier Péclard",451,https://doi.org/10.1111/j.1467-7660.2010.01656.x,"ABSTRACT This article, which forms the introduction to a collection of studies, focuses on processes of state construction and deconstruction in contemporary Africa. Its objective is to better understand how local, national and transnational actors forge and remake the state through processes of negotiation, contestation and bricolage. Following a critique of the predominant state failure literature and its normative and analytical shortcomings, the authors identify four key arguments of the scholarly literature on the state in Africa, which concern the historicity of the state in Africa, the embeddedness of bureaucratic organizations in society, the symbolic and material dimensions of statehood and the importance of legitimacy. A heuristic framework entitled ‘negotiating statehood’ is proposed, referring to the dynamic and partly undetermined processes of state formation and failure by a multitude of social actors who compete over the institutionalization of power relations. The article then operationalizes this framework in three sections that partly conceptualize, partly illustrate who negotiates statehood in contemporary Africa (actors, resources and repertoires); where these negotiation processes occur (negotiation arenas and tables); and what these processes are all about (objects of negotiation). Empirical examples drawn from a variety of political contexts across the African continent illustrate these propositions.",en
https://openalex.org/W1514225831,"Knowledge-intensive business services: Users, carriers and sources of innovation",1998,"Ian Miles, Nikos Kastrinos, Rob Bilderbeek, Pim den Hertog, Kieron Flanagan, Willem Huntink, Mark Bouman",447,,"It has now been recognised that services play a vital role in advanced industrial economies. In most European Union (EU) member states service activities now provide around two-thirds of all jobs and Gross Domestic Product (GDP) and even higher proportion of total firms. More particularly services have provided the bulk of new jobs in the European economy and in a number of strategically important service sectors the EU has established a competitive advantage over its major trading partners, including the US and Japan. The contribution of services to technological innovation has also long been undervalued; service industries were seen as passive consumers of new technology, providing little or no input to innovation generation and diffusion. This major study by two EIMS consultant teams, from PREST in the UK and TNO from the Netherlands and mentored by Dr. Jeremy Howells of the University of Cambridge, seek to alter these outdated views of service innovation by focusing on a key service cluster involved in technological innovation, namely Knowledge-Intensive Business Services (KIBS).",en
https://openalex.org/W2901714497,"Global, regional, and national burden of tuberculosis, 1990–2016: results from the Global Burden of Diseases, Injuries, and Risk Factors 2016 Study",2018,"Hmwe Hmwe Kyu, Emilie R Maddison, Nathaniel J Henry, Jorge R Ledesma, Kirsten E. Wiens, Robert C. Reiner, Molly H Biehl, Chloe Shields, Aaron Osgood‐Zimmerman, Jennifer M. Ross, Austin Carter, Tahvi Frank, Haidong Wang, Vinay Srinivasan, Sanjay Agarwal, Fares Alahdab, Kefyalew Addis Alene, Beriwan Abdulqadir Ali, Nelson Alvis‐Guzmán, Jason R. Andrews, Carl Abelardo T. Antonio, Suleman Atique, Sachin Atre, Ashish Awasthi, Henok Tadesse Ayele, Hamid Badali, Alaa Badawi, Aleksandra Barać, Neeraj Bedi, Masoud Behzadifar, Meysam Behzadifar, Bayu Begashaw Bekele, Saba Abraham Belay, Isabela M. Benseñor, Zahid A Butt, Félix Carvalho, Kelly Cercy, Devasahayam Jesudas Christopher, Alemneh Kabeta Daba, Lalit Dandona, Rakhi Dandona, Ahmad Daryani, Feleke Mekonnen Demeke, Kebede Deribe, Samath Dhamminda Dharmaratne, David Teye Doku, Manisha Dubey, Dumessa Edessa, Ziad El‐Khatib, Shymaa Enany, Eduarda Fernandes, Florian Fischer, Alberto L. García‐Basteiro, Abadi Kahsu Gebre, Gebremedhin Berhe Gebregergs, Teklu Gebrehiwo Gebremichael, Tilayie Feto Gelano, Demeke Geremew, Philimon Gona, Amador Goodridge, Rahul Gupta, Hassan Haghparast‐Bidgoli, Gessessew Bugssa Hailu, Hamid Yimam Hassen, Mohammad Taghi Hedayati, Andualem Henok, Sorin Hostiuc, Mamusha Aman Hussen, Olayinka Stephen Ilesanmi, Seyed Sina Naghibi Irvani, Kathryn H. Jacobsen, Sarah Charlotte Johnson, Jost B Jonas, Amaha Kahsay, Surya Kant, Amir Kasaeian, Tesfaye Kassa, Yousef Khader, Morteza Abdullatif Khafaie, Fakher Rahim, Ejaz Ahmad Khan, Young‐Ho Khang, Yun Jin Kim, Sonali Kochhar, Ai Koyanagi, Kristopher J Krohn, G Anil Kumar, Ayenew Molla Lakew, Cheru Tesema Leshargie, Rakesh Lodha, Erlyn Rachelle King Macarayan, Reza Majdzadeh, Francisco Rogerlândio Martins‐Melo, Addisu Melese, Ziad A. Memish, Walter Mendoza, Desalegn Tadese Mengistu, Getnet Mengistu, Tomislav Meštrović, Babak Moazen",446,https://doi.org/10.1016/s1473-3099(18)30625-x,Resumo não disponível.,en
https://openalex.org/W3125878831,Patents and Innovation: Evidence from Economic History,2013,Petra Moser,444,https://doi.org/10.1257/jep.27.1.23,"What is the optimal system of intellectual property rights to encourage innovation? Empirical evidence from economic history can help to inform important policy questions that have been difficult to answer with modern data: For example, does the existence of strong patent laws encourage innovation? What proportion of innovations is patented? Is this share constant across industries and over time? How does patenting affect the diffusion of knowledge? How effective are prominent mechanisms, such as patent pools and compulsory licensing, that have been proposed to address problems with the patent system? This essay summarizes results of existing research and highlights promising areas for future research.",en
https://openalex.org/W1968644762,Identification of Zoonotic Genotypes of Giardia duodenalis,2009,"Hein Sprong, Simone M. Cacciò, Joke W. B. van der Giessen, on behalf of the ZOOPNET network and partners",442,https://doi.org/10.1371/journal.pntd.0000558,"Giardia duodenalis, originally regarded as a commensal organism, is the etiologic agent of giardiasis, a gastrointestinal disease of humans and animals. Giardiasis causes major public and veterinary health concerns worldwide. Transmission is either direct, through the faecal-oral route, or indirect, through ingestion of contaminated water or food. Genetic characterization of G. duodenalis isolates has revealed the existence of seven groups (assemblages A to G) which differ in their host distribution. Assemblages A and B are found in humans and in many other mammals, but the role of animals in the epidemiology of human infection is still unclear, despite the fact that the zoonotic potential of Giardia was recognised by the WHO some 30 years ago. Here, we performed an extensive genetic characterization of 978 human and 1440 animal isolates, which together comprise 3886 sequences from 4 genetic loci. The data were assembled into a molecular epidemiological database developed by a European network of public and veterinary health Institutions. Genotyping was performed at different levels of resolution (single and multiple loci on the same dataset). The zoonotic potential of both assemblages A and B is evident when studied at the level of assemblages, sub-assemblages, and even at each single locus. However, when genotypes are defined using a multi-locus sequence typing scheme, only 2 multi-locus genotypes (MLG) of assemblage A and none of assemblage B appear to have a zoonotic potential. Surprisingly, mixtures of genotypes in individual isolates were repeatedly observed. Possible explanations are the uptake of genetically different Giardia cysts by a host, or subsequent infection of an already infected host, likely without overt symptoms, with a different Giardia species, which may cause disease. Other explanations for mixed genotypes, particularly for assemblage B, are substantial allelic sequence heterogeneity and/or genetic recombination. Although the zoonotic potential of G. duodenalis is evident, evidence on the contribution and frequency is (still) lacking. This newly developed molecular database has the potential to tackle intricate epidemiological questions concerning protozoan diseases.",en
https://openalex.org/W2617245930,Connecting the sustainable development goals by their energy inter-linkages,2018,"David McCollum, L. Gomez Echeverri, Sebastian Busch, Shonali Pachauri, Simon Parkinson, Joeri Rogelj, Volker Krey, Jan C. Minx, Måns Nilsson, Anne‐Sophie Stevance, Keywan Riahi",436,https://doi.org/10.1088/1748-9326/aaafe3,"The United Nations' Sustainable Development Goals (SDGs) provide guide-posts to society as it attempts to respond to an array of pressing challenges. One of these challenges is energy; thus, the SDGs have become paramount for energy policy-making. Yet, while governments throughout the world have already declared the SDGs to be 'integrated and indivisible', there are still knowledge gaps surrounding how the interactions between the energy SDG targets and those of the non-energy-focused SDGs might play out in different contexts. In this review, we report on a large-scale assessment of the relevant energy literature, which we conducted to better our understanding of key energy-related interactions between SDGs, as well as their context-dependencies (relating to time, geography, governance, technology, and directionality). By (i) evaluating the nature and strength of the interactions identified, (ii) indicating the robustness of the evidence base, the agreement of that evidence, and our confidence in it, and (iii) highlighting critical areas where better understanding is needed or context dependencies should be considered, our review points to potential ways forward for both the policy making and scientific communities. First, we find that positive interactions between the SDGs outweigh the negative ones, both in number and magnitude. Second, of relevance for the scientific community, in order to fill knowledge gaps in critical areas, there is an urgent need for interdisciplinary research geared toward developing new data, scientific tools, and fresh perspectives. Third, of relevance for policy-making, wider efforts to promote policy coherence and integrated assessments are required to address potential policy spillovers across sectors, sustainability domains, and geographic and temporal boundaries. The task of conducting comprehensive science-to-policy assessments covering all SDGs, such as for the UN's Global Sustainable Development Report, remains manageable pending the availability of systematic reviews focusing on a limited number of SDG dimensions in each case.",en
https://openalex.org/W1972418192,Tidal energy update 2009,2009,"Fergal O. Rourke, Fergal Boyle, Anthony Reynolds",434,https://doi.org/10.1016/j.apenergy.2009.08.014,Resumo não disponível.,en
https://openalex.org/W2604620779,Child and Adolescent Health From 1990 to 2015,2017,"Nicholas J Kassebaum, Hmwe Hmwe Kyu, Leo Zoeckler, Helen Elizabeth Olsen, Katie E Thomas, Christine Pinho, Zulfiqar A Bhutta, Lalit Dandona, Alize J Ferrari, Tsegaye Tewelde Ghiwot, Simon I Hay, Yohannes Kinfu, Xiaofeng Liang, Alan D Lopez, Déborah Carvalho Malta, Ali H. Mokdad, Mohsen Naghavi, George Patton, Joshua A. Salomon, Benn Sartorius, Roman Topór-Mądry, Dan J. Stein, Andrea Werdecker, Harvey Whiteford, Kalkidan Hasen Abate, Kaja Abbas, Solomon Abrha Damtew, Muktar Beshir Ahmed, Nadia Akseer, Rajaa Al‐Raddadi, Mulubirhan Assefa Alemayohu, Khalid A Altirkawi, Amanuel Alemu Abajobir, Azmeraw T. Amare, Carl Abelardo T. Antonio, Johan Ärnlöv, Al Artaman, Hamid Asayesh, Euripide Avokpaho, Ashish Awasthi, Beatriz Paulina Ayala Quintanilla, Umar Bacha, Balem Demtsu Betsu, Aleksandra Barać, Till Bärnighausen, Estifanos Baye, Neeraj Bedi, Isabela M. Benseñor, Adugnaw Berhane, Eduardo Bernabé, Óscar Bernal, Addisu Shunu Beyene, Sibhatu Biadgilign, Boris Bikbov, Cheryl Anne Boyce, Alexandra Bražinová, Gessessew Bugssa Hailu, Austin Carter, Carlos A Castañeda-Orjuela, Ferrán Catalá-López, Fiona Charlson, Abdulaal Chitheer, Jee-Young Jasmine Choi, Liliana G Ciobanu, John A. Crump, Rakhi Dandona, Robert P Dellavalle, Amare Deribew, Gabrielle deVeber, Daniel Dicker, Eric L. Ding, Manisha Dubey, Amanuel Yesuf Endries, Holly E Erskine, Emerito Jose A Faraon, André Faro, Farshad Farzadfar, João Carlos Fernandes, Daniel Obadare Fijabi, Christina Fitzmaurice, Thomas Fleming, Luísa Sório Flor, Kyle J Foreman, Richard C. Franklin, Maya Fraser, Joseph Frostad, Nancy Fullman, Gebremedhin Berhe Gebregergs, Alemseged Aregay Gebru, Johanna M. Geleijnse, Katherine B. Gibney, Mahari Gidey Yihdego, Ibrahim Ginawi, Melkamu Dedefo Gishu, Tessema Assefa Gizachew, Elizabeth Glaser, Audra L Gold, Ellen M Goldberg, Philimon Gona, Atsushi Goto",431,https://doi.org/10.1001/jamapediatrics.2017.0250,"Consistent international attention and investment have led to sustained improvements in causes of health loss among children and adolescents in many countries, although progress has been uneven. The persistence of infectious diseases in some countries, coupled with ongoing epidemiologic transition to injuries and noncommunicable diseases, require all countries to carefully evaluate and implement appropriate strategies to maximize the health of their children and adolescents and for the international community to carefully consider which elements of child and adolescent health should be monitored.",en
https://openalex.org/W2997550531,Future Global Meteorological Drought Hot Spots: A Study Based on CORDEX Data,2019,"Jonathan Spinoni, Paulo Barbosa, Edoardo Bucchignani, John J. Cassano, Tereza Cavazos, Jens Hesselbjerg Christensen, Ole B. Christensen, Erika Coppola, Jason P. Evans, Beate Geyer, Filippo Giorgi, Panos Hadjinicolaou, Daniela Jacob, Jack Katzfey, Torben Koenigk, René Laprise, Chris Lennard, M. Levent Kurnaz, Delei Li, Marta Llopart, Niall McCormick, Gustavo Naumann, Grigory Nikulin, Tuğba Öztürk, Hans-Juergen Panitz, Rosmeri Porfírio da Rocha, Burkhardt Rockel, Silvina A. Solman, Jozef Syktus, Fredolin Tangang, Claas Teichmann, Robert Vautard, J. Vogt, Katja Winger, George Zittis, Alessandro Dosio",431,https://doi.org/10.1175/jcli-d-19-0084.1,"Abstract Two questions motivated this study: 1) Will meteorological droughts become more frequent and severe during the twenty-first century? 2) Given the projected global temperature rise, to what extent does the inclusion of temperature (in addition to precipitation) in drought indicators play a role in future meteorological droughts? To answer, we analyzed the changes in drought frequency, severity, and historically undocumented extreme droughts over 1981–2100, using the standardized precipitation index (SPI; including precipitation only) and standardized precipitation-evapotranspiration index (SPEI; indirectly including temperature), and under two representative concentration pathways (RCP4.5 and RCP8.5). As input data, we employed 103 high-resolution (0.44°) simulations from the Coordinated Regional Climate Downscaling Experiment (CORDEX), based on a combination of 16 global circulation models (GCMs) and 20 regional circulation models (RCMs). This is the first study on global drought projections including RCMs based on such a large ensemble of RCMs. Based on precipitation only, ~15% of the global land is likely to experience more frequent and severe droughts during 2071–2100 versus 1981–2010 for both scenarios. This increase is larger (~47% under RCP4.5, ~49% under RCP8.5) when precipitation and temperature are used. Both SPI and SPEI project more frequent and severe droughts, especially under RCP8.5, over southern South America, the Mediterranean region, southern Africa, southeastern China, Japan, and southern Australia. A decrease in drought is projected for high latitudes in Northern Hemisphere and Southeast Asia. If temperature is included, drought characteristics are projected to increase over North America, Amazonia, central Europe and Asia, the Horn of Africa, India, and central Australia; if only precipitation is considered, they are found to decrease over those areas.",en
https://openalex.org/W4239017233,"The global, regional, and national burden of colorectal cancer and its attributable risk factors in 195 countries and territories, 1990–2017: a systematic analysis for the Global Burden of Disease Study 2017",2019,"Saeid Safiri, Sadaf G Sepanlou, Kevin S Ikuta, Catherine Bisignano, Hamideh Salimzadeh, Alireza Delavari, Reza Ansari, Gholamreza Roshandel, Shahin Merat, Christina Fitzmaurice, Lisa M Force, Molly R Nixon, Hedayat Abbastabar, Kedir Hussein Abegaz, Mohsen Afarideh, Ayat Ahmadi, Muktar Beshir Ahmed, Tomi Akinyemiju, Fares Alahdab, Raghib Ali, Mahtab Alikhani, Vahid Alipour, Syed Mohamed Aljunid, Majid A. Almadi, Amir Almasi‐Hashiani, Rajaa Al‐Raddadi, Nelson Alvis‐Guzmán, GK Mini, Nahla Anber, Alireza Ansari‐Moghaddam, Jalal Arabloo, Zohreh Arefi, Mohammad Asghari Jafarabadi, Abbas Azadmehr, Alaa Badawi, Nafiseh Baheiraei, Till Bärnighausen, Huda Basaleem, Masoud Behzadifar, Meysam Behzadifar, Yaschilal Muche Belayneh, Kidanemaryam Berhe, Krittika Bhattacharyya, Belete Biadgo, Ali Bijani, Antonio Biondi, Tone Bjørge, Antonio Maria Borzì, Cristina Bosetti, Ibrahim R. Bou-Orm, Hermann Brenner, Andrey Briko, Н. И. Брико, Giulia Carreras, Félix Carvalho, Carlos A Castañeda-Orjuela, Ester Cerin, Peggy Pei-Chia Chiang, Onyema Greg Chido‐Amajuoyi, Ahmad Daryani, Dragoş Virgil Daviţoiu, Gebre Teklemariam Demoz, Rupak Desai, Mostafa Dianati Nasab, Aziz Eftekhari, Iman El Sayed, Iffat Elbarazi, Mohammad Hassan Emamian, Aman Yesuf Endries, Firooz Esmaeilzadeh, Alireza Esteghamati, Arash Etemadi, Farshad Farzadfar, Eduarda Fernandes, João Carlos Fernandes, Irina Filip, Florian Fischer, Masoud Foroutan, Mohamed M. Gad, Silvano Gallus, Fatemeh Ghaseni-Kebria, Ahmad Ghashghaee, Giuseppe Gorini, Nima Hafezi‐Nejad, Arvin Haj‐Mirzaian, Arya Haj‐Mirzaian, Susan Hasanpour‐Heidari, Amir Hasanzadeh, Soheil Hassanipour, Simon I Hay, Chi Linh Hoang, Mihaela Hostiuc, Mowafa Househ, Olayinka Stephen Ilesanmi, Milena Ilić, Kaire Innos, Seyed Sina Naghibi Irvani, Farhad Islami, Anelisa Jaca, Nader Jafari Balalami",422,https://doi.org/10.1016/s2468-1253(19)30345-0,Resumo não disponível.,en
https://openalex.org/W3041362921,"Security, Privacy and Risks Within Smart Cities: Literature Review and Development of a Smart City Interaction Framework",2020,"Elvira Ismagilova, Laurie Hughes, Nripendra P. Rana, Yogesh K. Dwivedi",421,https://doi.org/10.1007/s10796-020-10044-1,Resumo não disponível.,en
https://openalex.org/W2743384080,Sustainable development of smart cities: a systematic review of the literature,2017,"Evelin Priscila Trindade, Marcus Phoebe Farias Hinnig, Eduardo Moreira da Costa, Jamile Sabatini‐Marques, Rogério Cid Bastos, Tan Yiğitcanlar",421,https://doi.org/10.1186/s40852-017-0063-2,Resumo não disponível.,en
https://openalex.org/W2999723559,Industrial Policy in the 21st Century,2020,"Ha‐Joon Chang, Antonio Andreoni",419,https://doi.org/10.1111/dech.12570,"ABSTRACT Industrial policy is back at the centre stage of policy debate, while the world is undergoing dramatic transformations. This article contributes to the debate by developing a new theory of industrial policy, incorporating some issues that have been neglected so far and taking into account the recent changes in economic reality. The authors explore how the incorporation of some of the neglected issues — commitments under uncertainty, learning in production, macroeconomic management (especially demand management), and conflict management — changes the theory. They then examine how the theory of industrial policy should be modified in light of recent changes in economic reality: the rise of the global value chain, financialization and new imperialism. This contribution aims at promoting a pragmatic approach to industrial policy and pointing to new areas for policy intervention in a changing world.",en
https://openalex.org/W2345673676,Bridging analytical approaches for low-carbon transitions,2016,"Frank W. Geels, Frans Berkhout, Detlef P. van Vuuren",415,https://doi.org/10.1038/nclimate2980,Resumo não disponível.,en
https://openalex.org/W2785413673,Co-Production and Co-Creation,2018,"Taco Brandsen, Trui Steen, Bram Verschuere",414,https://doi.org/10.4324/9781315204956,"Co-production and co-creation occur when citizens participate actively in delivering and designing the services they receive. It has come increasingly onto the agenda of policymakers, as interest in citizen participation has more generally soared. Expectations are high and it is regarded as a possible solution to the public sector’s decreased legitimacy and dwindling resources, by accessing more of society’s capacities. In addition, it is seen as part of a more general drive to reinvigorate voluntary participation and strengthen social cohesion in an increasingly fragmented and individualized society. Co-Production and Co-Creation: Engaging Citizens in Public Services offers a systematic and comprehensive theoretical and empirical examination of the concepts of co-production and co-creation and their application in practice. It shows the latest state of knowledge on the topic and will be of interest to students at an advanced level, academics and reflective practitioners. It addresses the topics with regard to co-production and co-creation and will be of interest to researchers, academics, policymakers, and students in the fields of public administration, business administration, economics, political science, public management, political science, service management, sociology and voluntary sector studies.",en
https://openalex.org/W2606029999,The effect of active video games on cognitive functioning in clinical and non-clinical populations: A meta-analysis of randomized controlled trials,2017,"Emma Stanmore, Brendon Stubbs, Davy Vancampfort, Eling D. de Bruin, Joseph Firth",414,https://doi.org/10.1016/j.neubiorev.2017.04.011,"Physically-active video games ('exergames') have recently gained popularity for leisure and entertainment purposes. Using exergames to combine physical activity and cognitively-demanding tasks may offer a novel strategy to improve cognitive functioning. Therefore, this systematic review and meta-analysis was performed to establish effects of exergames on overall cognition and specific cognitive domains in clinical and non-clinical populations. We identified 17 eligible RCTs with cognitive outcome data for 926 participants. Random-effects meta-analyses found exergames significantly improved global cognition (g=0.436, 95% CI=0.18-0.69, p=0.001). Significant effects still existed when excluding waitlist-only controlled studies, and when comparing to physical activity interventions. Furthermore, benefits of exergames where observed for both healthy older adults and clinical populations with conditions associated with neurocognitive impairments (all p<0.05). Domain-specific analyses found exergames improved executive functions, attentional processing and visuospatial skills. The findings present the first meta-analytic evidence for effects of exergames on cognition. Future research must establish which patient/treatment factors influence efficacy of exergames, and explore neurobiological mechanisms of action.",en
https://openalex.org/W2040886477,State-of-the-Art Techniques and Challenges Ahead for Distributed Generation Planning and Optimization,2012,"Andrew Keane, Luis F. Ochoa, Carmen L.T. Borges, G.W. Ault, Arturo D. Alarcón-Rodríguez, Robert Currie, Fabrizio Pilo, Chris Dent, Gareth Harrison",413,https://doi.org/10.1109/tpwrs.2012.2214406,"It is difficult to estimate how much distributed generation (DG) capacity will be connected to distribution systems in the coming years; however, it is certain that increasing penetration levels require robust tools that help assess the capabilities and requirements of the networks in order to produce the best planning and control strategies. The work of this Task Force is focused on the numerous strategies and methods that have been developed in recent years to address DG integration and planning. This paper contains a critical review of the work in this field. Although there have been numerous publications in this area, widespread implementation of the methods has not taken place. The barriers to implementation of the advanced techniques are outlined, highlighting why network operators have been slow to pick up on the research to date. Furthermore, key challenges ahead which remain to be tackled are also described, many of which have come into clear focus with the current drive towards smarter distribution networks.",en
https://openalex.org/W2158260462,Toxicology of perfluorinated compounds,2011,"T. Stahl, Daniela Mattern, H. Brunn",412,https://doi.org/10.1186/2190-4715-23-38,"Perfluorinated compounds [PFCs] have found a wide use in industrial products and processes and in a vast array of consumer products. PFCs are molecules made up of carbon chains to which fluorine atoms are bound. Due to the strength of the carbon/fluorine bond, the molecules are chemically very stable and are highly resistant to biological degradation; therefore, they belong to a class of compounds that tend to persist in the environment. These compounds can bioaccumulate and also undergo biomagnification. Within the class of PFC chemicals, perfluorooctanoic acid and perfluorosulphonic acid are generally considered reference substances. Meanwhile, PFCs can be detected almost ubiquitously, e.g., in water, plants, different kinds of foodstuffs, in animals such as fish, birds, in mammals, as well as in human breast milk and blood. PFCs are proposed as a new class of 'persistent organic pollutants'. Numerous publications allude to the negative effects of PFCs on human health. The following review describes both external and internal exposures to PFCs, the toxicokinetics (uptake, distribution, metabolism, excretion), and the toxicodynamics (acute toxicity, subacute and subchronic toxicities, chronic toxicity including carcinogenesis, genotoxicity and epigenetic effects, reproductive and developmental toxicities, neurotoxicity, effects on the endocrine system, immunotoxicity and potential modes of action, combinational effects, and epidemiological studies on perfluorinated compounds).",en
https://openalex.org/W1965048841,"Who matters to universities? A stakeholder perspective on humanities, arts and social sciences valorisation",2009,"Paul Benneworth, Ben Jongbloed",403,https://doi.org/10.1007/s10734-009-9265-2,Resumo não disponível.,en
https://openalex.org/W2186791108,Lost in Development's Shadow: The Downstream Human Consequences of Dams,2010,"Brian D. Richter, Sandra Postel, Carmen Revenga, Thayer Scudder, Bernhard Lehner, Allegra Churchill, Morgan Chow",399,,"The World Commission on Dams (WCD) report documented a number of social and environmental problems observed in dam development projects. The WCD gave particular emphasis to the challenges of properly resettling populations physically displaced by dams, and estimated the total number of people directly displaced at 40-80 million. Less attention has been given, however, to populations living downstream of dams whose livelihoods have been affected by dam-induced alterations of river flows. By substantially changing natural flow patterns and blocking movements of fish and other animals, large dams can severely disrupt natural riverine production systems – especially fisheries, flood-recession agriculture and dry-season grazing. We offer here the first global estimate of the number of river-dependent people potentially affected by dam-induced changes in river flows and other ecosystem conditions. Our conservative estimate of 472 million river-dependent people living downstream of large dams along impacted river reaches lends urgency to the need for more comprehensive assessments of dam costs and benefits, as well as to the social inequities between dam beneficiaries and those potentially disadvantaged by dam projects. We conclude with three key steps in dam development processes that could substantially alleviate the damaging downstream impacts of dams.",en
https://openalex.org/W2162515645,The Dynamics of Employment Growth,2014,"Chiara Criscuolo, Péter Gál, Carlo Menon",396,https://doi.org/10.1787/5jz417hj6hg6-en,"Motivated by the ongoing interest of policy makers in the sources of job creation, this paper presents results from a new OECD project on the dynamics of employment (DynEmp) based on an innovative methodology using firm-level data (i.e. national business registers or similar sources). It demonstrates that among small and medium sized enterprises (SMEs), young firms play a central role in creating jobs, whereas old SMEs tend to destroy jobs. This pattern holds robustly across 17 OECD countries and Brazil, extending recent evidence found in the United States. The paper also shows that young firms are always net job creators throughout the business cycle, even during the financial crisis. During the crisis, entry and post-entry growth by young firms were affected most heavily, although downsizing by old firms was responsible for most job losses. The results also highlight large cross-country differences in the growth potential of young firms, pointing to the role played by national policies in enabling successful firms to create jobs.",en
https://openalex.org/W4243665095,Granting and Renegotiating Infrastructure Concessions,2004,J. Luis Guasch,394,https://doi.org/10.1596/0-8213-5792-1,"No AccessWorld Bank Institute Development Studies1 Feb 2013Granting and Renegotiating Infrastructure ConcessionsDoing it RightAuthors/Editors: J. Luis GuaschJ. Luis Guaschhttps://doi.org/10.1596/0-8213-5792-1SectionsAboutPDF (3.9 MB) ToolsAdd to favoritesDownload CitationsTrack Citations ShareFacebookTwitterLinked In Abstract:Little over a decade ago, infrastructure concessions promised to solve Latin America's endemic infrastructure deficit. Awarded in competitive auctions, these concessions were supposed to combine private sector efficiency with rent dissipation brought about by competition. Yet something did not go quite right, as concessions were plagued with opportunistic renegotiations, most of them at the expense of taxpayers. This book is a major contribution toward understanding what went wrong and what should be done differently in the future to reap the potential benefits of infrastructure reform and private participation in infrastructure provision. It begins by analyzing a rich data set on more than 1,000 infrastructure concessions, uncovering a series of puzzling stylized facts. It then considers alternative explanations for the patterns it has uncovered, and concludes with a series of insightful policy proposals aimed at avoiding the common mistakes and make concessions to efficiently contribute to economic growth and poverty reduction. Previous bookNext book FiguresreferencesRecommendeddetailsCited byPrivate Finance of Public InfrastructureAnnual Review of Financial Economics, Vol.14, No.1Addressing Adverse Selection in Public-Private Partnership (PPP) Procurement: An Agent-Based ApproachPublic Works Management & Policy, Vol.27, No.46 July 2022The Impact of Renegotiations on Public Values in Public–Private Partnerships: A Delphi Survey in ChinaJournal of Management in Engineering, Vol.38, No.5PPP Distress and Fiscal Contingent Liabilities in South Asia11 August 2022Managing the Fiscal Risks Wrought by Ppps: A Simple Framework and Some Lessons from Chile16 June 2022Improving Public–Private Partnerships for Renewable Electricity Infrastructure in Lower- and Middle-Income CountriesJournal of Construction Engineering and Management, Vol.148, No.5Fiscal Risks from Early Termination of Public-Private Partnerships in Infrastructure15 April 2022Rational Inattention in Non-Profit Public-Private Partnerships: The Las Vegas Monorail Bankruptcy Case3 January 2022Port Development, Regulation and Financial Approach28 January 2022Motivation for Analysis and Evaluation of Logistic Costs29 March 2022Methodology: Definition and Selection of Variable to Measure Logistic Cost29 March 2022Introduction14 May 2022Doing It by the Book: Political Contestability and Public Contract RenegotiationsThe Journal of Law, Economics, and Organization, Vol.5815 December 2021Double Moral Hazard and Risk-Sharing in Construction ProjectsIEEE Transactions on Engineering Management, Vol.68, No.6Under/Over‐Investment and Early Renegotiation in Public‐Private Partnerships*The Journal of Industrial Economics, Vol.69, No.42 February 2022Renegotiations and Renewals of Public ContractsReview of Industrial Organization, Vol.59, No.32 July 2021Variation Negotiation in PPP Toll-Road Projects: Option ApproachJournal of Legal Affairs and Dispute Resolution in Engineering and Construction, Vol.13, No.4Partnership Communities, Vol.2621 October 2021What can public administration scholars learn from the economics controversies in public-private partnerships?Asia Pacific Journal of Public Administration, Vol.43, No.46 August 2021Public-Private Partnerships in South Asia: Managing the Fiscal Risks from Hidden Liabilities While Delivering Efficiency Gains7 October 2021The Determinants of Time Overruns in Portuguese Public ProjectsJournal of Infrastructure Systems, Vol.27, No.2Evaluating the performance of local SoEs as output‐maximizing entities: The case of Friuli Venezia GiuliaAnnals of Public and Cooperative Economics, Vol.92, No.217 September 2020Agency problems in public-private partnerships investment projectsEuropean Journal of Operational Research, Vol.290, No.3How PPP Renegotiation Behaviors Evolve with Traffic Changes: Evolutionary Game ApproachJournal of Construction Engineering and Management, Vol.147, No.5Public-private partnerships in Mexico: Challenges and opportunities at local levelCompetition and Regulation in Network Industries, Vol.22, No.118 January 2021PREDICTING THE LITIGATION OUTCOME OF PPP PROJECT DISPUTES BETWEEN PUBLIC AUTHORITY AND PRIVATE PARTNER USING AN ENSEMBLE MODELJournal of Business Economics and Management, Vol.22, No.2Introduction19 February 2021Defining PPP Renegotiations19 February 2021Theory on PPP Renegotiations19 February 2021Renegotiation Analysis19 February 2021How (Not) to Foster Innovations in Public Infrastructure Projects*The Scandinavian Journal of Economics, Vol.123, No.131 August 2020Contextualizing a Human Rights Perspective for Water Ethics: From Exploitation to Empowerment and Beyond21 October 2020Renegotiation Case Studies19 February 2021Public-Private Partnership in the World Economy: Possible Negative ConsequencesBaikal Research Journal, Vol.11, No.37 December 2020Gauging the stakeholders' perspective: towards PPP in building sectors and housingJournal of Housing and the Built Environment, Vol.35, No.418 June 2020Critical Failure Drivers in International Water PPP ProjectsJournal of Infrastructure Systems, Vol.26, No.4The Renegotiation on PPP Contracts and Subsidy EfficiencyIOP Conference Series: Materials Science and Engineering, Vol.96010 December 2020Insights for the future of health system partnerships in low- and middle-income countries: a systematic literature reviewBMC Health Services Research, Vol.20, No.122 June 2020Does Institutional Quality Matter for Infrastructure Provision? A Non-parametric Analysis for Italian MunicipalitiesItalian Economic Journal, Vol.6, No.328 September 2019Election Cycles and Organizations: How Politics Shapes the Performance of State-owned Enterprises over TimeAdministrative Science Quarterly, Vol.65, No.330 August 2019Performance-Based Road Contracts in ZambiaReview of Industrial Organization, Vol.57, No.110 July 2019Urban Toll Highway Concession System in Santiago, Chile: Lessons Learned after 15 YearsJournal of Infrastructure Systems, Vol.26, No.2Dispute Resolution and Litigation in PPP Road Projects: Evidence from Select CasesJournal of Legal Affairs and Dispute Resolution in Engineering and Construction, Vol.12, No.1Renegotiations of Privatization Agreement of Water Utilities: Anecdotal Evidence from European Union24 July 2020Motivating Low Carbon Waste Management Through Public–Private Partnerships—An Exploratory Case Study of India14 March 2020The challenges and contradictions of Peru's Proyecto Masivo de Energía SolarDynamics in Implementation of Public Private PartnershipsInternational Journal of Political Activism and Engagement, Vol.7, No.1Colaboración Público-Privada en Infraestructuras. Economía y retos de gobernanza (Public Private Partnerships in Infrastructure; Economics and Governance Challenges)SSRN Electronic Journal, Vol.23U.S. Surface Transportation Public–Private Partnerships: Objectives and Evidence—Extended FindingsTransportation Research Record: Journal of the Transportation Research Board, Vol.2673, No.129 July 2019Adaptive capabilities for road agencies in emerging economiesInfrastructure Asset Management, Vol.6, No.4Understanding Project Cancellation Risks in U.S. P3 Surface Transportation InfrastructureTransport PolicyMainstreaming public–private partnership in national development: H ow ready is G hana?BUSINESS STRATEGY & DEVELOPMENT, Vol.2, No.37 April 2019Exploratory factor analysis of skills requirement for PPP contract governanceBuilt Environment Project and Asset Management, Vol.9, No.2Evaluation of PPP road projects in GreeceBuilt Environment Project and Asset Management, Vol.9, No.2Ex post impact evaluation of PPP projects: an exploratory researchBuilt Environment Project and Asset Management, Vol.9, No.2Does the Project Design Matter for the Performance of Infrastructure Execution? An Assessment for ItalyItalian Economic Journal, Vol.5, No.117 January 2019A decision support system (DSS) for facilitating the scenario selection process of the renegotiation of PPP contractsEngineering, Construction and Architectural Management, Vol.321 March 2019""Cutting costs to the bone"": the Portuguese experience in renegotiating public private partnerships highways during the financial crisisTransportation, Vol.46, No.129 July 2017When Democracies Deliver, Vol.74 January 2019Introduction20 November 2018Cluster Analysis of the Intellectual Structure of PPP ResearchJournal of Management in Engineering, Vol.35, No.1Renegotiations and Corruption in Infrastructure: The Odebrecht CaseSSRN Electronic JournalIs Public-Private Partnership Better than Traditional Procurement? An Analysis Under Nash BargainingSSRN Electronic Journal, Vol.87LESSONS LEARNED FROM PROBLEMS OF FINANCING PPPs IN INDIAJournal of Japan Society of Civil Engineers, Ser. F4 (Construction and Management), Vol.75, No.2An empirical examination of moral hazards and adverse selection on PPP projectsJournal of Engineering, Design and Technology, Vol.16, No.6Renegotiations of Water Concessions: Empirical Analysis of Main DeterminantsJournal of Water Resources Planning and Management, Vol.144, No.11Modelling Risk Allocation Decisions in Public–Private Partnership Contracts using the Fuzzy Set Approach4 October 2018Contract stability in European road infrastructure PPPs: how does governmental PPP support contribute to preventing contract renegotiation?Public Management Review, Vol.20, No.830 January 2018The Outcome of Renegotiations between Institutionalized Public–Private Partnerships and Their Public Clients: Data on the Public–Private Partnerships of the German Federal Armed ForcesInternational Journal of Public Administration, Vol.41, No.924 March 2017Information Asymmetry in Renegotiation of Public–Private Partnership ProjectsJournal of Computing in Civil Engineering, Vol.32, No.4Does corruption and the institutional characteristics of the contracting authorities affect the execution of healthcare infrastructures?Journal of Public Procurement, Vol.18, No.2Taking Stock of Economic Regulation of Power Utilities in the Developing World: A Literature Review9 July 2018Risk pricing inefficiency in public–private partnershipsTransport Reviews, Vol.38, No.313 May 2017The operational competitiveness of public protected areas managed by Ezemvelo KZN WildlifeKOEDOE - African Protected Area Conservation and Science, Vol.60, No.127 March 2018Financial Conflict Resolution for Public-Private Partnership Projects Using a Three-Phase Game FrameworkJournal of Construction Engineering and Management, Vol.144, No.3PUBLIC PRIVATE PARTNERSHIPS IN EUROPE FOR BUILDING AND MANAGING PUBLIC INFRASTRUCTURES: AN ECONOMIC PERSPECTIVEAnnals of Public and Cooperative Economics, Vol.89, No.110 February 2018Public-Private Partnerships in Developing Countries: The Emerging Evidence-based CritiqueWorld Bank Research Observer, Vol.33, No.117 May 2018An Economic Analysis of Public–Private Partnerships15 September 2017Regulatory Instruments for Public–Private Partnerships4 January 2018The Evolution of Financing Conditions for PPP Contracts: Still a Private Financing Model?4 January 2018The Relative Efficiency of Competitive Tendering4 January 2018Renegotiating PPP Contracts: Opportunities and Pitfalls4 January 2018Comparative Performances of Delivery Options: Empirical Lessons4 January 2018Involving the Private Sector and PPPs in Financing Public Investments: Some Opportunities and Challenges28 December 2017Contractual Efficiency of PPP Infrastructure Projects: An Incomplete Contract ModelMathematical Problems in Engineering, Vol.2018Public Versus Private Management in Water Public Services: Taking Stock, Looking AheadSSRN Electronic JournalThe Determinant of Private Sector Participation in Infrastructure Development: A Study of the Region of Asia-PacificSSRN Electronic JournalThe law of small numbers: investigating the benefits of restricted auctions for public procurementApplied Economics, Vol.49, No.4229 January 2017Determinants of the long-term performance of initial public offerings (IPOs) in the port industryTransportation Research Part A: Policy and Practice, Vol.103From fixed to state-dependent duration in public-private partnershipsJournal of Economics & Management Strategy, Vol.26, No.39 March 2017Gouverner la grande ville : réseaux et institutionsEx Post Risk Management in Public-Private Partnership Infrastructure ProjectsProject Management Journal, Vol.48, No.31 June 2017Vor- und Nachteile ?ffentlich-Privater PartnerschaftenList Forum f?r Wirtschafts- und Finanzpolitik, Vol.42, No.46 February 2017Remuneration models and revenue risk mitigation in road public–private partnership projects – a case study from SerbiaTransportation Planning and Technology, Vol.40, No.213 December 2016A survey of critical success factors for attracting private sector participation in water supply projects in developing countriesJournal of Facilities Management, Vol.15, No.1Policy Reform and the Problem of Private Investment: Evidence from the Power SectorJournal of Policy Analysis and Management, Vol.36, No.119 October 2016Relations between Wellbeing and Transport Infrastructure of the CountryProcedia Engineering, Vol.178Where Things Happen: The Local Dimension in Regulation27 October 2016Risk Pricing Inefficiency in Public-Private PartnershipsSSRN Electronic JournalRenegotiating Public-Private PartnershipsSSRN Electronic JournalBIDDING SCHEMES FOR WATER CONCESSION PROJECTS AND ECONOMIC EFFICIENCYJournal of Japan Society of Civil Engineers, Ser. D3 (Infrastructure Planning and Management), Vol.73, No.5Transaction Costs in Public?Private Partnerships: The Weight of Institutional Quality in Developing Countries RevisitedPublic Performance & Management Review, Vol.40, No.22 December 2016Government motivation-embedded return guarantee for urban infrastructure projects based on real optionsJournal of Civil Engineering and Management, Vol.22, No.712 July 2016Bibliometric Analysis of PPP and PFI Literature: Overview of 25 Years of ResearchJournal of Construction Engineering and Management, Vol.142, No.10Transitional Public–Private Partnership Model in China: Contracting with Little Recourse to ContractsJournal of Construction Engineering and Management, Vol.142, No.10The Real Option Value of Renegotiation in Public–Private PartnershipsJournal of Construction Engineering and Management, Vol.142, No.8Winners and losers in tolled motorway renegotiations: an empirical evaluation of the Spanish pioneersPublic Money & Management, Vol.36, No.510 June 2016A review of emerging trends in global PPP research: analysis and visualizationScientometrics, Vol.107, No.321 March 2016Incomplete Contract in Private Finance Initiative (PFI) Contracts: Causes, Implications and StrategiesProcedia - Social and Behavioral Sciences, Vol.222Risk Allocation and Management Practices in Highway PPP Contracts: Pilot Study of Virginia24 May 2016Renegotiation on incomplete procurement contractsApplied Economics, Vol.48, No.2330 November 2015PPP arrangements in the Brazilian water sector: a double-edged swordWater Policy, Vol.18, No.230 September 2015Critical success factors for public-private partnership in water supply projectsFacilities, Vol.34, No.3/4Dynamic demand risk assessment for toll road projectsConstruction Management and Economics24 February 2016Public?private partnerships: a review of economic considerations with particular reference to transportation projectsTransportation Planning and Technology, Vol.39, No.223 February 2016New Structural Economics and Resource Financed InfrastructurePacific Economic Review, Vol.21, No.124 February 2016Anatomy of public-private partnerships: their creation, financing and renegotiationsInternational Journal of Managing Projects in Business, Vol.9, No.1Role of the State in Partnerships with the Private SectorJournal of Development Policy and Practice, Vol.1, No.11 January 2016Renegotiating Public-Private PartnershipsSSRN Electronic JournalPrivate Participation in US Infrastructure: The Role of PPP UnitsSSRN Electronic JournalGovernance of Public–Private Partnerships and Infrastructure Delivery: Case of the Milan, Italy, Metro Line M4Transportation Research Record: Journal of the Transportation Research Board, Vol.2597, No.125 October 2018Regulating Local Government Financing Vehicles and Public-Private Partnerships in ChinaIMF Working Papers, Vol.16, No.187Back Matter: Appendices A through D and Bibliography31 December 2015Road project termination and rebidding strategies in NigeriaJournal of Financial Management of Property and Construction, Vol.20, No.3Comparing Public?Private Partnerships and Traditional Public Procurement: Efficiency vs. FlexibilityJournal of Comparative Policy Analysis: Research and Practice, Vol.17, No.523 April 2015Public–private partnerships for transport infrastructure: Some efficiency risksNew Zealand Economic Papers, Vol.49, No.39 September 2014Contract and procurement design for PPPs in highways: the road aheadEconomia e Politica Industriale, Vol.42, No.327 June 2015Transaction Cost Analysis of In-Clinic Versus Telehealth Consultations for Chronic Pain: Preliminary Evidence for Rapid and Affordable Access to Interdisciplinary Collaborative ConsultationPain Medicine, Vol.16, No.61 June 2015Comparison of Public?Private Partnerships in Airports and Seaports in Low- and Middle-Income CountriesTransport Reviews, Vol.35, No.34 March 2015Disclosure as a tool in stakeholder relations management: a longitudinal study on the Port of RotterdamInternational Journal of Logistics Research and Applications, Vol.18, No.316 April 2015Empirical Evidence for Renegotiation of PPP Contracts in the Road SectorJournal of Legal Affairs and Dispute Resolution in Engineering and Construction, Vol.7, No.2Improving Microeconomic Efficiency of Latin American EconomiesGlobal Journal of Emerging Market Economies, Vol.7, No.225 May 2015Infrastructure Public?Private Partnerships in the Developing World: Lessons from Recent ExperienceThe Journal of Development No.46 March Comparative of and Contracts: a October PPP Contracts: the in Reviews, Vol.35, No.223 December Analysis of Transport PPPs in Reviews, Vol.35, February in public-private partnership water supply projects in Management and Economics, Vol.33, No.37 May Economics of Public-Private Partnerships: A Management and Economics, Vol.33, June factors the for public-private partnerships public and private in of Science & Policy Management, Vol.6, water with public and private a case study of Water Research and No.230 July Public and Private in Concessions: and to a Water Project in ChinaJournal of Construction Engineering and Management, and Renegotiation in Public-Private Partnership of Public Economic Vol.17, No.122 January in Public-Private PartnershipsJournal of Public Economic Vol.17, No.122 January Contracting of Public Economic Vol.17, No.122 January Simple of Public-Private PartnershipsJournal of Public Economic Vol.17, No.122 January and Market in the to in Public-Private PartnershipsSSRN Electronic and Design for PPPs in The Road AheadSSRN Electronic Analysis of Public-Private Partnerships Model in China: Contracting with Little Recourse to Electronic JournalGovernance a Latin and Vol.33, December Management for Public-Private October in South Asia: Infrastructure and October in Renegotiations Public-Private Partnerships and Government Data on Public-Private Partnerships of the German Armed ForcesInternational Public Management Journal, Vol.17, No.327 August to moral in port Research Part Logistics and Transportation Review, Toll Road Concession in It in the of Infrastructure Systems, Vol.20, in public-private partnership projects through an based on Management and Economics, Vol.32, May renegotiation and and from Latin American transport of Economics, January Political of Privatization Contracts: The Case of Water and in and & Vol.18, April in and an Economics, Vol.17, No.11 May THE AND IN AN PERSPECTIVEAnnals of Public and Cooperative Economics, February as local of the of Civil - The of the January Lessons from January A Survey of Engineering, in and Contract Electronic Contestability and Contract An Analysis of Electronic a project The of Management and Economics, PPP renegotiation a road in GreeceBuilt Environment Project and Asset Management, private partnerships in and Environment Project and Asset Management, in Road of Industrial Organization, Vol.43, No.37 June Governance A Review and Research Resources Management, Vol.27, June Determinants for Renegotiating Public Infrastructure Concessions: Evidence from of Construction Engineering and Management, to Government ContractsJournal of Infrastructure Systems, for the risk of in partnerships for Management Quarterly, Vol.13, in the initial of infrastructure projects: a and of Italian AND OF AND THE of Transportation Public-Private PartnershipsInternational Journal of and Research, May : de Partnerships: Transportation and Local Government Vol.39, Risk and Costs in Public–Private Partnerships: in the US Water Government Vol.39, Public–Private Partnerships: Design and Contracting Government Vol.39, Determinants for Renegotiating Concessions: Evidence from Local Government Vol.39, in Highway Concessions: in of in Engineering and Practice, of Local with Contracts in the Waste and Planning Government and Policy, January the Economic and Financial Model to Infrastructure Contract of Infrastructure Systems, the Development of Public-Private Partnerships in An Review, Vol.73, February PUBLIC OF of the European Economic Vol.11, January and Engineering in in PPP with a on May in the Water Sector in Latin Infrastructure the Development as to Electricity Cost Economics Electronic Cost Regulation after Public Electronic JournalThe Risks and in Public-Private PartnershipsSSRN Electronic of Public–Private Partnership in Research Record: Journal of the Transportation Research Board, No.122 May de : Vol.42, March March Local Infrastructure through PPPs: Evidence from the SectorJournal of Construction Engineering and Management, between and in infrastructure Regulation as & Vol.6, May and in Developing Countries: the of Contract of Infrastructure Development, No.223 January IN OF of International Economics and Policy, August AND Administration, No.313 January not to public An incomplete contract Journal of and Economics, August in Reviews, Vol.32, for Money and Risk in Public–Private PartnershipsJournal of the American Planning risk for a project and financial of Management, on Public-Private Partnership to This July of costs in an empirical on Italian public contractsApplied Economics, April and Value in Public-Private A Private of Management Review, performance analysis of transport infrastructure in Vol.39, January to the case of the World Policy & Management, Vol.39, International with Rapid and Electronic Design Electronic Policy and Governance Electronic et la Vol.16, April A OF Administration, Vol.89, No.46 July and Participation in of Construction Engineering and Management, of Water Vol.48, February Transportation Public–Private Partnerships: Drivers of and Planning Vol.43, July and Development: A of the of Development OF DISPUTES IN PRIVATE WATER AND FROM of Public and Cooperative Economics, February et de de : de de en de and Policy Review, December & Economics on Electricity Electronic the and of Contracts in Infrastructure of Infrastructure Systems, Vol.16, reform and in & November to revenue in real toll partnership transportation projectsConstruction Management and Economics, and with Review, Vol.17, June for toll in analysis and Money & Management, in and of International Logistics and June Partnerships and the Public Review, December and of Portuguese Policy & Management, No.22 March the of public-private partnership in the water sector: from an of private of Public Procurement, Private Sector in the of Civil and in for European and Business Research, Vol.40, of Economic Reviews, Private Sector in the of Civil Electronic Partnerships and in Electronic the of Public-Private Partnerships in a - A Framework with Electronic Highway Research Record: Journal of the Transportation Research Board, No.122 May Market Infrastructure Project Their Risks and Journal of Vol.15, de : et et design and PPPs for for the Portuguese European Journal of Health Economics, April Partnerships: and the Structure of Review of Resource Economics, Vol.1, Contracts: and Institutional of Industrial Organization, Vol.35, October and Evidence from Transactions in Latin of Industrial Organization, Vol.35, October and Economic of Industrial Organization, Vol.35, October Risk Contract for Implementation and in Policy The Power Science Quarterly, No.31 September and infrastructure An Policy, Vol.17, contract and contract in the German during the Journal of Economics, Vol.40, and Public in Road A Comparative Analysis of Recent Transactions in the and Reviews, private participation in water and Empirical from Latin of International Development, Vol.21, - and Public Utilities Privatization in Developing Bank Economic Review, November Public and Vol.27, No.31 February Regulation and Institutional Design Matter for Infrastructure Sector and Design of Public Private PartnershipsSSRN Electronic JournalThe the of Renegotiation and in Toll Road Electronic JournalThe of to the Transport Electronic with Electronic and Renegotiations in Public-Private PartnershipsSSRN Electronic the of Electronic Infrastructure Management Review, et design Public Vol.60, de the of Infrastructure Public?Private Partnership and Works Management & Policy, Vol.13, October Risks and of Private in Works Management & Policy, Vol.13, October and Market in the Economics & October of Public and Cooperative Economics, et : et and Renegotiating PPPs and and Fiscal Infrastructure from the Practices and of Latin American Water in the water sector: Determinants of Performance in Infrastructure in Electronic JournalThe Simple of Public-Private PartnershipsSSRN Electronic An for Latin American Electronic Partnerships as Research Record: Journal of the Transportation Research Board, No.122 May Fiscal for Infrastructure: The Case of Working Papers, of infrastructure in Latin of Vol.22, January IN of Economic Vol.43, the Empirical between and Electronic for Public Private and Evidence from Infrastructure Concession Electronic Development and Electronic Real for Risk in Transportation Project Research Record: Journal of the Transportation Research Board, No.122 May OF IN THE PUBLIC A of Public and Cooperative Economics, OF AN of Public and Cooperative Economics, AND THE OF of Public and Cooperative Economics, Partnerships vs. in of Industrial Organization, October in the of Industrial Organization, September of Concession Contracts: A of Industrial Organization, September for between private and public a of the of Industrial Organization, October of Industrial Organization, September Private Sector Participation in Water Services 15 Policy Review, October the and Electricity sector reform in developing Policy, Vol.14, Empirical Analysis of State and of Water Services in Bank Economic Review, Vol.20, November in Transportation Infrastructure in Research Record: Journal of the Transportation Research Board, No.122 May Infrastructure and and Policy Electronic & Structure in a Developing Electronic in Transportation Infrastructure in Research Record: Journal of the Transportation Research Board, and of in developing countries: does the of the Review of Economics and and in in Journal of Public Sector Management, Vol.18, and Regulation in Developing and A Survey of the Money and Management, Contracts for Litigation and of Economics, Vol.27, in the Public Works Concession in Research Record: Journal of the Transportation Research Board, No.122 May to Risk in Private Infrastructure Investment: A Survey of the Electronic Partnerships in Developing Countries from to Electronic in the Public Works Concession in Research Record: Journal of the Transportation Research Board, March & & and Financial Sector Economics and and",en
https://openalex.org/W2790697279,Next-Generation Innovation Policy and Grand Challenges,2018,"Stefan Kuhlmann, Arie Rip",390,https://doi.org/10.1093/scipol/scy011,"The paper explores transformative ways to address Grand Challenges, while locating them in a broader diagnosis of ongoing changes. Coping with Grand Challenges is a challenge in its own right, for policy as well as for science, technology, and innovation actors. The paper presents building blocks for a next generation of innovation policies, and it discusses the opportunities offered by new constellations of actors and their concertation. Future innovation policy designs can build on ‘creative corporatism’, a concept in which governments (or related international alliances) can adopt the crucial role of facilitating broader, more diverse ‘varieties of cooperation’ in advanced capitalist economies.",en
https://openalex.org/W2976493039,A typology of circular start-ups: An Analysis of 128 circular business models,2019,"Marvin Henry, Thomas Bauwens, Marko P. Hekkert, Julian Kirchherr",389,https://doi.org/10.1016/j.jclepro.2019.118528,Resumo não disponível.,en
https://openalex.org/W3124020986,The Case Against Patents,2013,"Michele Boldrín, David K. Levine",389,https://doi.org/10.1257/jep.27.1.3,"The case against patents can be summarized briefly: there is no empirical evidence that they serve to increase innovation and productivity, unless productivity is identified with the number of patents awarded—which, as evidence shows, has no correlation with measured productivity. Both theory and evidence suggest that while patents can have a partial equilibrium effect of improving incentives to invent, the general equilibrium effect on innovation can be negative. A properly designed patent system might serve to increase innovation at a certain time and place. Unfortunately, the political economy of government-operated patent systems indicates that such systems are susceptible to pressures that cause the ill effects of patents to grow over time. Our preferred policy solution is to abolish patents entirely and to find other legislative instruments, less open to lobbying and rent seeking, to foster innovation when there is clear evidence that laissez-faire undersupplies it. However, if that policy change seems too large to swallow, we discuss in the conclusion a set of partial reforms that could be implemented",en
https://openalex.org/W2785902509,How does culture influence innovation? A systematic literature review,2018,"Mu Tian, Ping Deng, Yingying Zhang, M. Paz Salmador",387,https://doi.org/10.1108/md-05-2017-0462,"Purpose The purpose of this paper is to conduct a systematic literature review of the studies that have analyzed the impact of culture on innovation. Design/methodology/approach The authors carried out a systematic literature review of peer-reviewed articles in the past 37 years (January 1980-January 2017). Based on a total of 61 identified primary studies, the authors developed two clusters of culture definition studied in relation to innovation, including organizational culture and national culture. Findings After reporting the findings of the systematic literature review, the authors discuss how a variety of culturally related factors combine to facilitate or restrict innovation performance in their corresponding cluster. The findings highlight the complex and idiosyncratic relationship between culture and innovation. Future research lines are recommended. Research limitations/implications The authors adopt a systematic literature review method to probe into existing literature, inevitably missing some empirical studies. Implications for future research are suggested. Practical implications The paper offers interesting implications for managers and academia. For business practitioners, this study can provide a useful reference regarding the role of cultures in the corporate internal management or international operations; for scholars, the study can provide a current research landscape and development process in this field. Originality/value The findings are derived from a systematic literature review that has studied the influence of culture on innovation. In addition, implications and insights as to where future research might be usefully inquired in this field are provided.",en
https://openalex.org/W2267793125,Making the most of community energies: Three perspectives on grassroots innovation,2015,"Adrian Smith, Tom Hargreaves, Sabine Hielscher, Mari Martiskainen, Gill Seyfang",386,https://doi.org/10.1177/0308518x15597908,"Grassroots innovations for sustainability are attracting increasing policy attention. Drawing upon a wide range of empirical research into community energy in the UK, and taking recent support from national government as a case study, we apply three distinct analytical perspectives: strategic niche management, niche policy advocacy, and critical niches. Whilst the first and second perspectives appear to explain policy influence in grassroots innovation adequately, each also shuts out more transformational possibilities. We therefore argue that, if grassroots innovation is to realise its full potential, then we need to also pursue a third, critical niches perspective, and open up debate about more socially transformative pathways to sustainability.",en
https://openalex.org/W4283385309,The effects of digital transformation on innovation and productivity: Firm-level evidence of South African manufacturing micro and small enterprises,2022,"Cyrielle Gaglio, Erika Kraemer‐Mbula, Edward Lorenz",379,https://doi.org/10.1016/j.techfore.2022.121785,"This paper studies the relationships among the use of digital communication technologies, innovation performance and productivity, using an extended version of the Crepon-Duguet-Mairesse (1998) model, for a sample of micro and small enterprises (MSEs) in a middle-income country, South Africa. Based on the results of an original survey carried out in 2019, we investigate these links for a sample of 711 manufacturing MSEs located in Johannesburg. We estimate the relationships sequentially, firstly estimating the relationship between digitalization and innovation, and secondly the relationship between innovation and productivity. Our results show that selected digital communication technologies including the use of social media and of a business mobile phone for surfing the internet have a positive effect on innovation, and that innovation conditional on the use of these technologies has a positive effect on labor productivity. The findings suggest that public programs aimed at fostering inclusive digitalization must consider the types of digital technologies that are most accessible and beneficial to small firms, including those operating informally.",en
https://openalex.org/W2170941284,Salmonella surveillance: a global survey of public health serotyping,2002,"Hallgeir Herikstad, Yasmine Motarjemi, R. V. TAUXE",377,https://doi.org/10.1017/s0950268802006842,"To better understand the global epidemiology of salmonellosis and the national surveillance programmes used for salmonella infections in humans, we conducted a global survey of the 191 WHO Member States. We gathered information on the total number of salmonella isolates serotyped, and the 15 most commonly isolated serotypes from humans in 1990 and 1995. Of the 104 countries that responded, 76 (73.1%) conducted public health surveillance for salmonella and 69 of these (90.8%) conducted serotyping as part of the surveillance. Fifty-nine countries (56.7% of those responding) provided information about the most commonly isolated serotypes in 1995. Three serotypes, Enteritidis, Typhimurium and Typhi accounted for 76.1% of all isolates reported in 1995. One of these three was the most common serotype identified in 93.2% of countries reporting data for that year. In 1995, Enteritidis was the most frequently isolated serotype in 35 countries, followed by Typhi (12 countries) and Typhimurium (8 countries). The global pandemic of Salmonella Enteritidis continued to expand. The mean national proportion of all salmonella isolates that were Enteritidis increased globally from 25.6% in 1990 to 36.3% in 1995. Serotyping is a frequently used component of a public health response to the global challenge of salmonellosis. Support for serotyping as part of national salmonella surveillance, and for rapid international communication of the results via a new WHO electronic website will help target future prevention strategies.",en
https://openalex.org/W2800179217,When and how to use Q methodology to understand perspectives in conservation research,2018,"Aiora Zabala, Chris Sandbrook, Nibedita Mukherjee",377,https://doi.org/10.1111/cobi.13123,"Understanding human perspectives is critical in a range of conservation contexts, for example, in overcoming conflicts or developing projects that are acceptable to relevant stakeholders. The Q methodology is a unique semiquantitative technique used to explore human perspectives. It has been applied for decades in other disciplines and recently gained traction in conservation. This paper helps researchers assess when Q is useful for a given conservation question and what its use involves. To do so, we explained the steps necessary to conduct a Q study, from the research design to the interpretation of results. We provided recommendations to minimize biases in conducting a Q study, which can affect mostly when designing the study and collecting the data. We conducted a structured literature review of 52 studies to examine in what empirical conservation contexts Q has been used. Most studies were subnational or national cases, but some also address multinational or global questions. We found that Q has been applied to 4 broad types of conservation goals: addressing conflict, devising management alternatives, understanding policy acceptability, and critically reflecting on the values that implicitly influence research and practice. Through these applications, researchers found hidden views, understood opinions in depth and discovered points of consensus that facilitated unlocking difficult disagreements. The Q methodology has a clear procedure but is also flexible, allowing researchers explore long-term views, or views about items other than statements, such as landscape images. We also found some inconsistencies in applying and, mainly, in reporting Q studies, whereby it was not possible to fully understand how the research was conducted or why some atypical research decisions had been taken in some studies. Accordingly, we suggest a reporting checklist.",en
https://openalex.org/W2596131175,An estimated 400–800 million tons of prey are annually killed by the global spider community,2017,"Martin Nyffeler, Klaus Birkhofer",375,https://doi.org/10.1007/s00114-017-1440-1,"Spiders have been suspected to be one of the most important groups of natural enemies of insects worldwide. To document the impact of the global spider community as insect predators, we present estimates of the biomass of annually killed insect prey. Our estimates assessed with two different methods suggest that the annual prey kill of the global spider community is in the range of 400-800 million metric tons (fresh weight), with insects and collembolans composing >90% of the captured prey. This equals approximately 1‰ of the global terrestrial net primary production. Spiders associated with forests and grasslands account for >95% of the annual prey kill of the global spider community, whereas spiders in other habitats are rather insignificant contributors over a full year. The spider communities associated with annual crops contribute less than 2% to the global annual prey kill. This, however, can be partly explained by the fact that annual crop fields are ""disturbed habitats"" with a low buildup of spider biomass and that agrobiont spiders often only kill prey over short time periods in a year. Our estimates are supported by the published results of exclusion experiments, showing that the number of herbivorous/detritivorous insects and collembolans increased significantly after spider removal from experimental plots. The presented estimates of the global annual prey kill and the relative contribution of spider predation in different biomes improve the general understanding of spider ecology and provide a first assessment of the global impact of this very important predator group.",en
https://openalex.org/W2954633393,Health systems characteristics,2019,"Luca Lorenzoni, Diana Pinto, Frederico Guanais, Tomas Reneses",373,https://doi.org/10.1787/0e8da4bd-en,"In 2018, the Inter-American Development Bank and the OECD launched a survey to collect information on key health systems characteristics in Latin American and Caribbean (LAC) countries. This paper presents the information provided by 21 of these countries. It describes country-specific arrangements to organise the population coverage against health risks and the financing of health spending. It depicts the organisation of health care delivery, focusing on the public/private mix of health care provision, provider payment schemes, user choice and competition among providers, as well as the regulation of health care supply and prices. Finally, this document provides information on governance and resource allocation in health systems (decentralisation in decision-making, nature of budget constraints and priority setting).",en
https://openalex.org/W2900585653,"Global, regional, and national burden of meningitis, 1990–2016: a systematic analysis for the Global Burden of Disease Study 2016",2018,"Joseph R. Zunt, Nicholas J Kassebaum, Natacha Blake, Linda Glennie, Claire Wright, Emma Nichols, Foad Abd-Allah, Jemal Abdela, Ahmed Abdelalim, Abdu A. Adamu, Mina G Adib, Alireza Ahmadi, Muktar Beshir Ahmed, Amani Nidhal Aichour, Ibtihel Aichour, Miloud Taki Eddine Aichour, Nadia Akseer, Rajaa Al‐Raddadi, Fares Alahdab, Kefyalew Addis Alene, Syed Mohamed Aljunid, Mohammad A. AlMazroa, Khalid A Altirkawi, Nelson Alvis‐Guzmán, Megbaru Debalkie Animut, Mina Anjomshoa, Mustafa Geleto Ansha, Rana Jawad Asghar, Euripide Avokpaho, Ashish Awasthi, Hamid Badali, Aleksandra Barać, Till Bärnighausen, Quique Bassat, Neeraj Bedi, Abate Bekele Belachew, Krittika Bhattacharyya, Zulfiqar A Bhutta, Ali Bijani, Zahid A Butt, Félix Carvalho, Carlos A Castañeda-Orjuela, Abdulaal Chitheer, Jee-Young J Choi, Devasahayam Jesudas Christopher, Anh Kim Dang, Ahmad Daryani, Gebre Teklemariam Demoz, Shirin Djalalinia, Huyen Phuc, Manisha Dubey, Eleonora Dubljanin, Eyasu Ejeta Duken, Maysaa El Sayed Zaki, Iqbal Elyazar, Hamed Fakhim, Eduarda Fernandes, Florian Fischer, Takeshi Fukumoto, Morsaleh Ganji, Abadi Kahsu Gebre, Afewerki Gebremeskel, Bradford D. Gessner, Sameer Vali Gopalani, Yuming Guo, Rahul Gupta, Gessessew Bugssa Hailu, Arvin Haj‐Mirzaian, Samer Hamidi, Simon I Hay, Andualem Henok, Seyed Sina Naghibi Irvani, Ravi Prakash Jha, Mikk Jürisson, Amaha Kahsay, Manoochehr Karami, André Karch, Amir Kasaeian, Getachew Mullu Kassa, Tesfaye Kassa, Adane Teshome Kefale, Yousef Khader, Fakher Rahim, Ejaz Ahmad Khan, Young‐Ho Khang, Jagdish Khubchandani, Ruth W Kimokoti, Adnan Kısa, Pawan Faris, Miriam Levi, Shanshan Li, Clement T. Loy, Marek Majdán, Azeem Majeed, LG Mantovani, Francisco Rogerlândio Martins‐Melo, Colm McAlinden, Varshil Mehta, Addisu Melese, Ziad A. Memish",373,https://doi.org/10.1016/s1474-4422(18)30387-9,Resumo não disponível.,en
https://openalex.org/W2151734117,Private Environmental Governance and International Relations: Exploring the Links,2003,Robert Falkner,373,https://doi.org/10.1162/152638003322068227,"This article discusses private environmental governance at the global level. It is widely acknowledged that corporations play an increasing role in global environmental politics, not only as lobbyists in international negotiations or agents of implementation, but also as actors creating private institutional arrangements that perform environmental governance functions. The rise of such private forms of global governance raises a number of questions for the study of global environmental politics: How does private governance interact with state-centric governance? In what ways are the roles/capacities of states and nonstate actors affected by private governance? Does the rise of private governance signify a shift in the ideological underpinnings of global environmental governance? This article explores these questions, seeking a better understanding of the significance of private environmental governance for International Relations.",en
https://openalex.org/W2010833608,"Food sustainability: problems, perspectives and solutions",2013,Tara Garnett,369,https://doi.org/10.1017/s0029665112002947,"The global food system makes a significant contribution to climate changing greenhouse gas emissions with all stages in the supply chain, from agricultural production through processing, distribution, retailing, home food preparation and waste, playing a part. It also gives rise to other major environmental impacts, including biodiversity loss and water extraction and pollution. Policy makers are increasingly aware of the need to address these concerns, but at the same time they are faced with a growing burden of food security and nutrition-related problems, and tasked with ensuring that there is enough food to meet the needs of a growing global population. In short, more people need to be fed better, with less environmental impact. How might this be achieved? Broadly, three main 'takes' or perspectives, on the issues and their interactions, appear to be emerging. Depending on one's view point, the problem can be conceptualised as a production challenge, in which case there is a need to change how food is produced by improving the unit efficiency of food production; a consumption challenge, which requires changes to the dietary drivers that determine food production; or a socio-economic challenge, which requires changes in how the food system is governed. This paper considers these perspectives in turn, their implications for nutrition and climate change, and their strengths and weaknesses. Finally, an argument is made for a reorientation of policy thinking which uses the insights provided by all three perspectives, rather than, as is the situation today, privileging one over the other.",en
https://openalex.org/W3209760672,The Lancet and Financial Times Commission on governing health futures 2030: growing up in a digital world,2021,"Ilona Kickbusch, Dario Piselli, Anurag Agrawal, Ran D. Balicer, Olivia Banner, M Adelhardt, Emanuele Capobianco, Christopher Fabian, Amandeep S. Gill, Deborah Lupton, Rohinton Medhora, Njide Ndili, Andrzej Ryś, Nanjira Sambuli, Dykki Settle, Soumya Swaminathan, Jeanette Vega Morales, Miranda Wolpert, Andrew Wyckoff, Lan Xue, Aferdita Bytyqi, Christian Franz, Whitney Gray, Louise Holly, Micaela Neumann, Lipsa Panda, Robert D. Smith, Enow Awah Georges Stevens, Brian Li Han Wong",368,https://doi.org/10.1016/s0140-6736(21)01824-9,Resumo não disponível.,en
https://openalex.org/W2128296295,Evaluating expert judgments,2007,"Marco R. Steenbergen, Gary Marks",368,https://doi.org/10.1111/j.1475-6765.2006.00694.x,"Abstract Although expert surveys have gained a prominent place in comparative studies of party positions on issues, their validity has been called into question. In this article, some of the validity concerns are evaluated in the context of the authors' own expert survey on national party positions vis‐à‐vis European integration. One goal of the article is to demonstrate that this expert survey produces valid measures of party positions. An equally important goal, however, is to suggest some methods that can help in assessing the quality of expert survey data. These methods, which are rooted in psychometric theory, are applicable in a variety of contexts and are easily implemented.",en
https://openalex.org/W2107168535,"Urban Physics: Effect of the micro-climate on comfort, health and energy demand",2012,"Peter Moonen, Thijs Defraeye, Viktor Dorer, Bert Blocken, Jan Carmeliet",367,https://doi.org/10.1016/j.foar.2012.05.002,Resumo não disponível.,en
https://openalex.org/W3134566654,<scp>COVID</scp>‐19 crisis and<scp>SMEs</scp>responses: The role of digital transformation,2021,"Vinícius Barreto Klein, José Leomar Todesco",367,https://doi.org/10.1002/kpm.1660,"In addition to causing dramatic damage to people's health, the coronavirus has affected also the financial health of companies worldwide. Among them, SMEs (small and medium‐sized enterprises) tend to be more vulnerable. Characteristics such as scarcity of financial resources and lack of specialized knowledge make their situation even harder. This pandemic has resulted in increased digital transformation, changes in customer behavior and the managerial and technological knowledge gap to address them. Therefore, this article discusses the general weaknesses, strengths, challenges and opportunities for SMEs to face this pandemic, and how the field of knowledge management (KM) can help. Based on the concepts of organizational resilience, we drafted a conceptual model to illustrate how their first responses were and how they could become more adapted. First, we conducted a literature search to investigate how SMEs responded to this scenario. We found responses to the financial impacts in the form of mass layoffs, temporary and permanent closures, bootstrapping of digitalization and strategic alliances. In the discussions section, we raise some key questions to demonstrate how knowledge can improve the role of digital transformation. We approach how a KM strategy could start from organizational resilience concepts to assist SMEs to seize digital transformation opportunities. As practical implications, our research raises awareness of digital transformation's role as a set of tools to adapt during and after the pandemic, along with resilience engineering and knowledge management principles. Future researchers can use this report as a conceptual guide to start their own response and adaptation plans.",en
https://openalex.org/W4388627415,Integrated global assessment of the natural forest carbon potential,2023,"Lidong Mo, Constantin M. Zohner, Peter B. Reich, Jingjing Liang, Sergio de‐Miguel, G.J. Nabuurs, Susanne S. Renner, Johan van den Hoogen, Arnan Araza, Martin Herold, Leila Mirzagholi, Haozhi Ma, Colin Averill, Oliver L. Phillips, Javier G. P. Gamarra, Iris Hordijk, Devin Routh, Meinrad Abegg, Yves C. Adou Yao, Giorgio Alberti, Angélica M. Almeyda Zambrano, Braulio Vílchez Alvarado, Esteban Álvarez‐Dávila, Patricia Álvarez-Loayza, Luciana F. Alves, Iêda Leão do Amaral, Christian Ammer, Clara Antón‐Fernández, Alejandro Araujo‐Murakami, Luzmila Arroyo, Valerio Avitabile, Gerardo A. Aymard C., Timothy R. Baker, Radomir Bałazy, Olaf Bánki, Jorcely Barroso, Meredith L. Bastian, Jean‐François Bastin, Luca Birigazzi, Philippe Birnbaum, Robert Bitariho, Pascal Boeckx, Frans Bongers, Olivier Bouriaud, Pedro H. S. Brancalion, Susanne Brandl, Francis Q. Brearley, Roel Brienen, Eben N. Broadbent, Helge Bruelheide, Filippo Bussotti, Roberto Cazzolla Gatti, Ricardo G. César, Goran Češljar, Robin L. Chazdon, Han Y. H. Chen, Chelsea Chisholm, Hyunkook Cho, Emil Cienciala, Connie J. Clark, David B. Clark, Gabriel Dalla Colletta, David A. Coomes, Fernando Cornejo Valverde, José Javier Corral‐Rivas, Philip M. Crim, Jonathan Cumming, Selvadurai Dayanandan, André Luís de Gasper, Mathieu Decuyper, Géraldine Derroire, Ben DeVries, Ilija Djordjević, Jiří Doležal, Aurélie Dourdain, Nestor Laurier Engone Obiang, Brian J. Enquist, Teresa J. Eyre, Adandé Belarmain Fandohan, Tom M. Fayle, Ted R. Feldpausch, Leandro Valle Ferreira, Leena Finér, Markus Fischer, Christine Fletcher, Lorenzo Frizzera, Damiano Gianelle, Henry B. Glick, David J. Harris, Andy Hector, Andreas Hemp, Geerten Hengeveld, Bruno Hérault, John Herbohn, Annika Hillers, Eurídice N. Honorio Coronado, Cang Hui, Thomas Ibanez, Nobuo Imai, Andrzej M. Jagodziński",365,https://doi.org/10.1038/s41586-023-06723-z,Resumo não disponível.,en
https://openalex.org/W2104194941,Using Innovations Surveys for Econometric Analysis,2010,"Jacques Mairesse, Pierre Mohnen",364,https://doi.org/10.3386/w15857,"After presenting the history, the evolution and the content of innovation surveys, we discuss the characteristics of the data they contain and the challenge they pose to the analyst and the econometrician.We document the two uses that have been made of these data: the construction of scoreboards for monitoring innovation and the scholarly analysis of various issue related to innovation.In particular we review the questions examined and the results obtained regarding the determinants, the effects, the complementarities, and the dynamics of innovation.We conclude by suggesting ways to improve the data collection and their econometric analysis.",en
https://openalex.org/W2806155052,The politics of accelerating low-carbon transitions: Towards a new research agenda,2018,"Cameron Roberts, Frank W. Geels, Matthew Lockwood, Peter Newell, Hubert Schmitz, Bruno Turnheim, Andrew Jordan",362,https://doi.org/10.1016/j.erss.2018.06.001,Resumo não disponível.,en
https://openalex.org/W2552519980,Smallholder farmers' behavioural intentions towards sustainable agricultural practices,2016,"Woldegebrial Zeweld, Guido Van Huylenbroeck, Girmay Tesfay, Stijn Speelman",362,https://doi.org/10.1016/j.jenvman.2016.11.014,Resumo não disponível.,en
https://openalex.org/W1860488696,Towards an Elaborated Theory of Inclusive Development,2015,"Joyeeta Gupta, Nicky Pouw, Mirjam Ros-Tonen",358,https://doi.org/10.1057/ejdr.2015.30,Resumo não disponível.,en
https://openalex.org/W2753100587,"Nature-Based Solutions to Climate Change Adaptation in Urban Areas—Linkages Between Science, Policy and Practice",2017,"Nadja Kabisch, Horst Korn, Jutta Stadler, Aletta Bonn",356,https://doi.org/10.1007/978-3-319-56091-5_1,"Climate change presents one of the greatest challenges to society today. Effects on nature and people are first experienced in cities as cities form microcosms with extreme temperature gradients, and by now, about half of the human population globally lives in urban areas. Climate change has significant impact on ecosystem functioning and well-being of people. Climatic stress leads to a decrease in the distribution of typical native species and influences society through health-related effects and socio-economic impacts by increased numbers of heat waves, droughts and flooding events. In addition to climate change, urbanisation and the accompanying increases in the number and size of cities are impacting ecosystems with a number of interlinked pressures. These pressures include loss and degradation of natural areas, soil sealing and the densification of built-up areas, which pose additional significant challenges to ecosystem functionality, the provision of ecosystem services and human well-being in cities around the world. However, nature-based solutions have the potential to counteract these pressures. Nature-based solutions (NBS) can foster and simplify implementation actions in urban landscapes by taking into account the services provided by nature. They include provision of urban green such as parks and street trees that may ameliorate high temperature in cities or regulate air and water flows or the allocation of natural habitat space in floodplains that may buffer impacts of flood events. Architectural solutions for buildings, such as green roofs and wall installations, may reduce temperature and save energy. This book brings together experts from science, policy and practice to provide an overview of our current state of knowledge on the effectiveness and implementation of nature-based solutions and their potential to the provision of ecosystem services, for climate change adaptation and co-benefits in urban areas. Scientific evidence to climate change adaptation is presented, and a further focus is on the potential of nature-based approaches to accelerate urban sustainability transitions and create additional, multiple health and social benefits. The book discusses socio-economic implications in relation to socio-economic equity, fairness and justice considerations when implementing NBS.",en
https://openalex.org/W2810850036,The Participatory Zeitgeist: an explanatory theoretical model of change in an era of coproduction and codesign in healthcare improvement,2018,"Victoria Palmer, Wayne Weavell, Rosemary Callander, Donella Piper, Lauralie Richard, Lynne Maher, Hilary Boyd, Helen Herrman, John Furler, Jane Gunn, Rick Iedema, Glenn Robert",354,https://doi.org/10.1136/medhum-2017-011398,"Healthcare systems redesign and service improvement approaches are adopting participatory tools, techniques and mindsets. Participatory methods increasingly used in healthcare improvement coalesce around the concept of coproduction, and related practices of cocreation, codesign and coinnovation. These participatory methods have become the new Zeitgeist-the spirit of our times in quality improvement. The rationale for this new spirit of participation relates to voice and engagement (those with lived experience should be engaged in processes of development, redesign and improvements), empowerment (engagement in codesign and coproduction has positive individual and societal benefits) and advancement (quality of life and other health outcomes and experiences of services for everyone involved should improve as a result). This paper introduces Mental Health Experience Co-design (MH ECO), a peer designed and led adapted form of Experience-based Co-design (EBCD) developed in Australia. MH ECO is said to facilitate empowerment, foster trust, develop autonomy, self-determination and choice for people living with mental illnesses and their carers, including staff at mental health services. Little information exists about the underlying mechanisms of change; the entities, processes and structures that underpin MH ECO and similar EBCD studies. To address this, we identified eight possible mechanisms from an assessment of the activities and outcomes of MH ECO and a review of existing published evaluations. The eight mechanisms, recognition, dialogue, cooperation, accountability, mobilisation, enactment, creativity and attainment, are discussed within an 'explanatory theoretical model of change' that details these and ideal relational transitions that might be observed or not with MH ECO or other EBCD studies. We critically appraise the sociocultural and political movement in coproduction and draw on interdisciplinary theories from the humanities-narrative theory, dialogical ethics, cooperative and empowerment theory. The model advances theoretical thinking in coproduction beyond motivations and towards identifying underlying processes and entities that might impact on process and outcome. TRIAL REGISTRATION NUMBER: The Australian and New Zealand Clinical Trials Registry, ACTRN12614000457640 (results).",en
https://openalex.org/W1963754104,"Making the ‘MOST’ out of RFID technology: a research agenda for the study of the adoption, usage and impact of RFID",2007,"John P. Curtin, Robert J. Kauffman, Frederick J. Riggins",354,https://doi.org/10.1007/s10799-007-0010-1,Resumo não disponível.,en
https://openalex.org/W2770500514,"Innovation, entrepreneurial, knowledge, and business ecosystems: Old wine in new bottles?",2017,"Laurent Scaringella, Agnieszka Radziwon",353,https://doi.org/10.1016/j.techfore.2017.09.023,"Rooted in the territorial approach, this theoretical paper offers a systematic literature review (SLR) of ecosystems based on a selection of 104 articles and books and their archetypes. First, we identify and discuss the four main types of ecosystems – business, innovation, entrepreneurial, and knowledge ecosystems – and indicate the presence of other transversal concepts. Second, we provide an overview of related and well-established theories from the territorial approach that have been largely omitted although they are ecosystem archetypes. Third, we identify the invariants across the four diverging streams from the ecosystem approach and the seven diverging streams from the territorial approach. Finally, we propose a research framework based on the comparison between key invariants from both approaches and discuss their similarities and differences that could serve as a foundation for future empirical research. This study therefore links the ecosystem and territorial approaches under the complex evolutionary system umbrella by creating a theoretical framework that reflects the complex interconnection between models, theories, and emerging concepts.",en
https://openalex.org/W112874940,Water-wise Rice Production,2002,"B.A.M. Bouman, H. Hengsdijk, B. Hardy, P.S. Bindraban, To Phuc Tuong, J. K. Ladha, Bouman, B.A.M., Hengsdijk, H., Hardy, B., Bindraban, P.S., Tuong, T.P., Ladha, J.K.",353,https://doi.org/10.22004/ag.econ.281822,"IRRI, together with Plant Research International of Wageningen University and Research Centre (WUR-PRI; The Netherlands), organized a thematic workshop on water-wise rice production held 8-11 April 2002 at the IRRI, Los Baños, Philippines. The objectives were to present and discuss the development, dissemination, and adoption of water-saving technologies at spatial scales ranging from the field to the irrigation system. The workshop brought together scientists and irrigation system managers from several consortia and projects examining water scarcity in rice production—the Water Workgroup of the Irrigated Rice Research Consortium, the Rice-Wheat Consortium, and the projects “Water-Less Rice, Growing More Rice with Less Water, and Ground Cover Rice Production Systems. Participants created the International Platform for Saving Water in Rice (IPSWAR). The platform's purpose is to be a mechanism to increase the efficiency and enhance the coherence of research on water savings in rice-based cropping systems in Asia. This book contains 28 papers presented at the workshop on topics of intermittent irrigation, System of Rice Intensification (SRI), aerobic rice, rice-wheat, physiology, and breeding, and irrigation systems.",en
https://openalex.org/W2159435512,Competitive Cities and Climate Change,2009,"Lamia Kamal-Chaoui, Alexis Robert",351,https://doi.org/10.1787/218830433146,"Cities are part of the climate change problem, but they are also a key part of the solution. This report offers a comprehensive analysis of how cities and metropolitan regions can change the way we think about responding to climate change. Cities consume the vast majority of global energy and are therefore major contributors of greenhouse gas emissions. At the same time, the exposed infrastructure and prevalent coastal location of many cities makes them common targets for climate change impacts such as sea level rise and fiercer storms. This report illustrates how local involvement through ?climate-conscious? urban planning and management can help achieve national climate goals and minimise tradeoffs between environmental and economic priorities. Six main chapters analyse the link between urbanisation, energy use and CO2 emissions; assess the potential contribution of local policies in reducing global energy demand and the trade-offs between economic and environmental objectives at the local scale; discuss complementary and mutually reinforcing policies such as the combination of compact growth policies with those that improve mass transit linkages; and evaluate a number of tools, including the ?greening? of existing fiscal policies, financing arrangements to combat climate change at the local level, and green innovation and jobs programmes. One of the main messages of this report is that urban policies (e.g. densification or congestion charges) can complement global climate policies (e.g. a carbon tax) by reducing global energy demand, CO2 emissions and the overall abatement costs of reducing carbon emissions. To inform the groundswell of local climate change action planning, the report highlights best practices principally from OECD member countries but also from certain non-member countries.",en
https://openalex.org/W2804617556,A systematic review of barriers to public sector innovation process,2018,"Emre Cinar, Paul Trott, Chris Simms",348,https://doi.org/10.1080/14719037.2018.1473477,"This article provides a systematic review of the empirical literature on barriers within public sector innovation processes, based on data from 63 articles. We investigate the nature of barriers using four dimensions: (i) classification; (ii) interrelations; (iii) innovation process and (iv) types of innovations. A new classification is developed to show that interaction-specific barriers emerge during collaborative innovation. Significantly, we identify that the nature of barriers are more complex than has previously been recognized, where there has been an emphasis on organizational barriers. We identify that the nature of barriers differ in process and innovation types. Moreover, they show interrelations across the process.",en
https://openalex.org/W3042728397,"Nexus between nature-based solutions, ecosystem services and urban challenges",2020,"Javier Babí Almenar, Thomas Elliot, Benedetto Rugani, Philippe Bodénan, Tomás Navarrete Gutiérrez, Guido Sonnemann, Davide Geneletti",348,https://doi.org/10.1016/j.landusepol.2020.104898,"Nature-based Solutions (NBS) are increasingly promoted to support sustainable and resilient urban planning. However, design and planning urban NBS targeted at the needs of the local context require knowledge about the causal relationships between NBS, ecosystem services (ES) and urban challenges (UC) This paper aims at contributing to this knowledge, by systematically identifying nexuses (i.e. qualitative links) between UC, ES and NBS, and describing plausible causal relationships. A conceptual UC-ES-NBS criteria framework was built, and used to guide a two-step systematic literature review on current UC and on the supply of ES by urban NBS. This was followed by a non-systematic literature review, which complemented the previous one by unveiling knowledge gaps on the biophysical and social processes and attributes on which specific ES classes depend. The non-systematic review was also used to identify additional NBS. The UC review identified 18 UC and 58 sub-challenges, and illustrated which UC were more studied, according to the type of literature and environmental and socio-economic attributes of urban contexts. The ES review led to the development of an urban NBS classification, and supported the identification of UC-ES and ES-NBS nexuses, which were analysed and classified into four groups of causal relationship. For the nexuses identified as direct plausible causal relationship, the main processes and attributes on which the supply of specific ES depend were pointed out. Relationships between UC, ES, NBS, processes, and attributes were represented in the form of network diagrams. Our results can be used to support urban policies aimed at mainstreaming NBS and as a basis to further understand UC-ES-NBS relationships.",en
https://openalex.org/W2294712836,How Social Innovation ‘Came to Be’: Tracing the Evolution of a Contested Concept,2016,"Noorseha Ayob, Simon Teasdale, KYLIE FAGAN",347,https://doi.org/10.1017/s004727941600009x,"Abstract Social innovation is a contested concept with multiple meanings that have implications beyond academia. It is not a new term – its sociological heritage can be dated to the late nineteenth century. However, until the twenty-first century the concept was sparsely utilised, and, despite its current popularity among policy makers in Europe and the United States, remains largely ignored by social policy researchers. Through bibliometric analysis we identify the most influential articles on social innovation and explore how these have conceptualised the term. We show that over time social innovation has taken on a set of meanings far removed from its sociological roots. In particular we identify a weak tradition that sees social innovation as any increase in aggregate individual utility arising from an innovation, and a strong tradition that focuses on the process of collaboration between different groups and the restructuring of power relations. We conclude by outlining implications for social policy research.",en
https://openalex.org/W2594741324,Evaluating the Hydrological Cycle over Land Using the Newly-Corrected Precipitation Climatology from the Global Precipitation Climatology Centre (GPCC),2017,"Udo Schneider, Peter Finger, Anja Meyer-Christoffer, Elke Rustemeier, Markus Ziese, Andreas Becker",347,https://doi.org/10.3390/atmos8030052,"The 2015 release of the precipitation climatology from the Global Precipitation Climatology Centre (GPCC) for 1951–2000, based on climatological normals of about 75,100 rain gauges, allows for quantification of mean land surface precipitation as part of the global water cycle. In GPCC’s 2011-release, a bulk climatological correction was applied to compensate for gauge undercatch. In this paper we derive an improved correction approach based on the synoptic weather reports for the period 1982–2015. The compared results show that the climatological approach tends to overestimate the correction for Central and Eastern Europe, especially in the northern winter, and in other regions throughout the year. Applying the mean weather-dependent correction to the GPCC’s uncorrected precipitation climatology for 1951–2000 gives a value of 854.7 mm of precipitation per year (excluding Antarctica) or 790 mm for the global land surface. The warming of nearly 1 K relative to pre-industrial temperatures is expected to be accompanied by a 2%–3% increase in global (land and ocean) precipitation. However, a comparison of climatology for 30-year reference periods from 1931–1960 up to 1981–2010 reveals no significant trend for land surface precipitation. This may be caused by the large variability of precipitation, the varying data coverage over time and other issues related to the sampling of rain-gauge networks. The GPCC continues to enlarge and further improve the quality of its database, and will generate precipitation analyses with homogeneous data coverage over time. Another way to reduce the sampling issues is the combination of rain gauge-based analyses with remote sensing (i.e., satellite or radar) datasets.",en
https://openalex.org/W4383873008,"Global, regional, and national burden of allergic disorders and their risk factors in 204 countries and territories, from 1990 to 2019: A systematic analysis for the Global Burden of Disease Study 2019",2023,"Youn Ho Shin, Bing‐Fang Hwang, Rosie Kwon, Seung Won Lee, Min Seo Kim, Jae Il Shin, Dong Keon Yon, Dong Keon Yon",345,https://doi.org/10.1111/all.15807,"Asthma and AD continue to cause significant morbidity worldwide, having increased in total prevalence and incidence cases worldwide, but having decreased in age-standardized prevalence rates from 1990 to 2019. Although both are more frequent at younger ages and more prevalent in high-SDI countries, each condition has distinct temporal and regional characteristics. Understanding the temporospatial trends in the disease burden of asthma and AD could guide future policies and interventions to better manage these diseases worldwide and achieve equity in prevention, diagnosis, and treatment.",en
https://openalex.org/W4319302882,"Estimativa de Incidência de Câncer no Brasil, 2023-2025",2023,"Marceli de Oliveira Santos, Fernanda Cristina da Silva de Lima, Luís Felipe Leite Martins, Júlio Fernando Pinto Oliveira, Liz Maria de Almeida, Marianna de Camargo Cancela",345,https://doi.org/10.32635/2176-9745.rbc.2023v69n1.3700,"Introdução: O câncer é um problema de saúde pública mundial. Na última década, houve um aumento de 20% na incidência e espera-se que, para 2030, ocorram mais de 25 milhões de casos novos. Estimativas do número de casos novos de câncer são uma ferramenta poderosa para fundamentar políticas públicas e alocação racional de recursos para o combate ao câncer. A vigilância do câncer é um elemento crucial para planejamento, monitoramento e avaliação das ações de controle do câncer. Objetivo: Estimar e descrever a incidência de câncer no país, Regiões geográficas, Unidades da Federação, Distrito Federal e capitais, por sexo, para o triênio 2023-2025. Método: As informações foram extraídas do Sistema de Informação sobre Mortalidade e dos Registros de Câncer de Base Populacional. Foram estimados os casos novos e suas respectivas taxas de incidência pelos modelos de predição tempo-linear ou pela razão de incidência e mortalidade. Resultados: São esperados 704 mil casos novos de câncer para o triênio 2023-2025. Excetuando o câncer de pele não melanoma, ocorrerão 483 mil casos novos. O câncer de mama feminina e o de próstata foram os mais incidentes com 73 mil e 71 mil casos novos, respectivamente. Em seguida, o câncer de cólon e reto (45 mil), pulmão (32 mil), estômago (21 mil) e o câncer do colo do útero (17 mil). Conclusão: No Brasil, por suas dimensões continentais e heterogeneidade, em termos de território e população, o perfil da incidência reflete a diversidade das Regiões geográficas, coexistindo padrões semelhantes ao de países desenvolvidos e em desenvolvimento.",pt
https://openalex.org/W2142008977,Measuring eco-innovation,2009,"Anthony Arundel, René Kemp",345,,"In this paper we offer a discussion of eco-innovation and methods for measuring it. Eco-innovation is a&#13;\nnew concept of great importance to business and policy makers, covering many innovations of&#13;\nenvironmental benefit. Past research and measurement activity primarily focused on pollution control and&#13;\nabatement activities or on the enviromnental goods and services sector. We argue that eco-innovation&#13;\nresearch and data collection should not be limited to such environmentally motivated innovations, but&#13;\nshould encompass all products, processes, or organizational innovations with environmental benefits.&#13;\nAttention should be broadened to include innovation in or oriented towards resource use, energy&#13;\nefficiency, greenhouse gas reduction, waste minimization, reuse and recycling, new materials (for&#13;\nexample nanotechnology-based) and eco-design. Research should cover the drivers, patterns, and benefits&#13;\nof eco-innovation for each of these applications, since these factors are likely to differ. For measuring&#13;\neco-innovation, no single method or indicator is likely to be sufficient. In general, one should therefore&#13;\napply different methods for analyzing eco-innovation - to see the ""whole elephant"" instead of just a part.&#13;\nMore effort should be devoted towards direct measurement of eco-innovation outputs using documentary&#13;\nand digital sources to complement the current emphasis on innovation inputs such as R&amp;D or patents.&#13;\nInnovation can also be measured indirectly from changes in resource efficiency and productivity. These&#13;\ntwo avenues are underexplored and should be given more attention in order to augment our rather narrow&#13;\nknowledge basis.",en
https://openalex.org/W2549859356,Racismo institucional e saúde da população negra,2016,Jurema Werneck,343,https://doi.org/10.1590/s0104-129020162610,"Resumo A saúde da mulher negra não é uma área de conhecimento ou um campo relevante nas Ciências da Saúde. É inexpressiva a produção de conhecimento cientifico nessa área e o tema não participa do currículo dos diferentes cursos de graduação e pós-graduação em saúde, com raríssimas exceções. Trata-se de assunto vago que, na maior parte dos casos, é ignorado pela maioria de pesquisadoras e pesquisadores, estudantes e profissionais de saúde no Brasil. Este trabalho pretende apresentar algumas informações acerca dos processos de formulação desse campo conceitual a partir das demandas dos movimentos sociais organizados e das formulações de especialistas. Tais informações serão apresentadas com o objetivo de subsidiar pesquisas e contribuir para a formulação e gestão de políticas públicas adequadas às necessidades expressas nos indicadores sociais e de saúde das mulheres negras brasileiras.",pt
https://openalex.org/W2603376329,"‘Shaken, but not stirred’: Sixty years of defining social innovation",2017,"Mónica Edwards-Schachter, Matthew L. Wallace",342,https://doi.org/10.1016/j.techfore.2017.03.012,Resumo não disponível.,en
https://openalex.org/W2895083798,"Safety of the fungal workhorses of industrial biotechnology: update on the mycotoxin and secondary metabolite potential of Aspergillus niger, Aspergillus oryzae, and Trichoderma reesei",2018,"Jens C. Frisvad, Lars L. H. Møller, Thomas Ostenfeld Larsen, Ravi Ranjan Kumar, José Arnau",341,https://doi.org/10.1007/s00253-018-9354-1,Resumo não disponível.,en
https://openalex.org/W2790563743,Humanizing sociotechnical transitions through energy justice: An ethical framework for global transformative change,2018,"Kirsten Jenkins, Benjamin K. Sovacool, Darren McCauley",338,https://doi.org/10.1016/j.enpol.2018.02.036,Resumo não disponível.,en
https://openalex.org/W2755407411,The Global Streamflow Indices and Metadata Archive (GSIM) – Part 1: The production of a daily streamflow archive and metadata,2018,"Hong Xuan, Lukas Gudmundsson, Michael Leonard, Seth Westra",334,https://doi.org/10.5194/essd-10-765-2018,"Abstract. This is the first part of a two-paper series presenting the Global Streamflow Indices and Metadata archive (GSIM), a worldwide collection of metadata and indices derived from more than 35 000 daily streamflow time series. This paper focuses on the compilation of the daily streamflow time series based on 12 free-to-access streamflow databases (seven national databases and five international collections). It also describes the development of three metadata products (freely available at https://doi.pangaea.de/10.1594/PANGAEA.887477): (1) a GSIM catalogue collating basic metadata associated with each time series, (2) catchment boundaries for the contributing area of each gauge, and (3) catchment metadata extracted from 12 gridded global data products representing essential properties such as land cover type, soil type, and climate and topographic characteristics. The quality of the delineated catchment boundary is also made available and should be consulted in GSIM application. The second paper in the series then explores production and analysis of streamflow indices. Having collated an unprecedented number of stations and associated metadata, GSIM can be used to advance large-scale hydrological research and improve understanding of the global water cycle.",en
https://openalex.org/W3006984136,Innovation in the Era of IoT and Industry 5.0: Absolute Innovation Management (AIM) Framework,2020,"Farhan Aslam, Aimin Wang, Mingze Li, Khaliq Ur Rehman",332,https://doi.org/10.3390/info11020124,"In the modern business environment, characterized by rapid technological advancements and globalization, abetted by IoT and Industry 5.0 phenomenon, innovation is indispensable for competitive advantage and economic growth. However, many organizations are facing problems in its true implementation due to the absence of a practical innovation management framework, which has made the implementation of the concept elusive instead of persuasive. The present study has proposed a new innovation management framework labeled as “Absolute Innovation Management (AIM)” to make innovation more understandable, implementable, and part of the organization’s everyday routine by synergizing the innovation ecosystem, design thinking, and corporate strategy to achieve competitive advantage and economic growth. The current study used an integrative literature review methodology to develop the “Absolute Innovation Management” framework. The absolute innovation management framework links the innovation ecosystem with the corporate strategy of the firm by adopting innovation management as a strategy through design thinking. Thus, making innovation more user/human-centered that is desirable by the customer, viable for business and technically feasible, creating both entrepreneurial and customer value, and boosting corporate venturing and corporate entrepreneurship to achieve competitive advantage and economic growth while addressing the needs of IoT and Industry 5.0 era. In sum, it synergizes innovation, design thinking, and strategy to make businesses future-ready for IoT and industry 5.0 revolution. The present study is significant, as it not only make considerable contributions to the existing literature on innovation management by developing a new framework but also makes the concept more practical, implementable and part of an organization’s everyday routine.",en
https://openalex.org/W2796354967,Harnessing Wicked Problems in Multi-stakeholder Partnerships,2018,"Domenico Dentoni, Verena Bitzer, Greetje Schouten",331,https://doi.org/10.1007/s10551-018-3858-6,"Despite the burgeoning literature on the governance and impact of cross-sector partnerships in the past two decades, the debate on how and when these collaborative arrangements address globally relevant problems and contribute to systemic change remains open. Building upon the notion of wicked problems and the literature on governing such wicked problems, this paper defines harnessing problems in multi-stakeholder partnerships (MSPs) as the approach of taking into account the nature of the problem and of organizing governance processes accordingly. The paper develops an innovative analytical framework that conceptualizes MSPs in terms of three governance processes (deliberation, decision-making and enforcement) harnessing three key dimensions of wicked problems (knowledge uncertainty, value conflict and dynamic complexity). The Roundtable on Sustainable Palm Oil provides an illustrative case study on how this analytical framework describes and explains organizational change in partnerships from a problem-based perspective. The framework can be used to better understand and predict the complex relationships between MSP governance processes, systemic change and societal problems, but also as a guiding tool in (re-)organizing governance processes to continuously re-assess the problems over time and address them accordingly.",en
https://openalex.org/W2143906613,Pharmaceuticals and the Developing World,2002,Michael Kremer,329,https://doi.org/10.1257/089533002320950984,"Pharmaceuticals have greatly improved health in developing countries, but many people in developing countries do not obtain even inexpensive pharmaceuticals and little pharmaceutical R&amp;D is oriented toward products needed by developing countries, such as a malaria vaccine. Access to existing products could be improved by facilitating differential pricing, for example by subsidizing donation programs, and reforming health care delivery. R&amp;D incentives could be improved if rich countries or international organization committed to purchase needed products when they are developed and make them available to the poor.",en
https://openalex.org/W2590273312,"Business incubators and accelerators: a co-citation analysis-based, systematic literature review",2018,"J. Piet Hausberg, Sabrina Korreck",329,https://doi.org/10.1007/s10961-018-9651-y,"A long and rich research tradition exists on the phenomenon of business incubators since this kind of venture support institution first emerged. One can observe an increasing heterogeneity of incubation beyond the traditional mainstream focus on regional development and university-based incubators. In the last decade, in particular the phenomenon of accelerators as a particular form of incubators received increasing research interest. A few literature reviews started summarizing the field, but left some important issues unanswered. This systematic review study contributes to this effort deriving current themes and a research agenda. We find that open innovation and social capital theory increasingly complement the resource-based view as frameworks to understand business incubation. Moreover, the phenomenon of private corporate incubators and accelerators gains traction, both in entrepreneurship theory and practice.",en
https://openalex.org/W2610650401,"Lessons for Responsible Innovation in the Business Context: A Systematic Literature Review of Responsible, Social and Sustainable Innovation Practices",2017,"Rob Lubberink, Vincent Blok, Johan van Ophem, Onno Omta",325,https://doi.org/10.3390/su9050721,"This paper aims to contribute to the ongoing conceptual debate on responsible innovation, and provides innovation practices and processes that can help to implement responsible innovation in the business context. Based on a systematic literature review of 72 empirical scholarly articles, it was possible to identify, analyse and synthesise empirical findings reported in studies on social, sustainable and responsible innovation practices in the business context. The synthesis of the included articles resulted in a refined framework for responsible innovation in the business context. This framework includes an overview of innovation practices and processes that can enhance the dimensions of responsible innovation: anticipation, reflexivity, inclusion, deliberation, responsiveness and knowledge management. Additionally, knowledge gaps are identified and a research agenda for responsible innovation is proposed. This review can therefore serve as a next step in the theoretical and practical development of responsible innovation in general, and in the business context in particular.",en
https://openalex.org/W2007864618,Application of the Firefly Algorithm for Solving the Economic Emissions Load Dispatch Problem,2010,"Theofanis Apostolopoulos, Aristidis Vlachos",324,https://doi.org/10.1155/2011/523806,"Efficient and reliable power production is necessary to meet both the profitability of power systems operations and the electricity demand, taking also into account the environmental concerns about the emissions produced by fossil-fuelled power plants. The economic emission load dispatch problem has been defined and applied in order to deal with the optimization of these two conflicting objectives, that is, the minimization of both fuel cost and emission of generating units. This paper introduces and describes a solution to this famous problem using a new metaheuristic nature-inspired algorithm, called firefly algorithm, which was developed by Dr. Xin-She Yang at Cambridge University in 2007. A general formulation of this algorithm is presented together with an analytical mathematical modeling to solve this problem by a single equivalent objective function. The results are compared with those obtained by alternative techniques proposed by the literature in order to show that it is capable of yielding good optimal solutions with proper selection of control parameters.",en
https://openalex.org/W1511467693,The Forests of the Congo Basin: State of the Forest 2010,2012,"Carlos de Wasseige, P. de Marcken, Nicolas Bayol, F Hiol-Hiol, Philippe Mayaux, Baudoin Desclée, Robert Nasi, Alain Billand, Pierre Defourny, R. Eba'a Atyi",322,,"The design of the 2010 State of the Forest report does not differ fundamentally from that of the 2008 report and relies on indicators decided on collectively by about sixty contributors. Data collection was organized from 2009 to 2010 using national groups consisting of four to ten members, depending on the countries, all of whom worked for public administrations dealing with forest issues. Data collected, covering for the most part 2008 and 2009, was validated during national workshops for public administration officials, environmental NGO representatives, the private sector and development projects. The data served to support the inputs provided by contributors of chapters for the current report, under the supervision of internationally recognized scientific committees. Furthermore, a State of the Forest 2010 sub-regional validation workshop was organized from 29 to 30 March 2011 for about 100 participants working in forest management, comprising representatives from the ten COMIFAC member countries, and several of its partners.",en
https://openalex.org/W2512865108,Systemic perspectives on scaling agricultural innovations. A review,2016,"Seerp Wigboldus, Laurens Klerkx, Cees Leeuwis, Marc Schut, Sander Muilerman, Henk Jochemsen",321,https://doi.org/10.1007/s13593-016-0380-z,Resumo não disponível.,en
https://openalex.org/W2095736533,Exploring the transition potential of renewable energy communities,2015,"Gabriella Dóci, Eleftheria Vasileiadou, Arthur C. Petersen",319,https://doi.org/10.1016/j.futures.2015.01.002,"Renewable energy communities are grassroots initiatives that invest in ‘clean energy’ in order to meet consumption needs and environmental goals and thereby – often unwittingly – conduce to the spread of renewables. Our aim in the present study is to explore the potential of renewable energy communities in the Netherlands, as social niches, to contribute to transitions in the energy system. To do so, we propose three proxies for measuring the transition potential of social niches, based on proxies for technological innovations derived from the literature. In addition, we reinterpret the notion of niches and the way transition occurs by arguing that niches are complex systems in which both technological and social innovations develop simultaneously and that during a transition entire niches link up with the regime. Furthermore, we make a distinction between internally and externally oriented niches based on their orientation and application focus. We use a comparative case study analysis complemented by a systematic literature and documentary review to show that these communities are already changing the Dutch energy system, by connecting to regime actors. Their further advancement depends on strengthening their links to established actors, but also on providing a favorable regulatory framework.",en
https://openalex.org/W3008803487,Towards a circular and low-carbon economy: Insights from the transitioning to electric vehicles and net zero economy,2020,Nana Bonsu,314,https://doi.org/10.1016/j.jclepro.2020.120659,Resumo não disponível.,en
https://openalex.org/W2735212577,Innovation and regional economic resilience: an exploratory analysis,2017,"Gillian Bristow, Adrian Healy",313,https://doi.org/10.1007/s00168-017-0841-6,"The varying rates of recovery of European regional economies from the 2007 to 2008 economic crisis have raised interesting questions about the sources of economic resilience. Policy discourse has increasingly asserted the role played by innovation in facilitating rapid recovery from economic shocks, whilst evolutionary thinking has highlighted the specific importance of innovation capacity. However, empirical evidence on this is lacking. This paper addresses this gap by providing new empirical analysis of the relationship between regional innovation capacity and the resilience of European regions to the crisis. It finds that regions identified as Innovation Leaders at the time of the crisis were significantly more likely to have either resisted the crisis or recovered quickly from it (i.e. within 3 years). This provides important insights for evolutionary approaches theorising the relationship between innovation and resilience.",en
https://openalex.org/W2949832423,Micro- and Macro-Dynamics of Open Innovation with a Quadruple-Helix Model,2019,"JinHyo Joseph Yun, Zheng Liu",312,https://doi.org/10.3390/su11123301,"This paper explores how sustainability can be achieved through open innovation in the current 4th industrial revolution. Through a literature and practice review, we identify micro- and macro-dynamics of open innovation in addition to the dynamic roles of industry, government, university, and society. In particular, the industry continuously adopts open platforms to create and maintain ecosystem innovation. The government’s role has changed from regulation control toward facilitation. Universities have become proactively engaged in multiple areas, from technology transfer to knowledge co-creation. Societies and customers have started to form new concepts, R&amp;D, and commercialization, resulting in a shared economy. Based on the analysis, we propose a conceptual framework to understand open innovation micro- and macro-dynamics with a quadruple-helix model for social, environmental, economic, cultural, policy, and knowledge sustainability. Furthermore, this provides an overview of the special issue, “Sustainability of Economy, Society, and Environment in the 4th Industrial Revolution”, which aims to respond to the 4th industrial revolution in terms of open innovation and cyber-physics from manufacturing to the service industry.",en
https://openalex.org/W2805812127,Social-ecological outcomes of agricultural intensification,2018,"Laura Vang Rasmussen, Brendan Coolsaet, Adrian Martin, Ole Mertz, Unai Pascual, Esteve Corbera, Neil Dawson, Janet Fisher, Phil Franks, Casey M. Ryan",309,https://doi.org/10.1038/s41893-018-0070-8,Resumo não disponível.,en
https://openalex.org/W2143669158,Actors in private food governance: the legitimacy of retail standards and multistakeholder initiatives with civil society participation,2009,"Doris Fuchs, Agni Kalfagianni, Tetty Havinga",307,https://doi.org/10.1007/s10460-009-9236-3,Resumo não disponível.,en
https://openalex.org/W2983640596,"A review of nature-based solutions for greywater treatment: Applications, hydraulic design, and environmental benefits",2019,"Fulvio Boano, Alice Caruso, Elisa Costamagna, Luca Ridolfi, Silvia Fiore, F. Demichelis, Ana Galvão, Joana Pisoeiro, Anacleto Rizzo, Fabio Masi",305,https://doi.org/10.1016/j.scitotenv.2019.134731,"Recognizing greywater as a relevant secondary source of water and nutrients represents an important chance for the sustainable management of water resource. In the last two decades, many studies analysed the environmental, economic, and energetic benefits of the reuse of greywater treated by nature-based solutions (NBS). This work reviews existing case studies of traditional constructed wetlands and new integrated technologies (e.g., green roofs and green walls) for greywater treatment and reuse, with a specific focus on their treatment performance as a function of hydraulic operating parameters. The aim of this work is to understand if the application of NBS can represent a valid alternative to conventional treatment technologies, providing quantitative indications for their design. Specifically, indications concerning threshold values of hydraulic design parameters to guarantee high removal performance are suggested. Finally, the existing literature on life cycle analysis of NBS for greywater treatment has been examined, confirming the provided environmental benefits.",en
https://openalex.org/W563699474,Governance for health in the 21st century,2012,"Ilona Kickbusch, David Gleicher",305,,"A range of collaborative governance mechanisms has developed in many policy arenas in the past decade. The study on governance for health in the 21st century tracks governance innovations that have been introduced to address priority determinants of health and summarizes them as five strategic approaches to smart governance for health. The study relates the emergence of joint action of the health sector and non-health sectors, of public and private actors and of citizens to achieve seminal changes in 21st-century societies. They include a new understanding of health and well-being as key features of what constitutes a successful society and vibrant economy and the higher value placed on equity and participation. The study further describes the type of structures and mechanisms that enable collaboration and outlines the new role that health ministers and ministries and public health agencies need to adopt in such a challenging policy environment.",en
https://openalex.org/W2609394856,A multi-level perspective on innovation ecosystems for path-breaking innovation,2017,"Bob Walrave, Madis Talmar, Ksenia Podoynitsyna, A.G.L. Romme, G.P.J. Verbong",303,https://doi.org/10.1016/j.techfore.2017.04.011,Resumo não disponível.,en
https://openalex.org/W2791357038,"Genesis, goals and achievements of Long-Term Ecological Research at the global scale: A critical review of ILTER and future directions",2018,"Michael Mirtl, Elizabeth T. Borer, Ika Djukic, Martin Forsius, Herbert Haubold, Wim Hugo, Jonas Jourdan, David B. Lindenmayer, William H. McDowell, Hiroyuki Muraoka, Daniel E. Orenstein, Johan Pauw, Johannes Peterseil, Hideaki Shibata, Christoph Wohner, Xiubo Yu, Peter Haase",302,https://doi.org/10.1016/j.scitotenv.2017.12.001,"Since its founding in 1993 the International Long-term Ecological Research Network (ILTER) has gone through pronounced development phases. The current network comprises 44 active member LTER networks representing 700 LTER Sites and ~80 LTSER Platforms across all continents, active in the fields of ecosystem, critical zone and socio-ecological research. The critical challenges and most important achievements of the initial phase have now become state-of-the-art in networking for excellent science. At the same time increasing integration, accelerating technology, networking of resources and a strong pull for more socially relevant scientific information have been modifying the mission and goals of ILTER. This article provides a critical review of ILTER's mission, goals, development and impacts. Major characteristics, tools, services, partnerships and selected examples of relative strengths relevant for advancing ILTER are presented. We elaborate on the tradeoffs between the needs of the scientific community and stakeholder expectations. The embedding of ILTER in an increasingly collaborative landscape of global environmental observation and ecological research networks and infrastructures is also reflected by developments of pioneering regional and national LTER networks such as SAEON in South Africa, CERN/CEOBEX in China, TERN in Australia or eLTER RI in Europe. The primary role of ILTER is currently seen as a mechanism to investigate ecosystem structure, function, and services in response to a wide range of environmental forcings using long-term, place-based research. We suggest four main fields of activities and advancements for the next decade through development/delivery of a: (1) Global multi-disciplinary community of researchers and research institutes; (2) Strategic global framework and strong partnerships in ecosystem observation and research; (3) Global Research Infrastructure (GRI); and (4) a scientific knowledge factory for societally relevant information on sustainable use of natural resources.",en
https://openalex.org/W3010097593,Biodiversity and Health in the Face of Climate Change,2019,"Melissa Marselle, Jutta Stadler, Horst Korn, Katherine N. Irvine, Aletta Bonn",300,https://doi.org/10.1007/978-3-030-02318-8,Resumo não disponível.,en
https://openalex.org/W2047033634,"The impact of the financial–economic crisis on sustainability transitions: Financial investment, governance and public discourse",2012,Frank W. Geels,300,https://doi.org/10.1016/j.eist.2012.11.004,Resumo não disponível.,en
https://openalex.org/W1516354419,"Cities, Climate Change and Multilevel Governance",2009,"Jan Corfee-Morlot, Lamia Kamal-Chaoui, Michael G. Donovan, Ian Cochran",298,https://doi.org/10.1787/220062444715,"Cities represent a challenge and an opportunity for climate change policy. As the hubs of economic activity, cities generate the bulk of GHG emissions and are thus important to mitigation strategies. Urban planning will shape future trends and the concentration of population, socio-economic activity, poverty and infrastructure in urban areas translates into particular vulnerability to increased climate hazards. City governments and urban stakeholders will therefore be essential in the design and delivery of cost-effective adaptation policies. Further, by empowering local governments, national policies could leverage existing local experiments, accelerate policy responses, foster resource mobilization and engage local stakeholders. This paper presents a framework for multilevel governance, showing that advancing governance of climate change across all levels of government and relevant stakeholders is crucial to avoid policy gaps between local action plans and national policy frameworks (vertical integration) and to encourage cross-scale learning between relevant departments or institutions in local and regional governments (horizontal dimension). Vertical and horizontal integration allows two-way benefits: locally-led or bottom-up where local initiatives influence national action and nationally-led or top-down where enabling frameworks empower local players. The most promising frameworks combine the two into hybrid models of policy dialogue where the lessons learnt are used to modify and fine-tune enabling frameworks and disseminated horizontally, achieving more efficient local implementation of climate strategies.",en
https://openalex.org/W3044606135,Levers and leverage points for pathways to sustainability,2020,"Kai M. A. Chan, David R. Boyd, Rachelle K. Gould, Jens Jetzkowitz, Jianguo Liu, Barbara Muraca, Robin Naidoo, Paige Olmsted, Terre Satterfield, Odirilwe Selomane, Gerald G. Singh, Rashid Sumaila, Hien T. Ngo, Agni Klintuni Boedhihartono, John Agard, Ana Paula Aguiar, Dolors Armenteras, Lenke Balint, Christopher Barrington‐Leigh, William W. L. Cheung, Sandra Dı́az, John Driscoll, Karen J. Esler, Harold N. Eyster, Edward J. Gregr, Shizuka Hashimoto, Gladys Cecilia Hernández Pedraza, Thomas Hickler, Marcel Kok, Tanya Lazarova, Assem A. A. Mohamed, Mike Murray‐Hudson, Patrick O’Farrell, Ignacio Palomo, Ali Kerem Saysel, Ralf Seppelt, Josef Settele, Bernardo B. N. Strassburg, Dayuan Xue, Eduardo S. Brondízio",297,https://doi.org/10.1002/pan3.10124,"Abstract Humanity is on a deeply unsustainable trajectory. We are exceeding planetary boundaries and unlikely to meet many international sustainable development goals and global environmental targets. Until recently, there was no broadly accepted framework of interventions that could ignite the transformations needed to achieve these desired targets and goals. As a component of the IPBES Global Assessment, we conducted an iterative expert deliberation process with an extensive review of scenarios and pathways to sustainability, including the broader literature on indirect drivers, social change and sustainability transformation. We asked, what are the most important elements of pathways to sustainability? Applying a social–ecological systems lens, we identified eight priority points for intervention (leverage points) and five overarching strategic actions and priority interventions (levers), which appear to be key to societal transformation. The eight leverage points are: (1) Visions of a good life, (2) Total consumption and waste, (3) Latent values of responsibility, (4) Inequalities, (5) Justice and inclusion in conservation, (6) Externalities from trade and other telecouplings, (7) Responsible technology, innovation and investment, and (8) Education and knowledge generation and sharing. The five intertwined levers can be applied across the eight leverage points and more broadly. These include: (A) Incentives and capacity building, (B) Coordination across sectors and jurisdictions, (C) Pre‐emptive action, (D) Adaptive decision‐making and (E) Environmental law and implementation. The levers and leverage points are all non‐substitutable, and each enables others, likely leading to synergistic benefits. Transformative change towards sustainable pathways requires more than a simple scaling‐up of sustainability initiatives—it entails addressing these levers and leverage points to change the fabric of legal, political, economic and other social systems. These levers and leverage points build upon those approved within the Global Assessment's Summary for Policymakers, with the aim of enabling leaders in government, business, civil society and academia to spark transformative changes towards a more just and sustainable world. A free Plain Language Summary can be found within the Supporting Information of this article.",en
https://openalex.org/W2097101726,Pesquisa Nascer no Brasil: perfil da mortalidade neonatal e avaliação da assistência à gestante e ao recém-nascido,2014,"Sônia Lansky, Amélia Augusta de Lima Friche, Antônio Augusto Moura da Sílva, Deise Campos, Sônia Duarte de Azevedo Bittencourt, Márcia Lazaro de Carvalho, Paulo Germano de Frias, Rejane Silva Cavalcante, Antônio José Lêdo Alves da Cunha",297,https://doi.org/10.1590/0102-311x00133213,"Estudo de coorte sobre a mortalidade neonatal na pesquisa Nascer no Brasil, com entrevista e avaliação de prontuários de 23.940 puérperas entre fevereiro de 2011 e outubro de 2012. Utilizou-se modelagem hierarquizada para análise dos potenciais fatores de risco para o óbito neonatal. A taxa de mortalidade foi 11,1 por mil; maior nas regiões Norte e Nordeste e nas classes sociais mais baixas. O baixo peso ao nascer, o risco gestacional e condições do recém-nascido foram os principais fatores associados ao óbito neonatal. A inadequação do pré-natal e da atenção ao parto indicaram qualidade não satisfatória da assistência. A peregrinação de gestantes para o parto e o nascimento de crianças com peso &lt; 1.500g em hospital sem UTI neonatal demonstraram lacunas na organização da rede de saúde. Óbitos de recém-nascidos a termo por asfixia intraparto e por prematuridade tardia expressam a evitabilidade dos óbitos. A qualificação da atenção, em especial da assistência hospitalar ao parto se configura como foco prioritário para maiores avanços nas políticas públicas de redução das taxas e das desigualdades na mortalidade infantil no Brasil.",pt
https://openalex.org/W2014793012,"Envelhecimento populacional, cuidado e cidadania: velhos dilemas e novos desafios",2012,Berlindes Astrid Küchemann,296,https://doi.org/10.1590/s0102-69922012000100010,"O Brasil é um país que envelhece a passos largos. Em 2011, a população idosa era de 20,5 milhões, o equivalente a 10,8% da população total. Projeções indicam que, em 2020, a população idosa brasileira será de 30,9 milhões, representando 14% da população total. Esse envelhecimento acelerado vem produzindo necessidades e demandas sociais que requerem respostas políticas adequadas do estado e da sociedade. Dentre os inúmeros desafios a serem enfrentados está a questão do cuidado. As políticas públicas de amparo aos/às idosos/as consideram a família, o estado e a sociedade igualmente responsáveis pelo cuidado. Na prática, o mesmo tem sido visto como uma questão privada e não pública, cabendo, sobretudo, à família, materializada na figura da mulher, a tarefa de cuidar dos/as idosos/as. Este trabalho tem por objetivo, mostrar o quão inadequado é esse modelo que elege as mulheres como únicas responsáveis pelo cuidado e explora as possibilidades de um modelo que permita um envelhecimento com cidadania, no qual atuem família, estado e outros atores da sociedade.",pt
https://openalex.org/W4385804356,Recommendations from the 2023 International Evidence-based Guideline for the Assessment and Management of Polycystic Ovary Syndrome,2023,"Helena Teede, Chau Thien Tay, Joop S.E. Laven, Anuja Dokras, Lisa Moran, Terhi Piltonen, Michael Costello, Jacky Boivin, Leanne M. Redman, Jacqueline Boyle, Robert J. Norman, Aya Mousa, Anju E. Joham, Wiebke Arlt, Ricardo Azziz, Adam Balen, Lisa Bedson, Lorna Berry, Jacky Boivin, Jacqueline Boyle, Leah Brennan, Wendy A. Brown, Tania S. Burgert, Maureen Busby, Carolyn Ee, Rhonda Garad, Melanie Gibson‐Helm, Cheryce L. Harrison, Roger Hart, Kim Hopkins, Angelica Lindén Hirschberg, Tuong M. Ho, Kathleen M. Hoeger, Cailin Jordan, Richard S. Legro, Rong Li, Marla E. Lujan, Ronald C.W., Darren Mansfield, Kate Marsh, Edgar Mocanu, Ben W. Mol, Rachel Mormon, Robert J. Norman, Sharon E. Oberfield, Malika Patel, Loyal Pattuwage, Alexia Peña, Leanne M. Redman, Luk Rombauts, Daniela Romualdi, Duru Shah, Poli Mara Spritzer, Elisabet Stener‐Victorin, Fahimeh Ramezani Tehrani, Shakila Thangaratinam, Mala Thondan, Eszter Vanky, Chandrika Wijeyaratne, Selma F. Witchel, Dongzi Yang, Bülent Okan Yıldız, Simon Alesi, Snigdha Alur-Gupta, Jodie Avery, Mahnaz Bahri Khomami, Jamie L. Benham, Hugh Bidstrup, Su Jen Chua, Laura G. Cooney, Thisara Coster, Carolyn Ee, Victoria W. Fitz, M. Flanagan, Maria Forslund, Geranne Jiskoot, Maryam Kazemi, Punith Kempegowda, Yvonne V. Louwers, Marla E. Lujan, Johanna Melin, Eka Melson, Yitayeh Belsti Mengistu, Negar Naderpoor, Adriana C. H. Neven, Hester Pastoor, Thais Rocha, Angelo Sabag, Anuradhaa Subramanian, Katrina Tan",294,https://doi.org/10.1016/j.fertnstert.2023.07.025,Resumo não disponível.,en
https://openalex.org/W2086069245,CONFLICT AND COOPERATION OVER INTERNATIONAL FRESHWATER RESOURCES: INDICATORS OF BASINS AT RISR<sup>1</sup>,2003,"Shira B. Yoffe, Aaron T. Wolf, Mark Giordano",294,https://doi.org/10.1111/j.1752-1688.2003.tb03696.x,"ABSTRACT: In this paper we seek to identify historical indicators of international freshwater conflict and cooperation and to create a framework to identify and evaluate international river basins at potential risk for future conflict. We derived biophysical, socioeco‐nomic, and geopolitical variables at multiple spatial and temporal scales from GIS datasets of international basins and associated countries, and we tested these variables against a database of historical incidents of international water related cooperation and conflict from 1948 to 1999. International relations over freshwater resources were overwhelmingly cooperative and covered a wide range of issues, including water quantity, water quality, joint management, and hydropower. Conflictive relations tended to center on quantity and infrastructure. No single indicator—including climate, water stress, government type, and dependence on water for agriculture or energy—explained conflict/cooperation over water. Even indicators showing a significant correlation with water conflict, such as high population density, low per capita GDP, and overall unfriendly international relations, explained only a small percentage of data variability. The most promising sets of indicators for water conflict were those associated with rapid or extreme physical or institutional change within a basin (e.g., large dams or internationalization of a basin) and the key role of institutional mechanisms, such as freshwater treaties, in mitigating such conflict.",en
https://openalex.org/W1597066565,POLÍTICAS PÚBLICAS: UM DEBATE CONCEITUAL E REFLEXÕES REFERENTES À PRÁTICA DA ANÁLISE DE POLÍTICAS PÚBLICAS NO BRASIL,2000,Klaus Frey,294,,"Neste trabalho sao discutidos alguns conceitos basicos da analise de politicas publicas, destacam-se as contribuicoes das abordagens do .neoinstitucionalismo . e da .analise de estilos politicos. para o campo de investigacao da ciencia politica. Analisando-se as implicacoes dessa abordagem para a realidade politico-administrativa de paises em desenvolvimento, particularmente do Brasil, caracterizados por democracias nao consolidadas, o texto conclui que as peculiaridades socioeconomicas e as politicas das sociedades em desenvolvimento nao podem ser tratadas apenas como fatores institucionais e processuais especificos, mas e preciso uma adaptacao do conjunto de instrumentos da analise de politicas publicas as condicoes peculiares das sociedades em desenvolvimento.",pt
https://openalex.org/W1533224419,Understanding the Regional Contribution of Higher Education Institutions,2007,"Peter Arbo, Paul Benneworth",292,https://doi.org/10.1787/161208155312,"The contribution of higher education institutions to regional development is a theme that has attracted growing attention in recent years. Knowledge institutions are increasingly expected not only to conduct education and research, but also to play an active role in the economic, social and cultural development of their regions. The extent to which higher education institutions are able to play this role depends on a number of circumstances: the characteristics of the institutions, the regions in which they are located and the policy frameworks are all significant. At the same time, there are signs of more fundamental conceptual and strategic confusion. The discussions in this domain are frequently characterised by slogans and popular metaphors. This literature review was prepared to support the OECD project entitled &apos;Supporting the Contribution of Higher Education Institutions to Regional Development&apos;, which was conducted by the OECD Programme on Institutional Management in Higher Education (IMHE) in collaboration with the Directorate of Public Governance and Territorial Development. Drawing mainly from a selection of European and North American publications, the report takes an overall view on the development of higher education institutions in the regional context. It focuses on the evolution and discourses of higher education and research, the regional aspects of higher education policies, the various functions and roles that the institutions play, measures taken to link the universities with their regional partners, and the conditions which favour or hamper stronger regional engagement.",en
https://openalex.org/W2810932621,"The demographics of decarbonizing transport: The influence of gender, education, occupation, age, and household size on electric mobility preferences in the Nordic region",2018,"Benjamin K. Sovacool, Johannes Kester, Lance Noel, Gerardo Zarazua de Rubens",292,https://doi.org/10.1016/j.gloenvcha.2018.06.008,Resumo não disponível.,en
https://openalex.org/W2605428344,"Evolution and patterns of global health financing 1995–2014: development assistance for health, and government, prepaid private, and out-of-pocket health spending in 184 countries",2017,"Joseph L. Dieleman, Madeline Campbell, Abigail Chapin, Erika Eldrenkamp, Victoria Y. Fan, Annie Haakenstad, Jennifer Kates, Yingying Liu, Taylor Matyasz, Angela E Micah, Alex Reynolds, Nafis Sadat, Matthew Schneider, Reed J D Sorensen, Tim Evans, David Evans, Christoph Kurowski, Ajay Tandon, Kaja Abbas, Semaw Ferede Abera, Ali Kiadaliri, Kedir Y. Ahmed, Muktar Beshir Ahmed, Khurshid Alam, Reza Alizadeh‐Navaei, Ala’a Alkerwi, Erfan Amini, Walid Ammar, Stephen M. Amrock, Carl Abelardo T. Antonio, Tesfay Mehari Atey, Leticia Ávila‐Burgos, Ashish Awasthi, Aleksandra Barać, Óscar Bernal, Addisu Shunu Beyene, Tariku J. Beyene, Charles Birungi, Habtamu Mellie Bizuayehu, Nicholas J. K. Breitborde, Lucero Cahuana-Hurtado, Rubén Castro, Ferrán Catalá-López, Koustuv Dalal, Lalit Dandona, Rakhi Dandona, Pieter de Jager, Samath Dhamminda Dharmaratne, Manisha Dubey, Carla Sofia e Sá Farinha, André Faro, Andrea B Feigl, Florian Fischer, Joseph R A Fitchett, Nataliya A Foigt, Ababi Zergaw Giref, Rahul Gupta, Samer Hamidi, Hilda L Harb, Simon I Hay, Delia Hendrie, Masako Horino, Mikk Jürisson, Mihajlo Jakovljević, Mehdi Javanbakht, Denny John, Jost B. Jonas, Saeed Karimi, Young‐Ho Khang, Jagdish Khubchandani, Yun Jin Kim, Jonas M Kinge, Kristopher J Krohn, G Anil Kumar, Hassan Magdy Abd El Razek, Mohammed Magdy Abd El Razek, Azeem Majeed, Reza Malekzadeh, Felix Masiye, Toni Meier, Atte Meretoja, Ted R. Miller, Erkin М Мirrakhimov, Shafiu Mohammed, Vinay Nangia, Stefano Olgiati, Abdalla Sidahmed Osman, Mayowa Owolabi, Tejas Patel, Ángel Paternina‐Caicedo, David M. Pereira, Julian Perelman, Suzanne Polinder, Anwar Rafay, Vafa Rahimi‐Movaghar, Rajesh Kumar, Usha Ram, Chhabi Lal Ranabhat, Hirbo Shore Roba, Joseph S Salama",291,https://doi.org/10.1016/s0140-6736(17)30874-7,Resumo não disponível.,en
https://openalex.org/W2020390665,"Partial migration in fishes: definitions, methodologies and taxonomic distribution",2012,"Ben B. Chapman, Christian Skov, Kaj Hulthén, Jakob Brodersen, P. Anders Nilsson, Lars‐Anders Hansson, Christer Brönmark",291,https://doi.org/10.1111/j.1095-8649.2012.03349.x,"Partial migration, where populations are composed of both migratory and resident individuals, is extremely widespread across the animal kingdom. Researchers studying fish movements have long recognized that many fishes are partial migrants, however, no detailed taxonomic review has ever been published. In addition, previous work and synthesis has been hampered by a varied lexicon associated with this phenomenon in fishes. In this review, definitions and important concepts in partial migration research are discussed, and a classification system of the different forms of partial migration in fishes introduced. Next, a detailed taxonomic overview of partial migration in this group is considered. Finally, methodological approaches that ichthyologists can use to study this fascinating phenomenon are reviewed. Partial migration is more widespread amongst fishes than previously thought, and given the array of techniques available to fish biologists to study migratory variation the future of the field looks promising.",en
https://openalex.org/W2954414914,Key Enablers of and Barriers to the Uptake and Implementation of Nature-Based Solutions in Urban Settings: A Review,2019,"Shahryar Sarabi, Qi Han, A.G.L. Romme, Bauke de Vries, Laura Wendling",291,https://doi.org/10.3390/resources8030121,"Climate change and urbanization have resulted in several societal challenges for urban areas. Nature-based solutions (NBS) have been positioned as solutions for enhancing urban resilience in the face of these challenges. However, the body of conceptual and practical knowledge regarding NBS remains fragmented. This study addresses this gap by means of a systematic review of the literature, to define NBS as a theoretical concept; its broader significance with respect to societal challenges; the key stakeholders in NBS planning, implementation and management; and major barriers to and enablers of NBS uptake. The results of this review reveal that, despite a lack of consensus about the definition of NBS, there is a shared understanding that the NBS concept encompasses human and ecological benefits beyond the core objective of ecosystem conservation, restoration or enhancement. Significant barriers to and enablers of NBS are discussed, along with a proposed strategic planning framework for successful uptake of NBS.",en
https://openalex.org/W1602678812,Phosphorus Transformations in an Oxisol under contrasting land-use systems: The role of the soil microbial biomass,2001,"Astrid Oberson, D. K. Friesen, Idupulapati M. Rao, S. Bühler, Emmanuel Frossard",290,https://doi.org/10.1023/a:1013301716913,Resumo não disponível.,en
https://openalex.org/W2133799101,So What Difference Does it Make? Mapping the Outcomes of Citizen Engagement,2010,"John Gaventa, G. Barrett",289,https://doi.org/10.1111/j.2040-0209.2010.00347_2.x,"Summary Over the last two decades, the idea that citizen engagement and participation can contribute to improved governance and development outcomes has been mainstreamed in development policy and discourse. Yet despite the normative beliefs that underpin this approach, the impact of participation on improved democratic and developmental outcomes has proved difficult to assess. Where previous research studies have attempted to demonstrate impact, they tend to be limited to single interventions, a small number of country contexts or by various conceptual and methodological constraints. In this paper, we report on a meta‐case study analysis of a ten‐year research programme on citizenship, participation and accountability which analysed a non‐randomised sample of 100 research studies of four types of citizen engagement in 20 countries. By mapping the observable effects of citizen participation through a close reading of these studies, we created a typology of four democratic and developmental outcomes, including (a) the construction of citizenship, (b) the strengthening of practices of participation, (c) the strengthening of responsive and accountable states, and (d) the development of inclusive and cohesive societies. We find that citizen participation produces positive effects across these outcome types, though in each category there are also examples of negative outcomes of citizen participation. We also find that these outcomes vary according to the type of citizen engagement and to political context. These findings have important implications for the design of and support for participatory programmes meant to improve state responsiveness and effectiveness.",en
https://openalex.org/W1551996627,Global consumptive water use for crop production: The importance of green water and virtual water,2009,"Junguo Liu, Alexander J. B. Zehnder, Hong Yang",288,https://doi.org/10.1029/2007wr006051,"Over the last 4 decades the use of blue water has received increasing attention in water resources research, but little attention has been paid to the quantification of green water in food production and food trade. In this paper, we estimate both the blue and green water components of consumptive water use (CWU) for a wide range of agricultural crops, including seven cereal crops, cassava, cotton, groundnuts, potatoes, pulses, rapeseed, soybeans, sugar beets, sugarcane, and sunflower, with a spatial resolution of 30 arc min on the land surface. The results show that the global CWU of these crops amounted to 3823 km 3 a −1 for the period 1998–2002. More than 80% of this amount was from green water. Around 94% of the world crop‐related virtual water trade has its origin in green water, which generally constitutes a low‐opportunity cost of green water as opposed to blue water. High levels of net virtual water import (NVWI) generally occur in countries with low CWU on a per capita basis, where a virtual water strategy is an attractive water management option to compensate for domestic water shortage for food production. NVWI is constrained by income; low‐income countries generally have a low level of NVWI. Strengthening low‐income countries economically will allow them to develop a virtual water strategy to mitigate malnutrition of their people.",en
https://openalex.org/W3044199267,Towards a theory of transformative social innovation: A relational framework and 12 propositions,2020,"Bonno Pel, Alex Haxeltine, Flor Avelino, Adina Dumitru, René Kemp, Thomas Bauler, Iris Kunze, Jens Dorland, Julia M. Wittmayer, Michael Søgaard Jørgensen",288,https://doi.org/10.1016/j.respol.2020.104080,Resumo não disponível.,en
https://openalex.org/W2159709650,"Cultural Diversity, Innovation, and Entrepreneurship: Firm‐level Evidence from <scp>L</scp>ondon",2013,"Max Nathan, Neil Lee",286,https://doi.org/10.1111/ecge.12016,"Abstract A growing body of research is making links between diversity and the economic performance of cities and regions. Most of the underlying mechanisms take place within firms, but only a handful of organization‐level studies have been conducted. We contribute to this underexplored literature by using a unique sample of 7,600 firms to investigate links among cultural diversity, innovation, entrepreneurship, and sales strategies in London businesses between 2005 and 2007. London is one of the world's major cities, with a rich cultural diversity that is widely seen as a social and economic asset. Our data allowed us to distinguish owner/partner and wider workforce characteristics, identify migrant/minority‐headed firms, and differentiate firms along multiple dimensions. The results, which are robust to most challenges, suggest a small but significant “diversity bonus” for all types of London firms. First, companies with diverse management are more likely to introduce new product innovations than are those with homogeneous “top teams.” Second, diversity is particularly important for reaching international markets and serving L ondon's cosmopolitan population. Third, migrant status has positive links to entrepreneurship. Overall, the results provide some support for claims that diversity is an economic asset, as well as a social benefit.",en
https://openalex.org/W2985503058,Bibliometric Method for Mapping the State-of-the-Art and Identifying Research Gaps and Trends in Literature: An Essential Instrument to Support the Development of Scientific Projects,2019,"Otávio José de Oliveira, Fábio Francisco da Silva, Fernando Juliani, Luís César Ferreira Motta Barbosa, Thaís Vieira Nunhes",285,https://doi.org/10.5772/intechopen.85856,"Bibliometric analysis is an indispensable statistic tool to map the state of the art in a given area of scientific knowledge and identify essential information for various purposes, such as prospecting research opportunities and substantiating scientific researches. Therefore, the objective of this chapter is to present a method of bibliometric analysis for mapping the state of the art and identifying gaps and trends of research. The method encompasses instruments to identify and analyze the scientific performance of articles, authors, institutions, countries, and journals based on the number of citations, to reveal the trends of the field studied through the analysis of keywords, and to identify and cluster scientific gaps from most recent publications. This method enables to expand in a scientific way the boundaries of science by investigating and identifying relevant and avant-garde research topics. It is an essential element that provides researchers means to identify and support paths towards the development of scientific projects.",en
https://openalex.org/W2998208130,Challenge-Driven Innovation Policy: Towards a New Policy Toolkit,2019,"Mariana Mazzucato, Rainer Kattel, Josh Ryan‐Collins",284,https://doi.org/10.1007/s10842-019-00329-w,"Abstract Policy makers are increasingly embracing the idea of using industrial and innovation policy to tackle the ‘grand challenges’ facing modern societies. This article argues that through well-defined goals, or more specifically ‘missions’, that are focused on solving important societal challenges, policymakers have the opportunity to determine the direction of growth by making strategic investments across many different sectors and nurturing new industrial landscapes, which the private sector can develop further, and as a result induce cross-sectoral learning and increase macroeconomic stability. This ‘mission-oriented’ approach to industrial policy is not about ‘top down’ planning by an overbearing state; it is about providing a direction for growth and increasing business expectations about future growth areas and catalysing activity that otherwise would not happen. It is not about de-risking and levelling the playing field, nor about supporting more competitive sectors over less since the market does not always ‘know best’ but tilting the playing field in the direction of the desired societal goals, such as the sustainable development goals. To achieve this requires a different policy framework, what we call the ‘ROAR’ framework, which involves strategic thinking about the desired direction of travel ( Routes ), the structure and capacity of public sector Organisations , the way in which policy is Assessed and the incentive structure for both private and public sectors ( Risks and Rewards ). The article argues that if we want to take grand challenges such as the SDGs seriously as policy goals, market shaping should become the over-arching approach followed in various policy fields.",en
https://openalex.org/W3080424676,"Crafting strong, integrated policy mixes for deep CO2 mitigation in road transport",2020,"Jonn Axsen, Patrick Plötz, Michael Wolinetz",284,https://doi.org/10.1038/s41558-020-0877-y,Resumo não disponível.,en
https://openalex.org/W2149689705,Climate and More Sustainable Cities: Climate Information for Improved Planning and Management of Cities (Producers/Capabilities Perspective),2010,"Sue Grimmond, Matthias Roth, T. R. Oke, Y.C. Au, Martin Best, Richard Betts, Gregory R. Carmichael, Helen Cleugh, Walter F. Dabberdt, Rohinton Emmanuel, Edmílson Dias de Freitas, Krzysztof Fortuniak, Steven R. Hanna, Petra Klein, Laurence S. Kalkstein, Chunju Liu, A. Nickson, David Pearlmutter, David J. Sailor, James Voogt",281,https://doi.org/10.1016/j.proenv.2010.09.016,Resumo não disponível.,en
https://openalex.org/W2761326131,Green spaces are not all the same for the provision of air purification and climate regulation services: The case of urban parks,2017,"Joana Vieira, Paula Matos, Teresa Mexia, Patrícia Silva, Nuno Lopes, Catarina Freitas, Otília Correia, Margarida Santos‐Reis, Cristina Branquinho, Pedro Pinho",281,https://doi.org/10.1016/j.envres.2017.10.006,"The growing human population concentrated in urban areas lead to the increase of road traffic and artificial areas, consequently enhancing air pollution and urban heat island effects, among others. These environmental changes affect citizen's health, causing a high number of premature deaths, with considerable social and economic costs. Nature-based solutions are essential to ameliorate those impacts in urban areas. While the mere presence of urban green spaces is pointed as an overarching solution, the relative importance of specific vegetation structure, composition and management to improve the ecosystem services of air purification and climate regulation are overlooked. This avoids the establishment of optimized planning and management procedures for urban green spaces with high spatial resolution and detail. Our aim was to understand the relative contribution of vegetation structure, composition and management for the provision of ecosystem services of air purification and climate regulation in urban green spaces, in particular the case of urban parks. This work was done in a large urban park with different types of vegetation surrounded by urban areas. As indicators of microclimatic effects and of air pollution levels we selected different metrics: lichen diversity and pollutants accumulation in lichens. Among lichen diversity, functional traits related to nutrient and water requirements were used as surrogates of the capacity of vegetation to filter air pollution and to regulate climate, and provide air purification and climate regulation ecosystem services, respectively. This was also obtained with very high spatial resolution which allows detailed spatial planning for optimization of ecosystem services. We found that vegetation type characterized by a more complex structure (trees, shrubs and herbaceous layers) and by the absence of management (pruning, irrigation and fertilization) had a higher capacity to provide the ecosystems services of air purification and climate regulation. By contrast, lawns, which have a less complex structure and are highly managed, were associated to a lower capacity to provide these services. Tree plantations showed an intermediate effect between the other two types of vegetation. Thus, vegetation structure, composition and management are important to optimize green spaces capacity to purify air and regulate climate. Taking this into account green spaces can be managed at high spatial resolutions to optimize these ecosystem services in urban areas and contribute to improve human well-being.",en
https://openalex.org/W4390315357,The Robots Are Here: Navigating the Generative AI Revolution in Computing Education,2023,"James Prather, Paul Denny, Juho Leinonen, Brett A. Becker, Ibrahim Albluwi, Michelle Craig, Hieke Keuning, Natalie Kiesler, Tobias Kohn, Andrew Luxton-Reilly, Stephen MacNeil, Andrew Petersen, Raymond Pettit, Brent N. Reeves, Jaromír Šavelka",280,https://doi.org/10.1145/3623762.3633499,"Recent advancements in artificial intelligence (AI) and specifically generative AI (GenAI) are threatening to fundamentally reshape computing and society. Largely driven by large language models (LLMs), many tools are now able to interpret and generate both natural language instructions and source code. These capabilities have sparked urgent questions in the computing education community around how educators should adapt their pedagogy to address the challenges and to leverage the opportunities presented by this new technology. In this working group report, we undertake a comprehensive exploration of generative AI in the context of computing education and make five significant contributions. First, we provide a detailed review of the literature on LLMs in computing education and synthesise findings from 71 primary articles, nearly 80% of which have been published in the first 8 months of 2023. Second, we report the findings of a survey of computing students and instructors from across 20 countries, capturing prevailing attitudes towards GenAI/LLMs and their use in computing education contexts. Third, to understand how pedagogy is already changing, we offer insights collected from in-depth interviews with 22 computing educators from five continents. Fourth, we use the ACM Code of Ethics to frame a discussion of ethical issues raised by the use of large language models in computing education, and we provide concrete advice for policy makers, educators, and students. Finally, we benchmark the performance of several current GenAI models/tools on various computing education datasets, and highlight the extent to which the capabilities of current models are rapidly improving.",en
https://openalex.org/W2790803537,Cirrus Clouds,2016,"Andrew J. Heymsfield, Martina Krämer, Anna Luebke, P. R. A. Brown, Daniel J. Cziczo, Charmaine Franklin, R. Paul Lawson, Ulrike Lohmann, Greg M. McFarquhar, Zbigniew Ulanowski, Kristof Van Tricht",277,https://doi.org/10.1175/amsmonographs-d-16-0010.1,"Abstract The goal of this chapter is to synthesize information about what is now known about one of the three main types of clouds, cirrus, and to identify areas where more knowledge is needed. Cirrus clouds, composed of ice particles, form in the upper troposphere, where temperatures are generally below −30°C. Satellite observations show that the maximum-occurrence frequency of cirrus is near the tropics, with a large latitudinal movement seasonally. In situ measurements obtained over a wide range of cirrus types, formation mechanisms, temperatures, and geographical locations indicate that the ice water content and particle size generally decrease with decreasing temperature, whereas the ice particle concentration is nearly constant or increases slightly with decreasing temperature. High ice concentrations, sometimes observed in strong updrafts, result from homogeneous nucleation. The satellite-based and in situ measurements indicate that cirrus ice crystals typically differ from the simple, idealized geometry for smooth hexagonal shapes, indicating complexity and/or surface roughness. Their shapes significantly impact cirrus radiative properties and feedbacks to climate. Cirrus clouds, one of the most uncertain components of general circulation models (GCM), pose one of the greatest challenges in predicting the rate and geographical pattern of climate change. Improved measurements of the properties and size distributions and surface structure of small ice crystals (about 20 μm) and identifying the dominant ice nucleation process (heterogeneous versus homogeneous ice nucleation) under different cloud dynamical forcings will lead to a better representation of their properties in GCM and in modeling their current and future effects on climate.",en
https://openalex.org/W2586827268,Public financing of innovation: new questions,2017,"Mariana Mazzucato, Gregor Semieniuk",277,https://doi.org/10.1093/oxrep/grw036,"Economic theory justifies policy when there are concrete market failures. The article shows how in the case of innovation, successful policies that have led to radical innovations have been more about market shaping and creating through direct and pervasive public financing, rather than market fixing. The paper reviews and discusses evidence for this in three key areas: (i) the presence of finance from public sources across the entire innovation chain; (ii) the concept of 'mission-oriented' policies that have created new technological and industrial landscapes; and (iii) the entrepreneurial and lead investor role of public actors, willing and able to take on extreme risks, independent of the business cycle. We further illustrate these three characteristics for the case of clean technology, and discuss how a market-creating and -shaping perspective may be useful for understanding the financing of transformative innovation needed for confronting contemporary societal challenges.",en
https://openalex.org/W2901961682,What Remains of Cross-Country Convergence?,2020,"Paul A. Johnson, Chris Papageorgiou",276,https://doi.org/10.1257/jel.20181207,"We examine the record of cross-country growth over the past fifty years and ask if developing countries have made progress on closing the income gap between their per capita incomes and those in the advanced economies. We conclude that, as a group, they have not and then survey the literature on absolute convergence with particular emphasis on that from the last decade or so. That literature supports our conclusion of a lack of progress in closing the income gap between countries. We close with a brief examination of the recent literature on cross-individual distribution of income, which finds that despite the lack of progress on cross country convergence, global inequality has tended to fall since 2000. ( JEL E01, E13, O11, O47, F41, F62)",en
https://openalex.org/W2808199890,New urban governance: A review of current themes and future priorities,2018,"Nuno F. da Cruz, Philipp Rode, Michael McQuarrie",272,https://doi.org/10.1080/07352166.2018.1499416,"This review article explores some of the key concepts, trends, and approaches in contemporary urban governance research. Based on a horizon scan of recent literature and a survey of local government officials, it provides a big picture on the topic and identifies areas for future research. Bridging the gap between the scholarly research focus and the perceptions and requirements of city administrators represents a major challenge for the field. Furthermore, because global and comparative research on urban governance is confronted with an absence of systematically collected, comparable data, the article argues that future efforts will require experimenting with methodologies that can generate new empirical insights.",en
https://openalex.org/W2980608708,"Mapping 123 million neonatal, infant and child deaths between 2000 and 2017",2019,"Roy Burstein, Nathaniel J Henry, Michael L. Collison, Laurie B. Marczak, Amber Sligar, Stefanie Watson, Neal Marquez, Mahdieh Abbasalizad Farhangi, Masoumeh Abbasi, Foad Abd-Allah, Amir Abdoli, Mohammad Abdollahı, Ibrahim Abdollahpour, Rizwan Suliankatchi Abdulkader, Michael R.M. Abrigo, Dilaram Acharya, Oladimeji Adebayo, Victor Adekanmbi, Davoud Adham, Mahdi Afshari, Mohammad Aghaali, Keivan Ahmadi, Mehdi Ahmadi, Ehsan Ahmadpour, Rushdiá Ahmed, Chalachew Genet, Joshua Akinyemi, Fares Alahdab, Noore Alam, Genet Melak Alamene, Kefyalew Addis Alene, Mehran Alijanzadeh, Cyrus Alinia, Vahid Alipour, Syed Mohamed Aljunid, Mohammed Almalki, Hesham M. Al‐Mekhlafi, Khalid A Altirkawi, Nelson Alvis‐Guzmán, A. Kofi Amegah, GK Mini, Arianna Maever L. Amit, Zohreh Anbari, Sofia Androudi, Mina Anjomshoa, Fereshteh Ansari, Carl Abelardo T Antonio, Jalal Arabloo, Zohreh Arefi, Olatunde Aremu, Bahram Armoon, Amit Arora, Al Artaman, Anvar Asadi, Mehran Asadi-Aliabadi, Amir Ashraf‐Ganjouei, Reza Assadi, Bahar Ataeinia, Sachin Atre, Beatriz Paulina Ayala Quintanilla, Martin Amogre Ayanore, Samad Azari, Ebrahim Babaee, Arefeh Babazadeh, Alaa Badawi, Soghra Bagheri, Mojtaba Bagherzadeh, Nafiseh Baheiraei, Abbas Balouchi, Aleksandra Barać, Quique Bassat, Bernhard T. Baune, Mohsen Bayati, Neeraj Bedi, Ettore Beghi, Masoud Behzadifar, Meysam Behzadifar, Yared Belete Belay, Brent Bell, Michelle L. Bell, Dessalegn Ajema Berbada, Robert S. Bernstein, Natalia V. Bhattacharjee, Suraj Bhattarai, Zulfiqar A Bhutta, Ali Bijani, Somayeh Bohlouli, Nicholas J. K. Breitborde, Gabrielle B. Britton, Annie J. Browne, Sharath Burugina Nagaraja, Reinhard Busse, Zahid A Butt, Josip Car, Rosario Cárdenas, Carlos A Castañeda-Orjuela, Ester Cerin, Wagaye Fentahun Chanie, Pranab Chatterjee, Dinh‐Toi Chu",271,https://doi.org/10.1038/s41586-019-1545-0,"Since 2000, many countries have achieved considerable success in improving child survival, but localized progress remains unclear. To inform efforts towards United Nations Sustainable Development Goal 3.2-to end preventable child deaths by 2030-we need consistently estimated data at the subnational level regarding child mortality rates and trends. Here we quantified, for the period 2000-2017, the subnational variation in mortality rates and number of deaths of neonates, infants and children under 5 years of age within 99 low- and middle-income countries using a geostatistical survival model. We estimated that 32% of children under 5 in these countries lived in districts that had attained rates of 25 or fewer child deaths per 1,000 live births by 2017, and that 58% of child deaths between 2000 and 2017 in these countries could have been averted in the absence of geographical inequality. This study enables the identification of high-mortality clusters, patterns of progress and geographical inequalities to inform appropriate investments and implementations that will help to improve the health of all populations.",en
https://openalex.org/W2122332728,"Chemical composition and bioactive compounds of grape pomace (Vitis vinifera L.), Benitaka variety, grown in the semiarid region of Northeast Brazil",2014,"Eldina Castro Sousa, Ana Maria Athayde Uchôa-thomaz, José Osvaldo Beserra Carioca, Selene Maia de Morais, Alessandro de Lima, Clécio Galvão Martins, Cristiane Duarte Alexandrino, Pablito Augusto Travassos Ferreira, Ana Lívya Moreira Rodrigues, Suliane Praciano Rodrigues, Jurandy do Nascimento Silva, L. L. Rodrigues",271,https://doi.org/10.1590/s0101-20612014000100020,"Grape pomace (Vitis vinifera L.), Benitaka variety, grown in the semiarid region of Northeast Brazil was evaluated in relation to chemical composition, and content of minerals and functional properties. Its microbiological quality and toxic potential, using Artemia salina sp, were also investigated. The results showed that the flour obtained from these residues had below neutral pH (3.82), moisture (3.33g/100g), acidity of (0.64g of citric acid/100g), and ash (4.65 g/100g). The amount of total dietary fiber (46.17g/100g) stood out quantitatively compared to the content of carbohydrate (29.2g/100 g), protein (8.49g/100g), and lipids (8.16g/100g). The total energy was 224Kcal/100g. With regard to the compounds with functional properties, higher values of insoluble fiber 79% (36.4 g/100 g); vitamin C (26.25 mg of acid ascorbic/100g), and anthocyanins (131mg/100g) were found. The minerals iron, potassium, zinc, manganese, and calcium were present in higher concentrations. There were no significant copper values. The results showed that the grape residues are an important source of nutrients and compounds with functional properties suggesting that they can be incorporated as an ingredient in the diet and/or used as a dietary supplement aiming at health benefits. The residues did not show microbiological contamination and were considered nontoxic.",en
https://openalex.org/W3042730484,"Theorizing the Triple Helix model: Past, present, and future",2020,"Yuzhuo Cai, Henry Etzkowitz",270,https://doi.org/10.1163/21971927-bja10003,"Abstract The Triple Helix of university-industry-government interactions, highlighting the enhanced role of the university in the transition from industrial to knowledge-based society, has become widespread in innovation and entrepreneurship studies. We analyze classic literature and recent research, shedding light on the theoretical development of a model that has engendered controversy for being simultaneously analytical and normative, theoretical, practical and policy-relevant. We identify lacunae and suggest future analytical trajectories for theoretical development of the Triple Helix model. The explanatory power of Triple Helix has been strengthened by integrating various social science concepts, e.g. Simmel’s triad, Schumpeter’s organizational entrepreneur, institutional logics and social networks, into its framework. As scholars and practitioners from various disciplinary and inter-disciplinary research fields, e.g. artificial intelligence, political theory, sociology, professional ethics, higher education, regional geography and organizational behavior join Triple Helix studies or find their perspectives integrated, new directions appear for Triple Helix research.",en
https://openalex.org/W2593808718,The smart city and its publics: insights from across six UK cities,2017,"Robert Cowley, Simon Joss, Youri Dayot",269,https://doi.org/10.1080/17535069.2017.1293150,"In response to policy-makers’ increasing claims to prioritise ‘people’ in smart city development, we explore the publicness of emerging practices across six UK cities: Bristol, Glasgow, London, Manchester, Milton Keynes, and Peterborough. Local smart city programmes are analysed as techno-public assemblages invoking variegated modalities of publicness. Our findings challenge the dystopian speculative critiques of the smart city, while nevertheless indicating the dominance of ‘entrepreneurial’ and ‘service user’ modes of the public. We highlight the risk of bifurcation within smart city assemblages, such that the ‘civic’ and ‘political’ roles of the public become siloed into less obdurate strands of programmatic activity.",en
https://openalex.org/W3210652330,"Global, regional, and national mortality among young people aged 10–24 years, 1950–2019: a systematic analysis for the Global Burden of Disease Study 2019",2021,"Joseph Ward, Peter Azzopardi, Kate Francis, John Santelli, Vegard Skirbekk, Susan M. Sawyer, Nicholas J Kassebaum, Ali H. Mokdad, Simon I Hay, Foad Abd-Allah, Amir Abdoli, Mohammad Abdollahı, Aidin Abedi, Hassan Abolhassani, Lucas Guimarães Abreu, Michael R.M. Abrigo, Eman Abu‐Gharbieh, Abdelrahman Ibrahim Abushouk, Oladimeji Adebayo, Victor Adekanmbi, Davoud Adham, Shailesh M Advani, Khashayar Afshari, Anurag Agrawal, Tauseef Ahmad, Keivan Ahmadi, Anwar E Ahmed, Budi Aji, Blessing Akombi-Inyang, Fares Alahdab, Ziyad Al‐Aly, Khurshid Alam, Fahad Alanezi, Turki M Alanzi, Jacqueline Elizabeth Alcalde‐Rabanal, Biresaw Wassihun, Samar Al‐Hajj, Robert Kaba Alhassan, Saqib Ali, Gianfranco Alicandro, Mehran Alijanzadeh, Syed Mohamed Aljunid, Amir Almasi‐Hashiani, Nihad A. Almasri, Hesham M. Al‐Mekhlafi, Jordi Alonso, Rajaa Al‐Raddadi, Khalid A Altirkawi, Nelson Alvis‐Guzmán, Azmeraw T. Amare, GK Mini, Arya Aminorroaya, Arianna Maever L. Amit, Dickson A Amugsi, Robert Ancuceanu, Deanna Anderlini, Cătălina Liliana Andrei, Sofia Androudi, Fereshteh Ansari, Iman Ansari, Carl Abelardo T Antonio, Davood Anvari, Razique Anwer, Seth Christopher Yaw Appiah, Jalal Arabloo, Morteza Arab‐Zozani, Johan Ärnlöv, Malke Asaad, Mehran Asadi-Aliabadi, Ali A. Asadi‐Pooya, Maha Atout, Marcel Ausloos, Elvis Korku Avenyo, Leticia Ávila‐Burgos, Beatriz Paulina Ayala Quintanilla, Getinet Ayano, Yared Asmare Aynalem, Samad Azari, Zelalem Nigussie Azene, Mohammad Hossein Bakhshaei, Shankar M Bakkannavar, Maciej Banach, Palash Chandra Banik, Miguel A. Barboza, Suzanne Barker‐Collo, Till Bärnighausen, Sanjay Basu, Bernhard T. Baune, Mohsen Bayati, Neeraj Bedi, Ettore Beghi, Tariku Tesfaye Bekuma, Arielle Wilder Bell, Sophia Emmons‐Bell, Corina Benjet, Isabela M. Benseñor, Abadi Kidanemariam Berhe, Kidanemaryam Berhe, Adam E. Berman, Akshaya Srikanth Bhagavathula",269,https://doi.org/10.1016/s0140-6736(21)01546-4,Resumo não disponível.,en
https://openalex.org/W2146415849,Factors Associated with Increased and Decreased Risk of Campylobacter Infection: A Prospective Case-Control Study in Norway,2003,Georg Kapperud,268,https://doi.org/10.1093/aje/kwg139,"In 1999-2000, a prospective case-control study of sporadic, domestically acquired campylobacteriosis was conducted in three counties in Norway to identify preventable risk factors and potentially protective factors. A total of 212 cases and 422 population controls matched by age, sex, and geographic area were enrolled. In conditional logistic regression analysis, the following factors were found to be independently associated with an increased risk of Campylobacter infection: drinking undisinfected water, eating at barbecues, eating poultry bought raw, having occupational exposure to animals, and eating undercooked pork. The following factors were independently related to a decreased risk: eating mutton, eating raw fruits or berries, and swimming. Results indicated that infection is more likely to occur as a result of cross-contamination from raw poultry products than because of poultry consumption per se. Drinking undisinfected water, reported by 53% of cases, was a leading risk factor in this study. Drinking water may constitute the common reservoir linking infection in humans and animals, including poultry and wild birds. Insight into the ecology of Campylobacter in freshwater ecosystems may be required to understand the epidemiology of campylobacteriosis. The possibility that certain foods confer protection against campylobacteriosis deserves exploration.",en
https://openalex.org/W4200359149,The global burden of adolescent and young adult cancer in 2019: a systematic analysis for the Global Burden of Disease Study 2019,2021,"Elysia Alvarez, Lisa M Force, Rixing Xu, Kelly Compton, Dan Lu, Hannah Henrikson, Jonathan Kocarnik, James Harvey, Alyssa Pennini, Frances Dean, Weijia Fu, Martina T Vargas, Theresa H.M. Keegan, Hany Ariffin, Ronald D. Barr, Yana Arturovna Erdomaeva, Sanjeeva Gunasekera, Yetunde O. John-Akinola, Tyler G. Ketterl, Tezer Kutluk, Marcio H. Malogolowkin, Prashant Mathur, Venkatraman Radhakrishnan, Lynn A. G. Ries, Carlos Rodríguez‐Galindo, G. B. Sagoyan, Iyad Sultan, Behzad Abbasi, Mohsen Abbasi‐Kangevari, Zeinab Abbasi-Kangevari, Hedayat Abbastabar, Michael Abdelmasseh, Sherief Abd‐Elsalam, Amir Abdoli, Haimanot Abebe, Aidin Abedi, Hassan Abidi, Hassan Abolhassani, Hiwa Abubaker Ali, Eman Abu‐Gharbieh, Basavaprabhu Achappa, Juan Acuña, Isaac Akinkunmi Adedeji, Oyelola A. Adegboye, Qorinah Estiningtyas Sakilah Adnani, Shailesh M Advani, Muhammad U. Afzal, Mohamad Aghaie Meybodi, Bahman Ahadinezhad, Bright Opoku Ahinkorah, Sajjad Ahmad, Sepideh Ahmadi, Muktar Beshir Ahmed, Tarik A. Rashid, Yusra Ahmed Salih, Wajeeha Aiman, Gizachew Taddesse Akalu, Hanadi Al Hamad, Fares Alahdab, Abdulhadi A. AlAmodi, Fahad Alanezi, Turki M Alanzi, Adugnaw Zeleke Alem, Dejen Tsegaye, Yosef Alemayehu, Fadwa Alhalaiqa, Robert Kaba Alhassan, Saqib Ali, Gianfranco Alicandro, Vahid Alipour, Syed Mohamed Aljunid, Motasem Alkhayyat, Sunitha Alluri, Nihad A. Almasri, Sadeq Ali Al‐Maweri, Sami Almustanyir, Rajaa Al‐Raddadi, Nelson Alvis‐Guzmán, Edward Kwabena Ameyaw, GK Mini, Hubert Amu, Robert Ancuceanu, Cătălina Liliana Andrei, Tudorel Andrei, Fereshteh Ansari, Alireza Ansari‐Moghaddam, Davood Anvari, Anayochukwu Edward Anyasodor, Jalal Arabloo, Morteza Arab‐Zozani, Ayele Mamo, Muhammad Arshad, Judie Arulappan, Armin Aryannejad, Zatollah Asemi, Mohammad Asghari Jafarabadi, Mohammad Reza Atashzar, Prince Atorkey, Alok Atreya, Sameh Attia",266,https://doi.org/10.1016/s1470-2045(21)00581-7,Resumo não disponível.,en
https://openalex.org/W2068000469,Population Ageing and Socially Assistive Robots for Elderly Persons: The Importance of Sociodemographic Factors for User Acceptance,2012,Priska Flandorfer,263,https://doi.org/10.1155/2012/829835,"Taking care of older adults is among the major challenges currently faced by ageing populations. Researchers, designers, and engineers have proposed socially assistive robots as one way of helping elderly people stay in their homes longer. In a systematic literature review, this paper wants to investigate if and how evaluations of the acceptance of socially assistive robots by older people take into account sociodemographic factors. The results indicate that this only holds true for a few studies. Research that incorporates age, gender, education, and so forth; clearly shows that these key factors have a significant impact. However, the relations are complex and experience with technology mitigates the influence of sociodemographic factors on acceptance. Assistive devices should be adaptable to individual needs to be able to consider all these factors.",en
https://openalex.org/W4282823158,"Sedentary behavior, physical inactivity, abdominal obesity and obesity in adults and older adults: A systematic review and meta-analysis",2022,"Érika Aparecida Silveira, Carolina Rodrigues Mendonça, Felipe Mendes Delpino, Guilherme Vinícius Elias Souza, Lorena Pereira de Souza Rosa, César de Oliveira, Mark A. Noll",261,https://doi.org/10.1016/j.clnesp.2022.06.001,Resumo não disponível.,en
https://openalex.org/W2322322570,Rebuilding Resilience in the Sahel: Regreening in the Maradi and Zinder Regions of Niger,2011,"Jan Sendzimir, Chris Reij, Piotr Magnuszewski",261,https://doi.org/10.5751/es-04198-160301,"Sendzimir, J., C. P. Reij, and P. Magnuszewski. 2011. Rebuilding resilience in the Sahel: regreening in the Maradi and Zinder regions of Niger. Ecology and Society 16(3):1. https://doi.org/10.5751/ES-04198-160301",en
https://openalex.org/W3114255556,Microplastic Contamination of Seafood Intended for Human Consumption: A Systematic Review and Meta-Analysis,2020,"Evangelos Danopoulos, Lauren C. Jenner, Maureen Twiddy, Jeanette M. Rotchell",259,https://doi.org/10.1289/ehp7171,"This is the first systematic review, to our knowledge, to assess and quantify MP contamination of seafood and human uptake from its consumption, suggesting that action must be considered in order to reduce human exposure via such consumption. Further high-quality research using standardized methods is needed to cement the scientific evidence on MP contamination and human exposures. https://doi.org/10.1289/EHP7171.",en
https://openalex.org/W4281701404,International comparisons of the quality and outcomes of integrated care,2022,"Eliana Barrenho, Philip Haywood, Candan Kendir, Nicolaas S. Klazinga",259,https://doi.org/10.1787/480cf8a0-en,"Across OECD countries, two in three people aged over 65 years live with at least one chronic condition often requiring multiple interactions with different providers, making them more susceptible to poor and fragmented care. This has prompted calls for making health systems more people-centred, capable of delivering high-quality integrated care. Despite promising, mostly local-level, experiences, systems remain fragmented, focused on acute care and unsuitable to solve complex needs. Moreover, assessing and comparing the benefits of integrated care remains difficult given the lack of technically sound, policy-relevant indicators. This report presents the results of the first OECD pilot of a new generation of indicators to support international benchmarking of quality of integrated care. Lessons from the pilot call for further work on: (1) expanding work on indicator development; (2) performing policy analysis to understand cross-country variations on governance models and health financing; (3) upscaling data linkage; and (4) measuring care fragmentation.",en
https://openalex.org/W2324672848,A review of greywater characteristics and treatment processes,2013,"Yash Boyjoo, Vishnu Pareek, Ming Ang",258,https://doi.org/10.2166/wst.2013.675,"This paper presents a comprehensive literature review of different characteristics of greywater (GW) and current treatment methods. GW is domestic wastewater excluding toilet waste and can be classified as either low-load GW (excluding kitchen and laundry GW) or high-load GW (including kitchen and/or laundry). This review provides information on the quantity of GW produced, its constituents (macro and micro), existing guidelines for wastewater reuse, current treatment methods (from storage to disinfection) as well as related costs and environmental impacts. Moreover some successful examples from various countries around the world are examined. The current preferred treatments for GW use physical and biological/natural systems. Recently, chemical systems like coagulation, adsorption and advanced oxidation processes (AOPs) have been considered and have been successful for low to moderate strength GW. The presence of xenobiotic organic compounds (XOC), which are hazardous micropollutants in GW, is emphasised. Since conventional treatments are not efficient at removing XOC, it is recommended that future studies look at chemical treatment, especially AOPs that have been found to be successful at mineralising recalcitrant organic compounds in wastewater.",en
https://openalex.org/W2940403014,The Multi-Level Perspective in Research on Sustainability Transitions in Agriculture and Food Systems: A Systematic Review,2019,Hamid El Bilali,256,https://doi.org/10.3390/agriculture9040074,"The multi-level perspective (MLP) is a prominent transition framework. The MLP posits that transitions come about through interaction processes within and among three analytical levels: niches, socio-technical regimes and a socio-technical landscape. This systematic review provides an overview on the use of the MLP in research on agro-food sustainability transitions. In particular, it analyses the understanding, conceptualisation and operationalisation of niches, regimes and landscapes. Niches considered in the selected papers include agro-ecology, organic agriculture, permaculture, conservation agriculture, integrated farming, and alternative food networks. Regime refers to industrial, conventional agriculture. The researched regime is often not clearly described and its operationalisation is a matter of deliberation. Landscape level is generally overlooked; when it is considered it refers to international trends and developments. Many scholars highlight the inadequacy of transition pathways in the MLP for the agro-food sector. Moreover, transition impacts are rarely addressed and the research field generally overlooks the analysis of the sustainability of niches and, consequently, of transitions. Research on transitions in the agro-food sector borrows from the MLP its generalizability and poor empirical operationalisation of niche, regime and landscape concepts. Therefore, integrative conceptualisation and operationalisation of the MLP elements is required to accommodate the complexity of sustainability transition processes and the peculiarities of the agro-food system.",en
https://openalex.org/W1574308705,"Towards a Bioeconomy in Europe: National, Regional and Industrial Strategies",2015,"Matteo de Besi, Kes McCormick",255,https://doi.org/10.3390/su70810461,"Establishing an advanced European bioeconomy is an important step in achieving the transition towards sustainable development and away from fossil fuels. The bioeconomy can be defined as an economy based on the sustainable production and conversion of renewable biomass into a range of bio-based products, chemicals, and energy. Several strategies have been produced in Europe from different perspectives that outline visions, intentions, and recommendations for the transition to a bioeconomy. An analysis of twelve of these strategies was conducted using a meta-analytical framework. This paper outlines the results of this study covering national, regional, and industrial perspectives on the bio-based economy in Europe. The analysis shows that a common direction for the bioeconomy, based on research and technological innovation in the various applications of biotechnology, is developing in Europe. It highlights the important role that the regional level will play in facilitating collaborations between industries and research institutions needed to foster innovation and optimize the use of biomass. The analysis also identifies that the development of European bio-based product markets are needed for bioeconomy expansion. However, the transition needs to have a lifecycle perspective in order to ensure that an economy founded on biomass is sustainable and equitable.",en
https://openalex.org/W1716392814,Making sense of global standards,2004,"Khalid Nadvi, Frank Wältring",254,https://doi.org/10.4337/9781843769743.00010,"A key feature of globalisation is the increasing economic and political importance of global standards. They have emerged to address a wide range of issues, from quality assurance, food safety, working conditions, to various ethical, environmental and social concerns. Compliance with global standards is a key policy concern, especially in developing countries. More gener-ally, understanding the making, working and implications of these standards is important for policy makers and researchers. But the task is a difficult one. A major problem lies in the proliferation of standards. This paper seeks to reduce the complexity and confusion. It pre-sents a typology of global standards in quality assurance, food safety, environment and social concerns. In doing so, it identifies the networks of actors engaged in the stages of formulation and implementation, and shows how distinguishing between different generations of stan-dards helps to understand the bewildering array of current standards and their evolution over time.",en
https://openalex.org/W1981253700,Governance and Growth in Sub-Saharan Africa,1999,"Benno J. Ndulu, Stephen A. O’Connell",253,https://doi.org/10.1257/jep.13.3.41,"eal income per head in much of sub-Saharan Africa grew rapidly in the 1960s, but faltered following the first OPEC oil price shock in 1973-74, and then stagnated or fell from the late 1970s to the early 1990s. Africa also saw a broad wave of authoritarian rule sweep the continent in the 1960s and early 1970s. Since 1990, however, the African political landscape has experienced significant changes, many in the direction of greater pluralism and democracy. Moreover, where civil strife has been avoided, Africa has seen a broad tendency towards rapid growth for several years after 1995.",en
https://openalex.org/W1488523607,Mulheres e futebol no Brasil: entre sombras e visibilidades,2005,Silvana Vilodre Goellner,252,https://doi.org/10.1590/s1807-55092005000200005,"Fundamentada na abordagem teórico-metodológica da história cultural e dos estudos de gênero, este artigo discute a mulher e o futebol no Brasil. Objetiva evidenciar que há muito tempo as mulheres protagonizam histórias no futebol brasileiro ainda que tenham pouca visibilidade, seja na mídia, no cotidiano dos clubes e associações esportivas, na educação física escolar ou nas políticas públicas de lazer. Para analisar a inserção das brasileiras no futebol utilizei como fontes primárias de pesquisa, documentos produzidos no início do século XX, tais como periódicos, matérias jornalísticas, livros de esportes e de educação física. Além destas fontes analisei publicações recentes sobre essa temática buscando evidenciar os vestígios e as rupturas existentes entre diferentes épocas. Através da técnica da análise de conteúdo foi possível compreender que a associação entre o esporte e a masculinização da mulher atravessa décadas e, mesmo que em muitas situações as atletas tenham saído das zonas de sombra, ainda hoje são recorrentes algumas representações discursivas que fazem a apologia da beleza e da feminilidade como algo a ser preservado, em especial, naquelas modalidades esportivas consideradas como violentas ou prejudiciais a uma suposta natureza feminina.",pt
https://openalex.org/W2131707073,Do inventors talk to strangers? On proximity and collaborative knowledge creation,2015,"Riccardo Crescenzi, Max Nathan, Andrés Rodríguez‐Pose",251,https://doi.org/10.1016/j.respol.2015.07.003,Resumo não disponível.,en
https://openalex.org/W2086948759,The uncertainty of innovation: a systematic review of the literature,2011,Harri Jalonen,248,https://doi.org/10.5296/jmr.v4i1.1039,"Innovation is defined as a process that is fraught with uncertainty. This article’s aim is to diminish lack of knowledge of the factors that create uncertainty in innovation processes. The basic thrust of the present argument is that the potential value integral to innovation may or may not be materialized in the future. Given that the future entails uncertainty, it is reasonable to expect that uncertainty is inherent in every innovation process. Uncertainty results from the fact that, on the one hand, events in the future do not follow the course of past events, and, on the other, knowledge of the future is always incomplete. Using a systematic approach to reviewing the literature, eight factors which create uncertainty in processes of innovation were identified, namely: technological uncertainty, market uncertainty, regulatory/institutional uncertainty, social/political uncertainty, acceptance/legitimacy uncertainty, managerial uncertainty, timing uncertainty, and consequence uncertainty.",en
https://openalex.org/W4375845712,"A bibliometric analysis of sustainable development goals (SDGs): a review of progress, challenges, and opportunities",2023,"Manoranjan Mishra, Desul Sudarsan, Celso Augusto Guimarães Santos, Shailendra Kumar Mishra, Abu Hena Mustafa Kamal, Shreerup Goswami, Ahmed Mukalazi Kalumba, Ramakrishna Biswal, Richarde Marques da Silva, Carlos Antônio Costa dos Santos, Kabita Baral",248,https://doi.org/10.1007/s10668-023-03225-w,Resumo não disponível.,en
https://openalex.org/W4362653910,"Global Encyclopedia of Public Administration, Public Policy, and Governance",2022,Ali Farazmand﻿,247,https://doi.org/10.1007/978-3-030-66252-3,This second edition serves as a comprehensive collection of global scholarship regarding the vast fields of public administration and public policy.,en
https://openalex.org/W2991655268,A bacteriophage nucleus-like compartment shields DNA from CRISPR nucleases,2019,"Senén D. Mendoza, Eliza Nieweglowska, Sutharsan Govindarajan, Lina M León, Joel Berry, Anika Tiwari, Vorrapon Chaikeeratisak, Joe Pogliano, David A. Agard, Joseph Bondy‐Denomy",247,https://doi.org/10.1038/s41586-019-1786-y,Resumo não disponível.,en
https://openalex.org/W4230772293,Africa's management in the 1990s and beyond,1996,Mamadou Lamine Dia,247,https://doi.org/10.1596/0-8213-3431-x,"No AccessDirections in Development - General1 Feb 2013Africa's management in the 1990s and beyondReconciling indigenous and transplanted institutionsAuthors/Editors: Mamadou DiaMamadou Diahttps://doi.org/10.1596/0-8213-3431-XSectionsAboutPDF (0.9 MB) ToolsAdd to favoritesDownload CitationsTrack Citations ShareFacebookTwitterLinked In Abstract:Contrary to traditional Afro-pessimism, the Africa ' s Management in the 1990s (AM90s) research program illustrates that Africa possesses a substantial reservoir of capacity endowments and best practices on which to build in order to improve the institutional and economic performance of the continent. While not denying the existence and extent of the economic crisis, the AM90s research illustrates that institutional reconciliation will be a key to the institutional and economic development of Africa. More important, the proposed solutions are mostly homegrown and are therefore likely to strengthen self-sufficiency and reduce dependency on foreign assistance. The overarching theme of the research is that the institutional crisis affecting economic management in Africa is a crisis of structural disconnect between formal institutions transplanted from outside and indigenous institutions born of traditional African culture. Building on the findings and recommendations of the new school of institutional economics, the AM90s research posits that both formal and informal institutions are here to stay and are needed in Africa, but in a more flexible form. It is through adaptation that formal and informal institutions can converge and build on each other ' s strength and that transaction costs can be reduced and institutional performance maximized. This process for building convergence is at the heart of institutional reconciliation paradigm proposed in this report. Previous bookNext book FiguresReferencesRecommendedDetailsCited ByRethinking the State in Africa: Perceptions of Nigerians on State Formation, State-Building, and a Negotiated Social Contract in the Nigerian CaseInternational Journal of African Renaissance Studies - Multi-, Inter- and Transdisciplinarity, Vol.7427 May 2022How individuals learn to do more with less: The role of informal learning and the effects of higher-level education and unemployment in GhanaAfrica Journal of Management, Vol.8, No.220 March 2022Attitudes and HRM decisions toward older workers in Africa: exploring contradictions through an empirical studyThe International Journal of Human Resource Management, Vol.33, No.310 January 2020Coping With Institutional Complexity and Voids: An Organization Design Perspective for Transnational Interorganizational ProjectsProject Management Journal, Vol.53, No.121 December 2021The Institutional Context of Community Entrepreneurship Behaviour in Nigeria: Lessons from Three Case Communities1 December 2021Dynamics of Human Resource Strategies and Cultural Orientations in Multinational CorporationsExamining the dominant models and theories of international staffing policies and practices through the lenses of the African context and Chinese multinational construction enterprises in AfricaAfrica Journal of Management, Vol.7, No.425 June 2021Transplantation of economic institutions: An extended (post-institutional) theoryVoprosy Ekonomiki, No.97 September 2021Soft skills in developing economies: An African view on the hidden linkage between indigenous knowledge and business perspectivesJournal of African Studies and Development, Vol.13, No.331 August 2021Identity and the Evolution of Institutions: Evidence from Partition and Interwar PolandForum for Social Economics, Vol.50, No.129 October 2017Africa and the Firm: Management in Africa Through a Century of Contestation16 October 2020The Capture of Traditional Leaders by Political Parties in Zimbabwe for Political ExpediencyAfrican continental integration scholarly literature review: Advances, gaps, and opportunitiesAfrica Journal of Management, Vol.5, No.430 October 2019Cross-Cultural Organizational Psychology25 March 2019References6 March 2019The Metropolitan Effect: Colonial Influence on the Internationalization of Francophone African FirmsManagement and Organization Review, Vol.15, No.14 April 2019Africa and the Firm: Management in Africa Through a Century of Contestation26 February 2019Institutional Factors and High-Performance Work Organisations (HPWOs) in Sub-Saharan Africa (SSA)2 March 2019African Journal of Business Management, Vol.13, No.14Dynamics of Human Resource Strategies and Cultural Orientations in Multinational CorporationsNatural resource endowment and firm performance: T he moderating role of institutional endowmentGlobal Strategy Journal, Vol.8, No.425 September 2017Institutional Risk and Firm Performance in Africa: The Moderating Role of Corruption ControlAfrica Journal of Management, Vol.4, No.45 November 2018The duality of the Brazilian jeitinhoCritical perspectives on international business, Vol.14, No.4Embracing localization: evidence from Western MNEs in GhanaCross Cultural & Strategic Management, Vol.2816 August 2018Indigenous Financial Management Practices in Africa: A Guide for Educators and Practitioners27 July 2018Ethical Principles and Practices in Africa27 July 2018The dynamics of donor and domestic elite interaction in Mozambique: formal decentralisation and informal power structuresConflict, Security & Development, Vol.18, No.413 July 2018Managing in the Informal Economy: The Informal Financial Sector in TanzaniaAfrica Journal of Management, Vol.4, No.310 October 2018Structure and Management of Formal and Informal Business Activities in Entrepreneurial Family and Small Firms in AfricaAfrica Journal of Management, Vol.4, No.315 October 2018From political independence to economic emancipation: reseeding Africa with entrepreneurship and institutions to accelerate economic developmentTransnational Corporations Review, Vol.10, No.322 March 2017Human Rights, Universalism and Cosmopolitanism: Between Cultures and Civilizations18 October 2017Local Governance15 November 2017Formal versus traditional institutions: evidence from GhanaDemocratization, Vol.24, No.231 May 2016Time to Look in the Mirror: Producing Management Theory and Knowledge for AfricaAfrica Journal of Management, Vol.3, No.17 April 2017Organizing the Africa Academy of Management 2016 Conference: Chairs' ReflectionsAfrica Journal of Management, Vol.3, No.19 March 2017The influence of culture on female entrepreneurs in ZimbabweThe Southern African Journal of Entrepreneurship and Small Business Management, Vol.8, No.11 December 2016Destructive and Transformational Leadership in AfricaAfrica Journal of Management, Vol.2, No.216 June 2016Bringing Africa In: Promising Directions for Management ResearchAcademy of Management Journal, Vol.59, No.2Civil servants' perspectives on the role of citizens in public service delivery in UgandaInternational Review of Administrative Sciences, Vol.82, No.116 July 2015The moderating influence of financial literacy on the relationship between access to finance and firm growth in GhanaVenture Capital, Vol.18, No.129 October 2015The Semantics of Corruption: Political Science Perspectives on Imperial and Post-Imperial Methods of State-BuildingThe Journal of Imperial and Commonwealth History, Vol.44, No.118 December 2015The Lack of Business Dispute Resolution in East Africa: An Unresolved Impediment to SME Development?13 July 2016Destructive and Transformational Leadership in AfricaSSRN Electronic JournalWhy don't collectivists act like collectivists? The disconnect thesis in cross-cultural management scholarshipInternational Journal of Cross Cultural Management, Vol.15, No.38 December 2015Are Firms in Developing Countries in Spider Webs or Iron Cages? Geographic Traps and Firm PerformanceThunderbird International Business Review, Vol.57, No.612 May 2015""African management"": concept, content and usabilitySociety and Business Review, Vol.10, No.3Regional Integration: Review of the Management Literature and Implications for Theory, Policy, and PracticeAfrica Journal of Management, Vol.1, No.415 December 2015New trends in rural community development practice in Africa: The case of Cameroons grassfield rural development projectJournal of Agricultural Extension and Rural Development, Vol.7, No.724 July 2015Implementing a Revenue Authority Model of Tax Administration in GhanaThe American Review of Public Administration, Vol.45, No.39 May 2013Evaluating Enterprise Policy Interventions in Africa: A Critical Review of Ghanaian Small Business Support ServicesJournal of Small Business Management, Vol.53, No.225 October 2013Institutions, Resources, and Organizational Effectiveness in AfricaAcademy of Management Perspectives, Vol.29, No.1Management Studies from Africa: A Cross-cultural CritiqueAfrica Journal of Management, Vol.1, No.119 February 2015Why Africa Journal of Management and Why Now?Africa Journal of Management, Vol.1, No.16 February 2015Background and Overview: Everybody Counts or Nobody CountsCultures, Leadership Styles and Employee Coping Strategies in African OrganizationsLa gestion des ressources humaines et le problème de l'encastrement de l'entreprise en Afrique : l'exemple d'une mine au GhanaRecherches en Sciences de Gestion, Vol.106, No.1Indigenous Knowledge Systems, Poverty Alleviation and Sustainability of Community-based Projects in the Inanda Region in Durban, South AfricaStudies of Tribes and Tribals, Vol.12, No.23 October 2017Employment in Chinese MNEs: Appraising the Dragon's Gift to Sub-Saharan AfricaHuman Resource Management, Vol.53, No.624 April 2014Understanding the rise of African businessAfrican Journal of Economic and Management Studies, Vol.5, No.3Ethnic diversity, corruption and ethical climates in sub-Saharan Africa: recognizing the significance of human resource managementThe International Journal of Human Resource Management, Vol.25, No.711 July 2013Leadership and the emergence of Africa8 March 2015Towards a military doctrine for humanistic intervention in African conflictsInternational Journal of African Renaissance Studies - Multi-, Inter- and Transdisciplinarity, Vol.8, No.2Connecting Good Governance Principles to the Public Affairs Curriculum: The Case of Ghana Institute of Management and Public AdministrationJournal of Public Affairs Education, Vol.19, No.318 April 2018China in sub-Saharan Africa: implications for HRM policy and practice at organizational levelThe International Journal of Human Resource Management, Vol.24, No.13Mitigating Principal-Agent Problems in Base-of-the-Pyramid Markets: An Identity Spillover PerspectiveAcademy of Management Journal, Vol.56, No.3Culturalists versus institutionalistsInternational Journal of Cross Cultural Management, Vol.13, No.1Reconstructing the Indigenous in African Management ResearchManagement International Review, Vol.53, No.116 January 2013Organizational Culture, Competitive Strategy, and Performance in GhanaJournal of African Business, Vol.13, No.3Towards comprehensive malaria planning: The effect of government capacity, health policy, and land use variables on malaria incidence in IndiaSocial Science & Medicine, Vol.75, No.7Contextualising non‐profit management in Sub‐Sahara AfricaAfrican Journal of Economic and Management Studies, Vol.3, No.2Cross-cultural management and the informal economy in sub-Saharan Africa: implications for organization, employment and skills developmentThe International Journal of Human Resource Management, Vol.23, No.14Organizational culture and public sector reforms in a post–Washington consensus era: Lessons from Ghana's good reformersProgress in Development Studies, Vol.12, No.2-328 June 2012Health Care Entrepreneurship in the Democratic Republic of the Congo: An Exploratory StudyJournal of African Business, Vol.13, No.2Postcolonialism and organizational knowledge in the wake of China?s presence in Africa: interrogating South-South relationsOrganization, Vol.19, No.227 February 2012Best practices for the management of knowledge for conflict resolution: Lessons learned from the Great Lakes region of AfricaInternational Journal of African Renaissance Studies - Multi-, Inter- and Transdisciplinarity, Vol.6, No.2Project delivery in HIV/AIDS and TB in Southern AfricaJournal of Health Organization and Management, Vol.25, No.4The Relationship between Levels of Education of Entrepreneurs and Their Business SuccessIndustry and Higher Education, Vol.25, No.41 August 2011From cultural values to cross‐cultural interfaces: Hofstede goes to AfricaJournal of Organizational Change Management, Vol.24, No.4A postcolonial and anti-colonial reading of 'African' leadership and management in organization studies: tensions, contradictions and possibilitiesOrganization, Vol.18, No.319 May 2011Conceptualizing the cross-cultural gaps in managing international aid: HIV/AIDS and TB project delivery in Southern AfricaThe International Journal of Health Planning and Management, Vol.26, No.219 October 2010Putting the 'public' into public service delivery for social welfare in South AfricaInternational Journal of Social Welfare, Vol.20, No.211 April 2011Factors constraining the growth and survival of SMEs in NigeriaManagement Research Review, Vol.34, No.2L'analyse interactionniste de la décentralisation. Une approche par les acteurs et leurs pratiquesRecherches qualitatives, Vol.30, No.1Development Plans and the Sustainable Development Agenda in AfricaJournal of Critical Realism, Vol.9, No.321 April 2015Family Business in Sub-Saharan Africa Versus the Middle EastJournal of African Business, Vol.11, No.2The Entrepreneurship Process in Base of the Pyramid Markets: The Case of Multinational Enterprise/Nongovernment Organization AlliancesEntrepreneurship Theory and Practice, Vol.34, No.31 May 2009COMMUNITY ENTREPRENEURSHIP AMONG LOWER CASTES IN INDIA: A GRASSROOTS CONTRIBUTION TOWARDS POVERTY ALLEVIATION AND RURAL DEVELOPMENT UNDER CONDITIONS OF ADVERSITY AND ENVIRONMENTAL UNCERTAINTYJournal of Developmental Entrepreneurship, Vol.14, No.04Beyond benefit-sharing agreements: bioprospecting for the poor?International Journal of Technology Management & Sustainable Development, Vol.8, No.2Start‐up and growth constraints on small‐scale trading in BangladeshJournal of Chinese Entrepreneurship, Vol.1, No.3Informal Financial Institutions and Poverty Reduction in the Informal Sector of Offa Town, Kwara State: A Case Study of Rotating Savings and Credit Associations (ROSCAs)Journal of Social Sciences, Vol.20, No.19 October 2017Reform in international institutions: the case of the United NationsJournal of Management Development, Vol.28, No.6Challenges of successful reform: an international perspectiveJournal of Management Development, Vol.28, No.6A critical cross-cultural perspective for developing nonprofit international management capacityNonprofit Management and Leadership, Vol.19, No.417 June 2009The State and International Development Management: Shifting Tides, Changing Boundaries, and Future DirectionsPublic Administration Review, Vol.68, No.617 October 2008Hybrid States: Globalisation and the Politics of State CapacityPolitical Studies, Vol.56, No.31 October 2008Failing states and ailing leadership in African politics in the era of globalization: libertarian communitarianism and the Kenyan experienceJournal of Global Ethics, Vol.4, No.2Management and national development in Kenya: toward a normative frameworkInternational Journal of Emerging Markets, Vol.3, No.3Innovative performance in African technical projects: A multi-level theoryState Capacity, Accountability and Economic Development in AfricaCommonwealth & Comparative Politics, Vol.45, No.4Knowledge generation, political action and African development: A polycentric approachInternational Journal of African Renaissance Studies - Multi-, Inter- and Transdisciplinarity, Vol.2, No.2Performance BudgetingDecentralisation and poverty: conceptual framework and application to UgandaPublic Administration and Development, Vol.27, No.21 January 2007Organizational Culture in Cote d'IvoireJournal of African Business, Vol.8, No.1Impartiality through bureaucracy? A Sri Lankan approach to managing valuesJournal of International Development, Vol.19, No.31 January 2007Cross-cultural management in South African NGOsSouth African Review of Sociology, Vol.38, No.1Performance Budgeting, Motivation, and IncentivesIntroduction: Traditional Authority and Democratization in AfricaPublic good or private good? The paradox of public and private ethics in the context of developing countriesPublic Administration and Development, Vol.26, No.21 January 2006Challenges and prospects of HRM in developing countries: testing the HRM–performance link in the Eritrean civil serviceThe International Journal of Human Resource Management, Vol.17, No.1ConclusionA Principal-Agent Theory Approach to Public Expenditure Management Systems in Developing CountriesIMF Working Papers, Vol.06, No.204Why Planned Interventions for Capacity Development in the Environment Often Fail: A Critical Review of MainstreamInternational Studies of Management & Organization, Vol.36, No.28 December 2014Practices and challenges of the training and utilization of labour in sub-Saharan Africa: the case of the Eritrean civil service*International Journal of Training and Development, Vol.9, No.4Ubuntu as a key African management concept: contextual background and practical insights for knowledge applicationJournal of Managerial Psychology, Vol.20, No.7Livelihood strategies and performance of Ghana's health and education sectors: exploring the connectionsPublic Administration and Development, Vol.25, No.21 January 2005Comparative Constitutionalism and Good Governance in the Commonwealth, Vol.1623 June 2009Insecurity and Welfare Regimes in Asia, Africa and Latin America, Vol.134 August 2010Training Public Administrators in Africa: A Case Study of Civil Service Employees in GhanaInternational Journal of Public Administration, Vol.27, No.3-4Public Expenditure Management in Francophone Africa: A Cross-Country AnalysisIMF Working Papers, Vol.04, No.42Building Capacity in Africa: The Impact of Institutional, Policy and Resource FactorsAfrican Development Review, Vol.15, No.2-3Culture et gestion : gestion de l'harmonie ou gestion des paradoxes?Gestion, Vol.Vol. 28, No.2Cultural myths in stories about human resource development: analysing the cross-cultural transfer of American models to Germany and the Cote d'IvoireInternational Journal of Training and Development, Vol.7, No.1Local institutional and political structures and processes: recent experience in AfricaPublic Administration and Development, Vol.23, No.11 January 2003African Governance and Civil Service ReformsDecentralisation, Enablement, and Local Governance in Low-Income CountriesEnvironment and Planning C: Government and Policy, Vol.20, No.322 July 2016Embedding externally induced institutional reformReframing human resource management in Africa: a cross-cultural perspectiveThe International Journal of Human Resource Management, Vol.13, No.7Failing or not aiming to grow? Manufacturing SMMEs and their contribution to employment growth in South AfricaUrban Forum, Vol.12, No.2Culture, Governance, and Economic Performance: An Explorative Study with a Special Focus on AfricaInternational Journal of Cross Cultural Management, Vol.1, No.124 July 2016Towards a strategic model of employment reform in developing countries: explaining and remedying experience to dateThe International Journal of Human Resource Management, Vol.12, No.19 December 2010Administering market friendly growth? Liberal populism and the World Bank's involvement in administrative reform in sub-Saharan AfricaReview of International Political Economy, Vol.8, No.3Institutional radicalization, the state, and the development process in AfricaProceedings of the National Academy of Sciences, Vol.97, No.2521 November 2000Solving the Mystery of the AFRICA DummyWorld Development, Vol.28, No.10Who's a goody? Demythologizing the PRA agendaJournal of International Development, Vol.12, No.51 January 2000Records and archives as a basis for good government: implications and challenges for records managers and archivists in AfricaRecords Management Journal, Vol.10, No.1Quality, competitiveness and development in Sub‐Saharan AfricaIndustrial Management & Data Systems, Vol.100, No.3Pre-Colonial Institutions, Post-Colonial States, and Economic Development in Tropical AfricaPolitical Research Quarterly, Vol.53, No.12 July 2016Kleptocracy and Reform in African Regimes: Theory and ExamplesCorruption and Development in AfricaBuilding strong local government through networks between state and non-governmental (religious) institutions in africaPublic Administration and Development, Vol.19, No.4Africa's Overgrown State Reconsidered: Bureaucracy and Economic GrowthWorld Politics, Vol.51, No.413 June 2011Small clothing manufacturers in the Johannesburg inner cityUrban Forum, Vol.10, No.2Citizens' Needs vs. Market Demands in Public Governance: An Extended ViewAdministrative Theory & Praxis, Vol.21, No.230 January 2016Guiding principles on civil service reform in Africa: an empirical reviewInternational Journal of Public Sector Management, Vol.12, No.2Travail et développementRevue internationale du Travail, Vol.138, No.1Work and developmentInternational Labour Review, Vol.138, No.1Trabajo y desarrolloRevista Internacional del Trabajo, Vol.118, No.1Model of an Information and Decision Centre for Developing CountriesJournal of Global Information Technology Management, Vol.2, No.19 September 2014Minding one's own business: institutional dimensions of management for capacity development (with particular reference to Sub-Saharan Africa)International Review of Administrative Sciences, Vol.64, No.430 June 2016Globalisation, culture and management systemsThe Journal of North African Studies, Vol.3, No.2Formidable entrepreneursUrban Forum, Vol.9, No.1Public budgeting and financial management in sub-saharan africa: a critical surveyJournal of Public Budgeting, Accounting & Financial Management, Vol.10, No.2HRD in West AfricaHuman Resource Development International, Vol.1, No.1The economic crisis in Southern Africa: Some perspectives on its origins and natureDevelopment Southern Africa, Vol.13, No.627 February 2008 View Published: January 1996ISBN: 978-0-8213-3431-7 Copyright & Permissions Related RegionsAfricaRelated TopicsGovernanceMacroeconomics and Economic GrowthPublic Sector Development KeywordsINSTITUTION BUILDINGINFORMAL SECTORPRIVATE SECTORCENTRAL GOVERNMENTCULTUREGOVERNMENT ROLECIVIL SERVICEPOVERTY MITIGATIONECONOMIC MANAGEMENTNONGOVERNMENTAL ORGANIZATIONSPUBLIC SERVICESAFRICA, SOUTH OF SAHARADONOR PARTICIPATIONFORMAL SECTORGOVERNANCEINDIGENOUS PRIVATE SECTORMICROENTERPRISES PDF DownloadLoading ...",en
https://openalex.org/W3093354055,Massive Influx of Pelagic Sargassum spp. on the Coasts of the Mexican Caribbean 2014–2020: Challenges and Opportunities,2020,"Valeria Chávez, Abigail Uribe-Martínez, Eduardo Cuevas, Rosa E. Rodríguez-Martínez, Brigitta I. van Tussenbroek, Vanessa Francisco, Miriam Estévez, Lourdes B. Celis, L. Verónica Monroy-Velázquez, Rosa María Leal‐Bautista, Lorenzo Álvarez‐Filip, Marta García-Sánchez, Luis Masia, Rodolfo Silva",247,https://doi.org/10.3390/w12102908,"Since late 2014, the Mexican Caribbean coast has periodically received massive, atypical influxes of pelagic Sargassum spp. (sargasso). Negative impacts associated with these influxes include mortality of nearshore benthic flora and fauna, beach erosion, pollution, decreasing tourism and high management costs. To understand the dynamics of the sargasso influx, we used Landsat 8 imagery (from 2016 to mid-2020) to record the coverage of sargasso in the sea off the Mexican Caribbean coastline, with a maximum reported in September 2018. Satellite image analysis also showed local differences in the quantity of beached sargasso along the coastline. Over the years, good practice for collection on the beach and for off-shore collection of sargasso have been established through trial and error, and the Mexican Government and hotel industry have spent millions of dollars on removal and off-shore detention of sargasso. Notwithstanding, sargasso also has various properties that could be harnessed in local industries. The stimulation of local industrial growth would offer alternatives to the dependence on tourism, as a circular economy, based on sargasso, is developed.",en
https://openalex.org/W1496500490,"El ""nuevo"" imperialismo: acumulación por desposesión",2004,David J. Harvey,246,,"La larga supervivencia del capitalismo, a pesar de sus multiples crisis y reorganizaciones y de los presagios acerca de su inminente derrota provenientes tanto de la izquierda como de la derecha, es un misterio que requiere aclaracion. Henry Lefebvre pensaba que habia encontrado la clave del mismo, en su famosa idea de que el capitalismo sobrevive a traves de la produccion del espacio, pero no explico exactamente como sucedia esto. Tanto Lenin como Rosa Luxemburgo, por razones muy distintas, y utilizando tambien diferentes argumentos, consideraban que el imperialismo -una forma determinada de produccion del espacio- era la respuesta al enigma,aunque ambos planteaban que esta solucion estaba acotada por sus propias contradicciones.",es
https://openalex.org/W2807729729,The Impact of Trade Liberalization on Firm Productivity and Innovation,2018,"Pian Shu, Claudia Steinwender",245,https://doi.org/10.1086/699932,"This chapter reviews the empirical economics literature on the impact of trade liberalization on firms’ innovation-related outcomes. We define and examine four types of shocks to trade flows: import competition, export opportunities, access to imported intermediates, and foreign input competition. Our review reveals interesting heterogeneities at the country and firm levels. In emerging countries, trade liberalization appears to spur productivity and innovation. In developed countries, export opportunities and access to imported intermediates tend to encourage innovation, but the evidence on import competition is mixed, especially for firms in the United States. At the firm level, the positive effects of trade on innovation are more pronounced at the initially more productive firms, while the negative effects are more pronounced at the initially less productive firms.",en
https://openalex.org/W2801332385,"Trends in future health financing and coverage: future health spending and universal health coverage in 188 countries, 2016–40",2018,"Joseph L. Dieleman, Nafis Sadat, Angela Y. Chang, Nancy Fullman, Cristiana Abbafati, Pawan Acharya, Arsène Kouablan Adou, Ali Kiadaliri, Khurshid Alam, Reza Alizadeh‐Navaei, Ala’a Alkerwi, Walid Ammar, Carl Abelardo T. Antonio, Olatunde Aremu, Solomon Weldegebreal Asgedom, Tesfay Mehari Atey, Leticia Ávila‐Burgos, Rakesh Ayer, Hamid Badali, Maciej Banach, Amrit Banstola, Aleksandra Barać, Abate Bekele Belachew, Charles Birungi, Nicola Luigi Bragazzi, Nicholas J. K. Breitborde, Lucero Cahuana-Hurtado, Josip Car, Ferrán Catalá-López, Abigail Chapin, Catherine S Chen, Lalit Dandona, Rakhi Dandona, Ahmad Daryani, Samath Dhamminda Dharmaratne, Manisha Dubey, Dumessa Edessa, Erika Eldrenkamp, Babak Eshrati, André Faro, Andrea B Feigl, Ama Pokuaa Fenny, Florian Fischer, Nataliya A Foigt, Kyle J Foreman, Mamata Ghimire, Srinivas Goli, Alemayehu Hailu, Samer Hamidi, Hilda L Harb, Tara Ballav Adhikari, Delia Hendrie, Gloria Ikilezi, Mehdi Javanbakht, Denny John, Jost B Jonas, Alexander Kaldjian, Amir Kasaeian, Yawukal Chane Kasahun, Ibrahim A Khalil, Young-Ho Khang, Jagdish Khubchandani, Yun Jin Kim, Jonas M Kinge, Soewarta Kosen, Kristopher J Krohn, G Anil Kumar, Alessandra Lafranconi, Hilton Lam, Stefan Listl, Hassan Magdy Abd El Razek, Mohammed Magdy Abd El Razek, Azeem Majeed, Reza Malekzadeh, Deborah Carvalho Malta, Gabriel Martinez, George A Mensah, Atte Meretoja, Angela Micah, Ted R Miller, Erkin M Mirrakhimov, Fitsum Weldegebreal Mlashu, Ebrahim Mohammed, Shafiu Mohammed, Mark Moses, Seyyed Meysam Mousavi, Mohsen Naghavi, Vinay Nangia, Frida Namnyak Ngalesoni, Cuong Tat Nguyen, Trang Huyen Nguyen, Yirga Niriayo, Mehdi Noroozi, Mayowa O Owolabi, Tejas Patel, David M Pereira, Suzanne Polinder, Mostafa Qorbani, Anwar Rafay, Alireza Rafiei",244,https://doi.org/10.1016/s0140-6736(18)30697-4,Resumo não disponível.,en
https://openalex.org/W2475179357,Delivering public value through open government data initiatives in a Smart City context,2016,"Gabriela Viale Pereira, Marie Anne Macadar, Edimara Mezzomo Luciano, Maurício Gregianin Testa",244,https://doi.org/10.1007/s10796-016-9673-7,"By using ICT in an innovative way, governments can improve the delivery of services and interaction with stakeholders. Open data is a way to help public organizations became more open and improve interaction with stakeholders. This paper aims to identify what are the public values enhancements acquired on smart city environment that discloses open data. We propose a conceptual model to analyze the smart city initiative. We contextualized the model taking a smart city domain by analyzing three related-initiatives that comprises open data in a smart city case carried at Rio de Janeiro Operations Center (COR) in Brazil by seven deep-interviewees directly involved - from inside and outside – in this case. The findings reveal evidences that open data initiatives contribute to enhance the delivery of public value in smart city contexts.",en
https://openalex.org/W2566207168,Social innovation: a window on alternative ways of organizing and innovating,2016,"Paul Tracey, Neil Stott",242,https://doi.org/10.1080/14479338.2016.1268924,"The term ‘social innovation’ is used to describe a broad range of organizational and inter-organizational activity that is ostensibly designed to address the most deep-rooted ‘problems’ of society, such as poverty, inequality and environmental degradation. Theoretically, however, this presents challenges because many of the ideas and practices grouped under the label of social innovation may have relatively little in common. In this article, we outline a simple framework for categorizing different types of social innovation – social entrepreneurship, social intrapreneurship, and social extrapreneurship – which we believe provides a useful basis for theory building in this area. We also offer suggestions for future research with the potential to deepen, extend and refine our typology.",en
https://openalex.org/W2234650031,Computer-aided detection (CADe) and diagnosis (CADx) system for lung cancer with likelihood of malignancy,2016,"Macedo Firmino, Giovani Angelo, Antônio Higor Freire de Morais, Marcel da Câmara Ribeiro-Dantas, Ricardo Alexsandro de Medeiros Valentim",242,https://doi.org/10.1186/s12938-015-0120-7,"From our preliminary results, we believe that our system is promising for clinical applications assisting radiologists in the detection and diagnosis of lung cancer.",en
https://openalex.org/W4220839635,Managing Land Carrying Capacity: Key to Achieving Sustainable Production Systems for Food Security,2022,Xiukang Wang,239,https://doi.org/10.3390/land11040484,"Many previous studies have estimated the carrying capacity and feasible planetary boundaries for humankind. However, less attention has been given to how we will sustainably feed 9 billion people in 2050 and beyond. Here, we review the major natural resources that limit food production and discuss possible options, measures, and strategies to sustainably feed a human population of 9 billion in 2050 and beyond. Currently, food production greatly depends on external inputs, e.g., irrigation water and fertilizers, but these approaches are not sustainable. Due to the unbalanced distribution of global natural resources and large regional differences, urbanization expansion causes important areas to face more serious arable land resource shortages. Hence, sustainably feeding 9 billion people in 2050 and beyond remains an immense challenge for humankind, and this challenge requires novel planning and better decision-making tools. Importantly, the measures and strategies employed must be region-/country-specific because of the significant differences in the socioeconomic characteristics and natural environmental carrying capacity in different parts of the world. Considering the impact of unexpected extreme events (e.g., a global pandemic and war) in the future, the food trade and translocation of goods will also face challenges, and the strategies and decision-making processes employed must consider the possible influences at both regional and global scales.",en
https://openalex.org/W4232925344,Transforming Cities with Transit,2013,"Hiroaki Suzuki, Robert Cervero, Kanako Iuchi",239,https://doi.org/10.1596/978-0-8213-9745-9,"No AccessUrban Development13 Oct 2013Transforming Cities with TransitTransit and Land-Use Integration for Sustainable Urban DevelopmentAuthors/Editors: Hiroaki Suzuki, Robert Cervero, Kanako IuchiHiroaki Suzuki, Robert Cervero, Kanako Iuchihttps://doi.org/10.1596/978-0-8213-9745-9View ChaptersAboutPDF (11.6 MB)Other FormatsePUB ToolsAdd to favoritesDownload CitationsTrack Citations ShareFacebookTwitterLinked In Abstract:'Transforming Cities with Transit' explores the complex process of transit and land-use integration in rapidly growing cities in developing countries. As one of the most promising strategies for advancing environmental sustainability, economic competitiveness, and socially inclusive development in fast-growing cities, transit and land-use integration is increasingly being embraced by policy-makers at all levels of government. This book focuses on identifying barriers to and opportunities for effective coordination of transport infrastructure and urban development. Global best-case practices of transit-oriented metropolises that have direct relevance to cities in developing countries are first introduced. Key institutional, regulatory, and financial constraints that hamper integration and opportunities to utilize transit to guide sustainable urban development are examined in selected cities in developing countries. For this, the book analyzes their Bus Rapid Transit (BRT) systems and their impact on land development. The book formulates recommendations and implementation strategies to overcome barriers and take advantage of opportunities. It asserts that unprecedented opportunities have and will continue to arise for the successful integration of transit and land development in much of the developing world. Many cities in developing countries currently exhibit the pre-requisites - e.g., rapid growth, rising real incomes, and increased motorization and congestion levels - for BRT and railway investments to trigger meaningful land-use changes in economically and financially viable ways. Recommendations for creating more sustainable cities of the future range from macro-level strategies that influence land development and governance at the metropolitan scale to micro-level initiatives, like Transit Oriented Development (TOD), that can radically transform development patterns at the neighborhood level. The book will be of interest to a wide and diverse audience, including mayors, council members and other national and local policy makers, urban and transportation planners, transit-agency officials, and developers and staff of development financial institutions and others involved with TOD projects in rapidly growing and motorizing cities of the developing world. Previous bookNext book FiguresReferencesRecommendedDetailsCited ByTransit-oriented development in developing countries: A qualitative meta-synthesis of its policy, planning and implementation challengesInternational Journal of Sustainable Transportation, Vol.16, No.321 December 2020Scientometric Analysis and Mapping of Transit-Oriented Development StudiesPlanning Practice & Research, Vol.37, No.130 May 2021Research and Development Within Public Transport Systems9 September 2021Transit-Oriented Development for Hanoi Sustainable Urban Development28 October 2021Transit-Oriented Development to, for, and in Delhi6 March 2022Transit-Oriented Development (TOD) as a Sustainable Transport Strategy for Metropolitan Cities24 March 2022Smart Growth and Transit Oriented Development: Financing and Execution Challenges in India13 October 2021Revisiting Transit-Oriented Development Evaluation for Urban Master Plans in the Context of Developing CountriesTransportation Research Record: Journal of the Transportation Research Board, Vol.2675, No.1029 May 2021Problematising concepts of transit-oriented development in South African citiesUrban Studies, Vol.10631 August 2021Towards Sustainable Mobility with Transit-Oriented Development (TOD): Understanding Greater Kuala LumpurPlanning Practice & Research, Vol.36, No.38 February 2021Impact of Urban Rail Transit Network on Residential and Commercial Land Values in China: A Complex Network PerspectiveComplexity, Vol.2021The Capital Value of Pedestrianization in Asia's Commercial Cityscape: Evidence from Office Towers and Retail StreetsTransport Policy, Vol.128The urban regeneration's framework for transit villages in Qatar: the case of Al Sadd in DohaEnvironment, Development and Sustainability, Vol.23, No.412 July 2020Land Use and Transport Integration Modeling with Immune Genetic Optimization for Urban Transit-Oriented DevelopmentJournal of Urban Planning and Development, Vol.147, No.1Urban Development and Sustainable Mobility: A Spatial Analysis in the Buenos Aires Metropolitan AreaLand, Vol.10, No.24 February 2021Collaborative Approach for Resource Mobilization Transformation in Vietnam14 October 2020ReStructuring Urban Space of Hanoi City on the Basis of Urban Mass Transit Development14 October 2020Building a Smarter City with a ""Mobility Oriented Management"": The Toulouse COMMUTE Project28 January 2021Land-Use and Transport Planning10 Questions to Ask About Planning, Financing and Implementing Transit Oriented Development StrategiesWorld Resources Institute1 January 2021Linking Travel Behavior and Urban Form with Travel Energy Consumption for Kathmandu Valley, NepalJournal of Urban Planning and Development, Vol.146, No.3Transportation professionals' visions of transit sexual assault: The problem of deproblematizing beliefsTransportation Research Part A: Policy and Practice, Vol.139Incentivised Travel and Mobile Application as Multiple Policy Intervention for Mode ShiftKSCE Journal of Civil Engineering, Vol.4624 August 2020Using Big and Open Data to Analyze Transit-Oriented DevelopmentJournal of the American Planning Association, Vol.86, No.313 April 2020Transit Passengers-Oriented Built Environment: An Evaluation of Mode Shift and Street Network and DesignIOP Conference Series: Earth and Environmental Science, Vol.53215 August 2020Urban Land-use and Traffic Congestion: Mapping the InteractionJournal of Contemporary Urban Affairs, Vol.5, No.11 January 2020Negotiating Integrated Land and Transport Development: A Simulation Gaming Approach to Innovative Value Capture Mechanisms in ChinaPlanning Practice & Research, Vol.35, No.310 March 2020Urban land uses within walking catchment of metro stations in a transit-oriented cityJournal of Housing and the Built Environment, Vol.195 May 2020Smart Environment for Smart and Sustainable Hong Kong5 April 2019Global City Shaping20 September 2019, Vol.1091Regional Development and Planning: An Overview11 February 2020Estimating Travel Times of Mid-Volume Buses Considering Right-of-Way VariationIEEE Access, Vol.8Shared Mobility in the Process of City-Transport Coevolution: Emerging Geographies and Policy Challenges3 November 2020Identification of neighborhood typology for potential transit-oriented developmentTransportation Research Part D: Transport and Environment, Vol.78Spatial inertia and separation in a hierarchy-driven structure: four case studies of flow continuity along ring roadsUrban, Planning and Transport Research, Vol.8, No.18 November 2020Greenways and Sustainable Urban Mobility SystemsThe political economy of transit value capture: The changing business model of the MTRC in Hong KongUrban Studies, Vol.56, No.1624 January 2019Geospatial tool-chains: Planning support systems for organisational teamsInternational Journal of Architectural Computing, Vol.17, No.46 December 2019Hong Kong's ""Rail-plus-Property"" DevelopmentTowards Sustainable Transportation: Identification of Development Challenges of TOD area in Jakarta Metropolitan Area Urban Railway ProjectsIOP Conference Series: Earth and Environmental Science, Vol.32824 October 2019Impacts of Urban Railway Investment on Regional Economies: Evidence from Tokyo using Spatial Difference-in-Differences AnalysisTransportation Research Record: Journal of the Transportation Research Board, Vol.2673, No.1014 May 2019City turns toward natureTERRITORIO, No.88Modelling geographic accessibility to Primary Health Care Facilities: combining open data and geospatial analysisGeo-spatial Information Science, Vol.22, No.330 July 2019Improving walkability in a TOD context: Spatial strategies that enhance walking in the Belém neighbourhood, in São Paulo, BrazilCase Studies on Transport Policy, Vol.7, No.2Preliminary study on Bandung sustainable urban mobility policy: the contribution of public transportation on emissionIOP Conference Series: Earth and Environmental Science, Vol.24830 April 2019Verkehrsverbund: The evolution and spread of fully integrated regional public transport in Germany, Austria, and SwitzerlandInternational Journal of Sustainable Transportation, Vol.13, No.127 February 2018Perspectives on Green: Recent Urbanisation Works and Measures in Brazil and India3 February 2019Journal of Asian Architecture and Building Engineering, Vol.18, No.1La Autoridad de Transporte Urbano (ATU) para Lima y Callao: análisis comparativo de su diseño institucional con las autoridades de transporte público de Madrid y Santiago de Chile desde la perspectiva de la gobernanza = The Urban Transport Authority for Lima and Callao: comparative analysis of its institutional design with Madrid and Santiago de Chile public transit authorities from a governance perspectiveTerritorios en formación, No.1430 December 2018Transit Orientation: More Than Just Coverage—A New Method for the Assessment of Transit and Development Co-LocationTransportation Research Record: Journal of the Transportation Research Board, Vol.2672, No.813 July 2018Does zoning help or hinder transit-oriented (re)development?Urban Studies, Vol.55, No.827 June 2017Key elements for the development of the institutional, operational and image components in a Strategic Public Transport SystemIndian Journal of Science and Technology, Vol.11, No.17'A Fantasy to Get Employment Around the Area': Long Commutes and Resident Health in an Outer Urban Master-Planned EstateUrban Policy and Research, Vol.36, No.128 March 2017Algorithms-Aided Sustainable Urban DesignThe Challenge of Achieving Sustainable Mobility in the Cities of South AsiaPlanning Transit System for Indian CitiesBuilt environment and individual travel behavior: Findings from two Bangkok districtsJournal of Geography and Regional Planning, Vol.10, No.930 September 2017An integrated framework for managing the complex interdependence between infrastructures and the socioeconomic environment: An application in metropolitan AtlantaUrban Studies, Vol.54, No.1216 June 2016Smart Urban Mobility: Conceptual analysis for proposal modelTransport Policies and DevelopmentThe Journal of Development Studies, Vol.53, No.420 July 2016Scaling up and Coordinating Investments in Physical Structures and Infrastructure12 May 2017Study tours and inter-city policy learning: Mobilizing Bogotá's transportation policies in GuadalajaraEnvironment and Planning A: Economy and Space, Vol.49, No.228 September 2016A transformação urbana de Bogotá: Análise de processos de planejamento e gestão urbanaBitácora Urbano Territorial, Vol.27, No.126 January 2017Dense, mixed-use, walkable urban precinct to support sustainable transport or vice versa? A model for consideration from Perth, Western AustraliaInternational Journal of Sustainable Transportation, Vol.11, No.12 February 2016Low-Carbon Urban Infrastructure11 March 2017Managing Metro Manila21 April 2017Urbanmetrics: An Algorithmic-(Para)Metric Methodology for Analysis and Optimization of Urban Configurations12 May 2017Investigating Theoretical Development for Integrated Transport and Land Use Modelling Systems12 May 2017Emerging Value Capture Innovative Urban Rail Funding and FinancingFrom Urban to Suburban Growth, a Gradual Discourse from Quality to Inequality? The Case of New AswanSSRN Electronic JournalAlgorithmic approach toward Transit-Oriented Development neighborhoods: (Para)metric tools for evaluating and proposing rapid transit-based districtsInternational Journal of Architectural Computing, Vol.14, No.2Parking versus public transport subsidies: case study of Nanjing, ChinaTransportation Letters4 March 2016Does Zoning Help or Hinder Transit-Oriented (Re)Development?SSRN Electronic JournalTransition towards Sustainable Urbanization in Asia and Africa11 August 2016Sustainable Urban Development as a Driver of Safety System Development of the Urban UndergroundProcedia Engineering, Vol.165Algorithms-Aided Sustainable Urban DesignPlanning Transit System for Indian CitiesEmerging Value Capture Innovative Urban Rail Funding and FinancingShaping travels and land use with bus rapid transit: a developed city's visualisation with smartcard and census dataRegional Studies, Regional Science, Vol.3, No.121 December 2016Mobile Cockpit System for Enhanced Electric Bicycle UseIEEE Transactions on Industrial Informatics, Vol.11, No.5Improving downtown in a mid-sized legacy city: examining responses to potential downtown improvements in Flint, MichiganCommunity Development, Vol.46, No.49 July 2015Transport Policies and Development12 August 2015Spatial Pattern of Land Use and Its Implications for Mode-Based Accessibility: Case Study of Nanjing, ChinaJournal of Urban Planning and Development, Vol.141, No.2Governing sustainable low-carbon transport in Indonesia: An assessment of provincial transport plansNatural Resources Forum, Vol.39, No.124 March 2015Air Rights Sales, São Paulo, Brazil22 February 2015Overview22 February 2015Development-Based Land Value Capture for Financing Transit- Oriented Development22 February 2015Recommendations: What Policy Makers Can Do to Facilitate Efficient, Sustainable, and Inclusive Urban Growth15 July 2015Metro Manila's Challenges: Flooding, Housing and Mobility1 August 2014Energy Efficiency of Passenger Transport in Poznan Agglomeration in the Face of Peak Oil22 January 2015Research on Transport Subsidies for Public Transit and Cars24 January 2015The Potential of Transit-Oriented Development (TOD) and its Opportunity in Bandung Metropolitan AreaProcedia Environmental Sciences, Vol.28Public Engagement in Public Transportation ProjectsTransportation Research Record: Journal of the Transportation Research Board, Vol.2537, No.128 April 2019Measuring Bus Stops toward a Sustainable Urban EnvironmentTransportation Research Record: Journal of the Transportation Research Board, Vol.2533, No.126 June 2019Does Bus Rapid Transit Influence Urban Land Development and Property Values: A Review of the LiteratureTransport Reviews, Vol.34, No.38 April 2014A lower bound for minimizing the total energy consumption in a statically routed Personal Rapid Transit systemThe promise and challenges of integrating public transportation in Bogotá, ColombiaPublic Transport, Vol.6, No.1-213 March 2014A Preliminary Analysis of two Bus Rapid Transit Accidents in Mexico CityProcedia Engineering, Vol.84The Challenge of Achieving Sustainable Mobility in the Cities of South Asia View Published: January 2013ISBN: 978-0-8213-9745-9e-ISBN: 978-0-8213-9750-3 Copyright & Permissions Related RegionsMiddle East and North AfricaAfricaSouth AsiaEast Asia & PacificEurope and Central AsiaLatin America & CaribbeanRelated CountriesIndiaColombiaRelated TopicsGovernanceTransportUrban Development KeywordsURBAN AND TRANSIT INTEGRATIONTRANSIT-ORIENTED DEVELOPMENT (TOD)SUSTAINABLE FINANCINGVALUE CAPTUREBUS RAPID TRANSIT (BRT)PLANNING VISIONSINSTITUTIONS AND GOVERNMENTSLAND USE PLANNINGURBAN DENSITYTRANSIT/TRANSPORT PLANNING PDF DownloadLoading ...",en
https://openalex.org/W3156034811,UN Food Systems Summit 2021: Dismantling Democracy and Resetting Corporate Control of Food Systems,2021,"Matthew Canfield, Molly D. Anderson, Philip McMichael",239,https://doi.org/10.3389/fsufs.2021.661552,"This article analyzes the development and organization of the United Nations Food Systems Summit (UNFSS), which is being convened by UN Secretary General António Guterres in late 2021. Although few people will dispute that global food systems need transformation, it has become clear that the Summit is instead an effort by a powerful alliance of multinational corporations, philanthropies, and export-oriented countries to subvert multilateral institutions of food governance and capture the global narrative of “food systems transformation.” This article places the upcoming Summit in the context of previous world food summits and analyzes concerns that have been voiced by many within civil society. It elaborates how the current structure and forms of participant recruitment and public engagement lack basic transparency and accountability, fail to address significant conflicts of interest, and ignore human rights. As the COVID-19 pandemic illuminates the structural vulnerabilities of the neoliberal model of food systems and the consequences of climate change for food production, a high-level commitment to equitable and sustainable food systems is needed now more than ever. However, the authors suggest that the UNFSS instead seems to follow a trajectory in which efforts to govern global food systems in the public interest has been subverted to maintain colonial and corporate forms of control.",en
https://openalex.org/W3093303025,"Planning nature-based solutions: Principles, steps, and insights",2020,"Christian Albert, Mario Brillinger, Paulina Guerrero, Sarah Gottwald, Jennifer Henze, Stefan Schmidt, Edward Ott, Barbara Schröter",238,https://doi.org/10.1007/s13280-020-01365-1,Resumo não disponível.,en
https://openalex.org/W3088628745,"Link Between Sustainability and Industry 4.0: Trends, Challenges and New Perspectives",2020,"Leonardo B. Furstenau, Michele Kremer Sott, Liane Mählmann Kipper, Ênio Leandro Machado, José Ricardo López-Robles, Michael S. Dohan, Manuel J. Cobo, Adnan Zahid, Qammer H. Abbasi, Muhammad Ali Imran",238,https://doi.org/10.1109/access.2020.3012812,"The increasing number of studies that underline the relationship between industry 4.0 and sustainability shows that sustainability is one of the pillars of smart factories. Through a bibliometric performance and network analysis (BPNA), this research describes the existing relationship between industry 4.0 and sustainability, the strategic themes from 2010 to March 2019, as well as the research gaps for proposing future work. With this goal in mind, 894 documents and 5621 keywords were included for bibliometric analysis, which were treated with the support of Science Mapping Analysis Software Tool (SciMAT). The bibliometric performance analysis presented the number of publications over time and the most productive journals. The strategic diagram shown 12 main research clusters, which were measured according to bibliometric indicators. Moreover, the network structure of each cluster was depicted, and the patterns found were discussed based on the documents associated to the network. Our findings show the scientific efforts are focused to enhance economic and environmental aspects and highlights a lack of effort relating the social sphere. Finally, the paper concludes the challenges, perspectives, and suggestions for the potential future work in the field of study relating to industry 4.0 and sustainability.",en
https://openalex.org/W1827856311,"Sex Differences in Stroke Incidence, Prevalence, Mortality and Disability-Adjusted Life Years: Results from the Global Burden of Disease Study 2013",2015,"Suzanne Barker‐Collo, Derrick Bennett, Rita Krishnamurthi, Priya Parmar, Valery L. Feigin, Mohsen Naghavi, Mohammed H. Forouzanfar, Catherine O. Johnson, Grant Nguyen, George A. Mensah, Theo Vos, Christopher J L Murray, Gregory A. Roth, GBD 2013 Writing Group and GBD 2013 Stroke Panel Experts Group",236,https://doi.org/10.1159/000441103,"Globally, men continue to have a higher incidence of IS than women while significant sex differences in the incidence of HS were not observed. The total health loss due to stroke as measured by DALYs was similar for men and women for both stroke subtypes in 2013, with HS higher than IS. Both IS and HS DALYs show an increasing trend for both men and women since 1990, which is statistically significant only for IS among men. Ongoing monitoring of sex differences in the burden of stroke will be needed to determine if disease rates among men and women continue to diverge. Sex disparities related to stroke will have important clinical and policy implications that can guide funding and resource allocation for national, regional and global health programs.",en
https://openalex.org/W4391361874,Enhancing Work Productivity through Generative Artificial Intelligence: A Comprehensive Literature Review,2024,"Humaid Al Naqbi, Zied Bahroun, Vian Ahmed",234,https://doi.org/10.3390/su16031166,"In this review, utilizing the PRISMA methodology, a comprehensive analysis of the use of Generative Artificial Intelligence (GAI) across diverse professional sectors is presented, drawing from 159 selected research publications. This study provides an insightful overview of the impact of GAI on enhancing institutional performance and work productivity, with a specific focus on sectors including academia, research, technology, communications, agriculture, government, and business. It highlights the critical role of GAI in navigating AI challenges, ethical considerations, and the importance of analytical thinking in these domains. The research conducts a detailed content analysis, uncovering significant trends and gaps in current GAI applications and projecting future prospects. A key aspect of this study is the bibliometric analysis, which identifies dominant tools like Chatbots and Conversational Agents, notably ChatGPT, as central to GAI’s evolution. The findings indicate a robust and accelerating trend in GAI research, expected to continue through 2024 and beyond. Additionally, this study points to potential future research directions, emphasizing the need for improved GAI design and strategic long-term planning, particularly in assessing its impact on user experience across various professional fields.",en
https://openalex.org/W2803603549,"Validating the City Region Food System Approach: Enacting Inclusive, Transformational City Region Food Systems",2018,"Alison Blay‐Palmer, Guido Santini, Marielle Dubbeling, H. Renting, Makiko Taguchi, Thierry Giordano",234,https://doi.org/10.3390/su10051680,"This paper offers a critical assessment of the value and utility of the evolving City Region Food Systems (CRFS) approach to improve our insights into flows of resources—food, waste, people, and knowledge—from rural to peri-urban to urban and back again, and the policies and process needed to enable sustainability. This paper reflects on (1) CRFS merits compared to other approaches; (2) the operational potential of applying the CRFS approach to existing projects through case analysis; (3) how to make the CRFS approach more robust and ways to further operationalize the approach; and (4) the potential for the CRFS approach to address complex challenges including integrated governance, territorial development, metabolic flows, and climate change. The paper begins with the rationale for CRFS as both a conceptual framework and an integrative operational approach, as it helps to build increasingly coherent transformational food systems. CRFS is differentiated from existing approaches to understand the context and gaps in theory and practice. We then explore the strength of CRFS through the conceptual building blocks of ‘food systems’ and ‘city-regions’ as appropriate, or not, to address pressing complex challenges. As both a multi-stakeholder, sustainability-building approach and process, CRFS provides a collective voice for food actors across scales and could provide coherence across jurisdictions, policies, and scales, including the Milan Urban Food Policy Pact, the Sustainable Development Goals, the Habitat III New Urban Agenda, and the Conference of the Parties (COP) 21. CRFS responds directly to calls in the literature to provide a conceptual and practical framing for policy through wide engagement across sectors that enables the co-construction of a relevant policy frame that can be enacted through sufficiently integrated policies and programs that achieve increasingly sustainable food systems.",en
https://openalex.org/W2596315594,Inspection-Class Remotely Operated Vehicles—A Review,2017,"Romano Capocci, Gerard Dooly, Edin Omerdić, Joseph Coleman, Thomas Newe, Daniel Toal",233,https://doi.org/10.3390/jmse5010013,"This paper presents a review of inspection-class Remotely Operated Vehicles (ROVs). The review divides the classification of inspection-class ROVs; categorising the vehicles in order of size and capability. A state of the art technology review is undertaken, discussing various common subsystems of the ROV. Standard and novel ROV shapes and designs are reviewed, with emphasis on buoyancy, frame materials and hydrodynamics. Several power considerations and designs are discussed, accounting for battery fed and mains fed systems. ROV telemetry is split into a discussion on the various transmission hardware systems and the communication protocols that are most widely used in industry and research today. A range of thruster technologies is then introduced with consideration taken of the various thruster architectures available. Finally, the navigation and positioning sensors employed for ROV navigation and control are reviewed. The author has also created a number of comparison tables throughout the review; tables include comparison of wired data transmission technology, comparison of common ROV communication protocols and comparisons of various inertial navigation systems. By the end of the review the reader will have clearer understanding on the fundamentals of inspection-class ROV technologies and can use this as an introduction to further paper investigation.",en
https://openalex.org/W2806835063,"Sustainability Standards: Interactions Between Private Actors, Civil Society, and Governments",2018,"Éric F. Lambin, Tannis Thorlakson",233,https://doi.org/10.1146/annurev-environ-102017-025931,"New partnerships between governments, private companies, and nongovernmental organizations (NGOs) are reshaping global environmental governance. In particular, there has been a rise of voluntary sustainability standards in an attempt to manage social and environmental impacts of global supply chains. We analyze the large spectrum of interactions between private, public, and civil society actors around voluntary sustainability standards, primarily for tropical agriculture and forestry. This review uncovers a policy ecosystem dominated by a proliferation of standards that complement, substitute, or compete against each other, with coordination mechanisms beginning to arise. Contrary to widely held views, interactions between governments, NGOs, and private companies surrounding the adoption of sustainable practices are not generally antagonistic, and public and private environmental governance regimes rarely operate independently. The influence of these interactions on the effectiveness of sustainability standards needs more attention. Better understanding how private regulations interact with the policy ecosystem will help design more effective interventions.",en
https://openalex.org/W2135388134,Competing Claims on Natural Resources: What Role for Science?,2008,"K.E. Giller, Cees Leeuwis, Jens Andersson, W. Andriesse, A. Brouwer, P. G. H. Frost, P.G.M. Hebinck, I.M.A. Heitkönig, M.K. van Ittersum, N.B.J. Koning, R. Ruben, M.A. Slingerland, H.M.J. Udo, A. Veldkamp, Claudius van de Vijver, Mark T. van Wijk, P.N. Windmeijer",231,https://doi.org/10.5751/es-02595-130234,"Giller, K. E., C. Leeuwis, J. A. Andersson, W. Andriesse, A. Brouwer, P. Frost, P. Hebinck, I. Heitkönig, M. K. van Ittersum, N. Koning, R. Ruben, M. Slingerland, H. Udo, T. Veldkamp, C. van de Vijver, M. T. van Wijk, and P. Windmeijer. 2008. Competing claims on natural resources: what role for science?. Ecology and Society 13(2): 34. https://doi.org/10.5751/ES-02595-130234",en
https://openalex.org/W1633326917,Same Same but Different: School-to-work Transitions in Emerging and Advanced Economies,2014,"Glenda Quintini, Sébastien Martin",231,https://doi.org/10.1787/5jzbb2t1rcwc-en,"Improving school-to-work transitions and ensuring better career opportunities for youth after labour market entrance are common goals in emerging and advanced economies as they can contribute to raising the productive potential of the economy and to increasing social cohesion. However, the challenges faced in achieving these objectives and the policies required vary between emerging and advanced economies. This paper analyses youth labour market outcomes in 16 countries: eight emerging countries and eight advanced economies. In light of this analysis, it also discusses differences and similarities in the policy measures countries have at their disposal to tackle the key emerging challenges.",en
https://openalex.org/W2132999186,Development and validation of a Radiance model for a translucent panel,2006,"Christoph Reinhart, Marilyne Andersen",230,https://doi.org/10.1016/j.enbuild.2006.03.006,Resumo não disponível.,en
https://openalex.org/W2791745770,Positive tipping points in a rapidly warming world,2018,"J. David Tàbara, Niki Frantzeskaki, Katharina Hölscher, Simona Pedde, Kasper Kok, Francesco Lamperti, Jens Hesselbjerg Christensen, Jill Jäger, Pam Berry",229,https://doi.org/10.1016/j.cosust.2018.01.012,Resumo não disponível.,en
https://openalex.org/W2622172669,The concept of the Anthropocene as a game-changer: a new context for social innovation and transformations to sustainability,2017,"Per Olsson, Michele‐Lee Moore, Frances Westley, Daniel D. McCarthy",229,https://doi.org/10.5751/es-09310-220231,"Olsson, P., M.-L. Moore, F. R. Westley, and D. D. P. McCarthy. 2017. The concept of the Anthropocene as a game-changer: a new context for social innovation and transformations to sustainability. Ecology and Society 22(2):31. https://doi.org/10.5751/ES-09310-220231",en
https://openalex.org/W4390053096,"2023 OECD Open, Useful and Re-usable data (OURdata) Index",2023,OECD,228,https://doi.org/10.1787/a37f51c3-en,"Open government data has become a vital instrument for addressing both longstanding and emerging policy issues. In particular, the recent pandemic and the green transition have underscored the need for governments to ensure access to timely, relevant, and high-quality data to foster resilience and facilitate a comprehensive whole-of-society response. This paper presents the main findings of the fourth edition of the OECD Open, Useful, and Re-usable data (OURdata) Index for 2023, which benchmarks efforts made by governments to design and implement national open government data policies. It encompasses over 670 data points collected from 36 OECD countries and 4 accession countries throughout 2022.",en
https://openalex.org/W2576216046,Climbing the ladder of technological development,2017,"Sergio Petralia, Pierre‐Alexandre Balland, Andrea Morrison",227,https://doi.org/10.1016/j.respol.2017.03.012,Resumo não disponível.,en
https://openalex.org/W4302759540,"Assessing performance of the Healthcare Access and Quality Index, overall and by select age groups, for 204 countries and territories, 1990–2019: a systematic analysis from the Global Burden of Disease Study 2019",2022,"Annie Haakenstad, Jamal A Yearwood, Nancy Fullman, Corinne Bintz, Kelly Bienhoff, Marcia R. Weaver, Vishnu Nandakumar, Kate E LeGrand, Megan Knight, Cristiana Abbafati, Mohsen Abbasi‐Kangevari, Amir Abdoli, Roberto Ariel Abeldaño Zúñiga, Isaac Akinkunmi Adedeji, Victor Adekanmbi, Olatunji Adetokunboh, Muhammad U. Afzal, Saira Afzal, Marcela Agudelo‐Botero, Bright Opoku Ahinkorah, Sajjad Ahmad, Ali Ahmadi, Sepideh Ahmadi, Ali Ahmed, Tarik A. Rashid, Budi Aji, Wuraola Akande‐Sholabi, Khurshid Alam, Hanadi Al Hamad, Robert Kaba Alhassan, Liaqat Ali, Vahid Alipour, Syed Mohamed Aljunid, Edward Kwabena Ameyaw, Tarek Tawfik Amin, Hubert Amu, Dickson A Amugsi, Robert Ancuceanu, Pedro Prata Andrade, Afifa Anjum, Jalal Arabloo, Morteza Arab‐Zozani, Hany Ariffin, Judie Arulappan, Zahra Aryan, Tahira Ashraf, Desta Debalkie Atnafu, Alok Atreya, Marcel Ausloos, Leticia Ávila‐Burgos, Getinet Ayano, Martin Amogre Ayanore, Samad Azari, Ashish Badiye, Atif Amin Baig, Mohan Bairwa, Shankar M Bakkannavar, Shrikala Baliga, Palash Chandra Banik, Till Bärnighausen, Fabio Barra, Amadou Barrow, Sanjay Basu, Mohsen Bayati, Rebuma Belete, Arielle Wilder Bell, Devidas S. Bhagat, Akshaya Srikanth Bhagavathula, Pankaj Bhardwaj, Nikha Bhardwaj, Sonu Bhaskar, Krittika Bhattacharyya, Ashok Bhurtyal, Zulfiqar A Bhutta, Sadia Bibi, Ali Bijani, Boris Bikbov, Antonio Biondi, Obasanjo Afolabi Bolarinwa, Aimé Bonny, Hermann Brenner, Danilo Buonsenso, Katrin Burkart, Reinhard Busse, Zahid A Butt, Nadeem Shafique Butt, Florentino Luciano Caetano dos Santos, Lucero Cahuana-Hurtado, Luis Alberto Cámera, Rosario Cárdenas, Vera Lúcia Alves Carneiro, Ferrán Catalá-López, Joht Singh Chandan, Jaykaran Charan, Prachi P. Chavan, Simiao Chen, Shu Chen, Sonali G Choudhari, E. Chowdhury, Mohiuddin Ahsanul Kabir Chowdhury",227,https://doi.org/10.1016/s2214-109x(22)00429-6,Resumo não disponível.,en
https://openalex.org/W4400620765,determinación social de la salud como herramienta de transformación hacia una nueva salud pública (salud colectiva),2013,Jaime Breilh,226,https://doi.org/10.17533/udea.rfnsp.16637,"La determinación social de la salud es una de las tres categorías centrales de la propuesta para una epidemiología crítica, enunciada desde mediados de la década del 70 y luego desarrollada y complementada por otros autores especialmente de la corriente latinoamericana .Junto con las categorías reproducción social y metabolismo sociedad-naturaleza han conformado el eje teórico de una propuesta de ruptura con el paradigma dominante de la salud pública.",es
https://openalex.org/W3092339758,Current trends and prospects of tidal energy technology,2020,"Shahariar Chowdhury, Kazi Sajedur Rahman, Vidhya Selvanathan, Narissara Nuthammachot, Montri Suklueng, Ali Mostafaeipour, Asiful Habib, Md. Akhtaruzzaman, Nowshad Amin, Kuaanan Techato",224,https://doi.org/10.1007/s10668-020-01013-4,Resumo não disponível.,en
https://openalex.org/W3122614873,Inner transformation to sustainability as a deep leverage point: fostering new avenues for change through dialogue and reflection,2021,"C Woiwode, Niko Schäpke, Olívia Bina, Stella Veciana, Iris Kunze, Oliver Parodi, Petra Schweizer-Ries, Christine Wamsler",223,https://doi.org/10.1007/s11625-020-00882-y,Resumo não disponível.,en
https://openalex.org/W3117589620,Moving beyond disruptive innovation: A review of disruption in sustainability transitions,2020,"Paula Kivimaa, Senja Laakso, Annika Lonkila, Minna Kaljonen",223,https://doi.org/10.1016/j.eist.2020.12.001,Resumo não disponível.,en
https://openalex.org/W1505814078,"Multiresistant Salmonella enterica serovar 4,[5],12:i:- in Europe: a new pandemic strain?",2010,"Katie L. Hopkins, Miranda Kirchner, Beatriz Guerra, Sophie A. Granier, C. Lucarelli, M. Concepción Porrero, A. Jakubczak, E. John Threlfall, Dik Mevius",222,https://doi.org/10.2807/ese.15.22.19580-en,"A marked increase in the prevalence of S. enterica serovar 4,[5],12:i:- with resistance to ampicillin, streptomycin, sulphonamides and tetracyclines (R-type ASSuT) has been noted in food-borne infections and in pigs/pig meat in several European countries in the last ten years. One hundred and sixteen strains of S. enterica serovar 4,[5],12:i:- from humans, pigs and pig meat isolated in England and Wales, France, Germany, Italy, Poland, Spain and the Netherlands were further subtyped by phage typing, pulsed-field gel electrophoresis and multilocus variable number tandem repeat analysis to investigate the genetic relationship among strains. PCR was performed to identify the fljB flagellar gene and the genes encoding resistance to ampicillin, streptomycin, sulphonamides and tetracyclines. Class 1 and 2 integrase genes were also sought. Results indicate that genetically related serovar 4,[5],12:i:- strains of definitive phage types DT193 and DT120 with ampicillin, streptomycin, sulphonamide and tetracycline resistance encoded by blaTEM, strA-strB, sul2 and tet(B) have emerged in several European countries, with pigs the likely reservoir of infection. Control measures are urgently needed to reduce spread of infection to humans via the food chain and thereby prevent the possible pandemic spread of serovar 4,[5],12:i:- of R-type ASSuT as occurred with S. Typhimurium DT104 during the 1990s.",en
https://openalex.org/W2088232299,Data composites of airborne observations of tropospheric ozone and its precursors,2000,"L. K. Emmons, Didier Hauglustaine, Jean‐François Müller, Mary Anne Carroll, Guy Brasseur, Dominik Brunner, J. Staehelin, V. Thouret, A. Marenco",221,https://doi.org/10.1029/2000jd900232,"Tropospheric data from a number of aircraft campaigns have been gridded onto global maps, forming “data composites” of chemical species important in ozone photochemistry. Although these are not climatologies in the sense of a long temporal average, these data summaries are useful for providing a picture of the global distributions of these species and are a start to creating observations‐based climatologies. Using aircraft measurements from a number of campaigns, we have averaged observations of O 3 , CO, NO, NO x , HNO 3 , PAN, H 2 O 2 , CH 3 OOH, HCHO, CH 3 COCH 3 , C 2 H 6 , and C 3 H 8 onto a 5° latitude by 5° longitude horizontal grid with a 1‐km vertical resolution. These maps provide information about the distributions at various altitudes, but also clearly show that direct observations of the global troposphere are still very limited. A set of regions with 10°–20° horizontal extent has also been chosen wherein there is sufficient data to study vertical profiles. These profiles are particularly valuable for comparison with model results, especially when a full suite of chemical species can be compared simultaneously. The O 3 and NO climatologies generated from measurements obtained during commercial aircraft flights associated writh the MOZAIC and NOXAR programs are incorporated with the data composites at 10–11 km. As an example of the utility of these data composites, observations are compared to results from two global chemical transport models, MOZART and IMAGES, to help identify incorrect emission sources, incorrect strength of convection, and missing chemistry in the models. These comparisons suggest that in MOZART the NO x biomass burning emissions may be too low and convection too weak and that the transport of ozone from the stratosphere in IMAGES is too great. The ozone profiles from the data composites are compared with ozonesonde climatologies and show that in some cases the aircraft data agree with the long‐term averages, but in others, such as in the western Pacific during PEM‐Tropics‐A, agreement is lacking. Finally, the data composites provide temporal and spatial information, which can help identify the locations and seasons where new measurements would be most valuable. All of the data composites presented here are available via the Internet ( http://aoss.engin.umich.edu/SASSarchive/ ).",en
https://openalex.org/W2996656423,An Introduction to Complex Systems Science and Its Applications,2020,"Alexander F. Siegenfeld, Yaneer Bar-Yam",220,https://doi.org/10.1155/2020/6105872,"The standard assumptions that underlie many conceptual and quantitative frameworks do not hold for many complex physical, biological, and social systems. Complex systems science clarifies when and why such assumptions fail and provides alternative frameworks for understanding the properties of complex systems. This review introduces some of the basic principles of complex systems science, including complexity profiles, the tradeoff between efficiency and adaptability, the necessity of matching the complexity of systems to that of their environments, multiscale analysis, and evolutionary processes. Our focus is on the general properties of systems as opposed to the modeling of specific dynamics; rather than provide a comprehensive review, we pedagogically describe a conceptual and analytic approach for understanding and interacting with the complex systems of our world. This paper assumes only a high school mathematical and scientific background so that it may be accessible to academics in all fields, decision-makers in industry, government, and philanthropy, and anyone who is interested in systems and society.",en
https://openalex.org/W4210859320,"Technological Innovation, Sustainable Green Practices and SMEs Sustainable Performance in Times of Crisis (COVID-19 pandemic)",2022,"Mansour Naser Alraja, Rabia Imran, Basel Khashab, Mahmood Shah",219,https://doi.org/10.1007/s10796-022-10250-z,"COVID-19 restrictions significantly affected SMEs, which have faced many challenges to their sustainability within this fragile new environment. This study proposes a holistic framework of sustainable performance by interrelating factors showing robust associations to produce this effect' for achieving sustainable performance in SMEs, through integrating the Technology Organisation Environment (TOE) and Resource Based View (RBV) models, to test how sustainable green practices can process the TOE factors when affecting sustainable performance. The research focuses on SMEs with worldwide employees and involves data collected from a range of different employees belonging to four different managerial levels. The process incorporated the analysis of 669 questionnaires to test the proposed hypotheses using structural equation modeling. Findings suggest that, together, TOE factors represent crucial inputs for green practices such as green training, green performance appraisal, that, in turn, mean critical processes lead to sustainable performance (output). Additionally, the findings should also inspire SMEs to focus even more effort on internal technological and organisational factors and to encourage an eco-friendly culture that would demand stakeholders adopt a more positive environmental stance.",en
https://openalex.org/W2135966403,Liquid intrusion and alternative methods for the characterization of macroporous materials (IUPAC Technical Report),2011,"J. Rouquérol, Gino V. Baron, Renaud Denoyel, Herbert Giesche, Johan C. Groen, P. Klobes, Pierre Levitz, Alexander V. Neimark, Sean P. Rigby, Romas Skudas, K. S. W. Sing, Matthias Thommes, Klaus K. Unger",219,https://doi.org/10.1351/pac-rep-10-11-19,"This document deals with the characterization of porous materials having pore widths in the macropore range of 50 nm to 500 μm. In recent years, the development of advanced adsorbents and catalysts (e.g., monoliths having hierarchical pore networks) has brought about a renewed interest in macropore structures. Mercury intrusion–extrusion porosimetry is a well-established method, which is at present the most widely used for determining the macropore size distribution. However, because of the reservations raised by the use of mercury, it is now evident that the principles involved in the application of mercury porosimetry require reappraisal and that alternative methods are worth being listed and evaluated. The reliability of mercury porosimetry is discussed in the first part of the report along with the conditions required for its safe use. Other procedures for macropore size analysis, which are critically examined, include the intrusion of other non-wetting liquids and certain wetting liquids, capillary condensation, liquid permeation, imaging, and image analysis. The statistical reconstruction of porous materials and the use of macroporous reference materials (RMs) are also examined. Finally, the future of macropore analysis is discussed.",en
https://openalex.org/W1931910357,DETER-B: The New Amazon Near Real-Time Deforestation Detection System,2015,"Cesar Guerreiro Diniz, Arleson Antonio de Almeida Souza, Diogo Corrêa Santos, Mirian Correa Dias, Nelton Cavalcante da Luz, Douglas Rafael Vidal de Moraes, Janaina Sant Ana Maia, Alessandra Rodrigues Gomes, Igor da Silva Narvaes, D. M. Valeriano, Luís Eduardo Pinheiro Maurano, Marcos Adami",217,https://doi.org/10.1109/jstars.2015.2437075,"The Brazilian Legal Amazon (BLA), the largest global rainforest on earth, contains nearly 30% of the rainforest on earth. Given the regional complexity and dynamics, there are large government investments focused on controlling and preventing deforestation. The National Institute for Space Research (INPE) is currently developing five complementary BLA monitoring systems, among which the near real-time deforestation detection system (DETER) excels. DETER employs MODIS 250 m imagery and almost daily revisit, enabling an early warning system to support surveillance and control of deforestation. The aim of this paper is to present the methodology and results of the DETER based on AWIFS data, called DETER-B. Supported by 56 m images, the new system is effective in detecting deforestation smaller than 25 ha, concentrating 80% of its total detections and 45% of the total mapped area in this range. It also presents higher detection capability in identifying areas between 25 and 100 ha. The area estimation per municipality is statistically equal to those of the official deforestation data (PRODES) and allows the identification of degradation and logging patterns not observed with the traditional DETER system.",en
https://openalex.org/W3131580611,Responsible Urban Innovation with Local Government Artificial Intelligence (AI): A Conceptual Framework and Research Agenda,2021,"Tan Yiğitcanlar, Juan M. Corchado, Rashid Mehmood, Rita Yi Man Li, Karen Mossberger, Kevin C. Desouza",216,https://doi.org/10.3390/joitmc7010071,Resumo não disponível.,en
https://openalex.org/W2901434801,An assessment framework for climate-proof nature-based solutions,2018,"Elisa Calliari, Andrea Staccione, Jaroslav Myšiak",214,https://doi.org/10.1016/j.scitotenv.2018.11.341,Resumo não disponível.,en
https://openalex.org/W2022687589,Local Governments Supporting Local Energy Initiatives: Lessons from the Best Practices of Saerbeck (Germany) and Lochem (The Netherlands),2015,"Thomas Hoppe, Antonia Graf, Beau Warbroek, Imke Lammers, Isabella Lepping",214,https://doi.org/10.3390/su7021900,"The social dimension of the transition to a low carbon economy is a key challenge to cities. The establishment of local energy initiatives (LEIs) has recently been attracting attention. It is of great importance to draw lessons from best practices when LEIs have been facilitated by local governments and made a substantial contribution to greening local energy systems. The main research questions in this paper are: What lessons can be drawn from successful local low carbon energy transition cases, and which strategies proved successful to support LEIs? We have used analytical notions from the Strategic Niche Management (SNM) and grassroots innovation literature to analyze two best-practice cases: Saerbeck (Germany) and Lochem (The Netherlands). Data collection involved a set of fourteen in-depth interviews and secondary data. The results show that three key factors from SNM (building networks, managing expectations, and facilitation of learning) are of great importance. However, to a great degree it is also strategic, community serving, responsive, reflexive leadership and proper process management by public officials that spurred success, which would not have been possible without close interaction and mutual trust between local government and representatives of the local communities.",en
https://openalex.org/W2469614758,CARACTERISTICAS GERAIS DA ENFERMAGEM: O PERFIL SÓCIO DEMOGRÁFICO,2016,"Maria Helena Machado, Wilson Aguiar Filho, Wagner Ferraz De Lacerda, Eliane de Oliveira, Waldirlando Lemos, Mônica Wermelinger, Mônica Nunes Vieira, Maria Ruth dos Santos, Paulo Borges de Souza, Everson Justino Pereira, Cintia Barbosa",213,https://doi.org/10.21675/2357-707x.2016.v7.nesp.686,"O artigo tem como objetivo analisar os aspectos sócio demográficos dos profissionais de enfermagem, que congregam entre enfermeiros, auxiliares e técnicos, mais de um milhão e oitocentos mil trabalhadores, constituindo 50% da Força de Trabalho (FT) que atua no setor saúde. É um estudo transversal cuja população alvo é constituída por todos os enfermeiros, técnicos e auxiliares de enfermagem do Brasil, que possuem registro ativo no Conselho Federal de Enfermagem (Cofen). O estudo tem representatividade nacional, sendo capaz de gerar resultados para cada unidade da federação. Os dados apontam para algumas tendências importantes, tais como: crescimento da participação dos enfermeiros na equipe de trabalhadores; rejuvenescimento da FT, desequilíbrio entre oferta e demanda; concentração nos grandes centros urbanos, especialmente no Sudeste. Os dados da pesquisa permitem subsidiar a construção de políticas públicas adequadas com a realidade desse imenso contingente de trabalhadores, fundamentais para o Sistema Único de Saúde.Descritores: perfil da enfermagem, perfil sócio demográfico, equipe de enfermagem.Analyze the socio-demographic aspects of nursing professionals, connecting between nurses, assistants and technicians, which has more than one million eight hundred thousand workers, constituting 50% Workforce (FT) which operates in the healthcare system. It is a cross-sectional study whose target population consists of all nurses, technicians and nursing assistants from Brazil, which have active registration with the Federal Nursing Council (Cofen). The study has a national presence, being able to generate results for each state. The data point to some important trends; process of masculinization, with the increasing growth of men; rejuvenation FT, imbalance between supply and demand; concentration in large urban centers, especially in the Southeast. The survey data may subsidize the construction of public policies adequate to the reality of the huge number of workers, essential for the National Health System.Descriptors: profile of nursing, social demographic profile, the nursing staffEl artículo tiene como objetivo analizar los aspectos socio-demográficas de los profesionales de enfermería, de conexión entre enfermeras, asistentes y técnicos, que tiene más de un millón ochocientos mil trabajadores, que constituyen el 50% Fuerza de Trabajo (FT) que opera en el sistema de la salud. Las enfermeras, técnicos y auxiliares de enfermería de Brasil, que tienen el registro activo con el Consejo Federal de Enfermería (Cofen). El estudio tiene una presencia nacional, siendo capaz de generar resultados para cada estado. Tendencias importantes, como el crecimiento de la participación de las enfermeras en el personal; Franco proceso de masculinización, con el aumento del crecimiento de los hombres; rejuvenecimiento FT, el desequilibrio entre la oferta y la demanda; concentración en los grandes centros urbanos, sobre todo en el sureste. Los datos de la encuesta pueden subsidiar la construcción de políticas públicas adecuadas a la realidad de la gran cantidad de trabajadores, esenciales para el Sistema de Salud.Descriptores: el perfil de la enfermería, perfil demográfico sociales, el personal de enfermería.",pt
https://openalex.org/W3082894066,COVID-19 and public-sector capacity,2020,"Mariana Mazzucato, Rainer Kattel",213,https://doi.org/10.1093/oxrep/graa031,"The paper argues that to govern a pandemic, governments require dynamic capabilities and capacity-too often missing. These include capacity to adapt and learn; capacity to align public services and citizen needs; capacity to govern resilient production systems; and capacity to govern data and digital platforms.",en
https://openalex.org/W2157181905,"Advancing Public Policy for High‐Growth, Female, and Social Entrepreneurs",2015,"Siri Terjesen, Niels Bosma, Erik Stam",212,https://doi.org/10.1111/puar.12472,"Abstract Findings from a large and growing body of entrepreneurship research offer insights for public policy and public officials and managers. Entrepreneurship policy is defined as measures undertaken to stimulate entrepreneurship in a region or country. The authors discuss generalizations from empirical research on three types of entrepreneurship activity that are vital for inclusive, sustainable economic growth: high‐growth (stressing economic impact), female (inclusive impact), and social (sustainable impact) entrepreneurship. High‐growth firms make up a small share of all entrepreneurial activity but create the majority of economic growth. Compared to their male counterparts, female entrepreneurs are fewer in number (one‐third of all entrepreneurs) and tend to start ventures with lower financial capital and growth expectations. Social entrepreneurs generally have high levels of education and pursue social objectives, often remedying market failures with innovative solutions. For each entrepreneurship type, the authors provide a definition, empirical generalizations, and implications for public policy.",en
https://openalex.org/W2803747722,Power outages and firm performance in Sub-Saharan Africa,2018,"Matthew Cole, Robert Elliott, Giovanni Occhiali, Eric Strobl",211,https://doi.org/10.1016/j.jdeveco.2018.05.003,Resumo não disponível.,en
https://openalex.org/W3148901153,Innovation in and from emerging economies: New insights and lessons for international business research,2021,"Jaideep Anand, Gerald A. McDermott, Ram Mudambi, Rajneesh Narula",211,https://doi.org/10.1057/s41267-021-00426-1,Resumo não disponível.,en
https://openalex.org/W588352050,Handbook of Innovation Indicators and Measurement,2013,Fred Gault,210,https://doi.org/10.4337/9780857933652,"Contents: PART I: WHY INDICATORS MATTER 1. Innovation Indicators and Measurement: An Overview Fred Gault PART II: DEFINING INNOVATION AND IMPLEMENTING THE DEFINITIONS 2. The Oslo Manual Fred Gault 3. History of the Community Innovation Survey Anthony Arundel and Keith Smith 4. How Firm Managers Understand Innovation: Implications for the Design of Innovation Surveys Anthony Arundel, Kieran O'Brien and Ann Torugsa 5. User Innovation: Business and Consumers Jeroen P.J. de Jong and Eric von Hippel PART III: MEASUREMENT 6. Innovation Panel Surveys in Germany Bettina Peters and Christian Rammer 7. Innovation and R&D Surveys in Norway Frank Foyn 8. Innovation Surveys: Experience from Japan Tomohiro Ijichi PART IV: DEVELOPING AND USING INDICATORS 9. The OECD Measurement Agenda for Innovation Fernando Galindo-Rueda 10. Developing Harmonized Measures of the Dynamics of Organizations and Work Nathalie Greenan and Edward Lorenz 11. Scoreboards and Indicator Reports Hugo Hollanders and Norbert Janz PART V: INNOVATION STRATEGY 12. The OECD Innovation Strategy: Science, Technology and Innovation Indicators and Innovation Policy Andrew W. Wyckoff 13. The Finnish Approach to Innovation Strategy and Indicators Esko Aho, Mikko Alkio and Ilkka Lakaniemi 14. US Innovation Strategy and Policy: An Indicators Perspective Christopher T. Hill PART VI: BEYOND THE HORIZON 15. Developing and Using Indicators of Emerging and Enabling Technologies Leonid Gokhberg, Konstantin Fursov, Ian Miles and Giulio Perani 16. Foresight and Science, Technology and Innovation Indicators Dirk Meissner and Alexander Sokolov 17. Measuring Innovation in the Public Sector Carter Bloch 18. Indicators for Social Innovation Geoff Mulgan, Kippy Joseph and Will Norman PART VII: CHALLENGES 19. Innovation Indicators and Measurement: Challenges Fred Gault Index",en
https://openalex.org/W2119014620,"Rising powers, global capitalism and liberal global governance: A historical materialist account of the BRICs challenge",2014,Matthew D. Stephen,209,https://doi.org/10.1177/1354066114523655,"This article analyses the phenomenon of rising powers from a historical materialist perspective. It (1) elaborates the key concepts of historical structures of world order, state–society complexes and transnational class formation, and (2) applies them to Brazil, Russia, India, China and other so-called ‘rising powers’ to account for the nature and extent of the challenge they pose to the existing institutions of global governance. A double argument is advanced: first, the integration of rising powers into the historical structure of global capitalism has reduced traditional sources of great power conflict, and made rising powers heavily dependent on the existing institutional framework established by the liberal West. This facilitates their integration into the existing governance order. However, within the limits of the existing order, two factors lend a heartland–contender cleavage to the politics of global governance: the rising powers’ relatively more statist, less market-driven forms of state, and their subsequent failure to be integrated into emergent transnational capitalist class structures. Consequently, it is not the global governance order itself, but its most liberal features, that are contested by rising powers. The result is that, in contrast to realist pessimism and liberal optimism, the rise of new powers is leading to a hybrid governance order that is both transnationally integrated and less liberal.",en
https://openalex.org/W2480330499,Environmental Life Cycle Assessment,2015,"Olivier Jolliet, Myriam Saadé-Sbeih, Shanna Shaked, Alexandre Jolliet, Pierre Crettaz",208,https://doi.org/10.1201/b19138,", he worked as a senior scientist at the Swiss Federal Office of Public Health and was responsible for the registration of pesticides with respect to their human health effects. He obtained his MSc in applied toxicology at the University of Surrey in Guildford.",en
https://openalex.org/W2166186146,A STEM Narrative: 15 Years in the Making.,2015,"Susan Blackley, Jennifer Howell",208,https://doi.org/10.14221/ajte.2015v40n7.8,"Since its inception in the late 1990s, STEM has continued to attract attention and sizeable funding in the US, UK, and Australia. This paper narrates the development of the STEM movement, and analyses both the influences that have progressed its evolution and those that have stymied authentic STEM practices. The pervading rhetoric of “STEM crisis” is considered through a global lens, and is resolved as a geo-political phenomenon. The strident voice of the US in the STEM narrative is tempered by investigating the approach to STEM in European, Asian, and developing countries. Two perspectives are described in the narrative: the political and the educational. Each perspective has an apparently differing agenda that has resulted in little success in achieving the desired and much-publicised STEM outcomes. The paper concludes with suggestions of two courses of action that would most likely achieve the outcomes.",en
https://openalex.org/W2073016684,Is Objectively Measured Sitting Time Associated with Low Back Pain? A Cross-Sectional Investigation in the NOMAD study,2015,"Nidhi Gupta, Caroline Stordal Christiansen, David Hallman, Mette Korshøj, Isabella Gomes Carneiro, Andreas Holtermann",208,https://doi.org/10.1371/journal.pone.0121159,Sitting time is positively associated with LBP intensity among blue-collar workers. Future studies using a prospective design with objective measures of sitting time are recommended.,en
https://openalex.org/W2010205620,The thoracic morphology of Archostemata and the relationships of the extant suborders of Coleoptera (Hexapoda),2008,"Frank Friedrich, Brian D. Farrell, Rolf G. Beutel",208,https://doi.org/10.1111/j.1096-0031.2008.00233.x,"Thoracic structures of Tetraphalerus bruchi are described in detail. The results were compared with features found in other representatives of Archostemata and other coleopteran suborders. Differences between thoracic structures of Tetraphalerus and members of other archostematan subgroups are discussed. External and internal characters of larval and adult representatives of 37 genera of the coleopteran suborders are outlined, coded and analysed cladistically, with four groups of Neuropterida as outgroup taxa. The results strongly suggest the branching pattern Archostemata + [Adephaga + (Myxophaga + Polyphaga)]. Coleoptera excluding Archostemata are supported with a high Bremer support. Important evolutionary changes linked with this branching event are simplifications of the thoracic skeleton resulting in reduced degrees of freedom (i.e. a restricted movability, especially at the leg bases), and a distinct simplification of the muscle system. This development culminates in Polyphaga, which are also strongly supported as a clade. Internalization of the partly reduced propleura, further muscle losses, and the fusion of the mesoventrites and metaventrites-with reversal in Scirtoidea and Derodontidae-are autapomorphies of Polyphaga. Archostemata is a small relict group in contrast to highly successful xylobiontic groups of Polyphaga. The less efficient thoracic locomotor apparatus, the lack of cryptonephric Malpighian tubules, and the rise of angiosperms with beetle groups primarily adjusted to them may have contributed to the decline of Archostemata. © The Willi Hennig Society 2008.",en
https://openalex.org/W1587251649,Perceived usability evaluation of learning management systems: Empirical evaluation of the System Usability Scale,2015,"Konstantina Orfanou, Νικόλαος Τσέλιος, Christos Katsanos",207,https://doi.org/10.19173/irrodl.v16i2.1955,"&lt;h4&gt;Perceived usability affects greatly student’s learning effectiveness and overall learning experience, and thus is an important requirement of educational software. The System Usability Scale (SUS) is a well-researched and widely used questionnaire for perceived usability evaluation. However, surprisingly few studies have used SUS to evaluate the perceived usability of learning management systems (LMSs). This paper presents an empirical evaluation of the SUS questionnaire in the context of LMSs’ perceived usability evaluation. Eleven studies involving 769 students were conducted, in which participants evaluated the usability of two LMSs (eClass and Moodle) used within courses of their curriculum. It was found that the perceived usability of the evaluated LMSs is at a satisfactory level (mean SUS score 76.27). Analysis of the results also demonstrated the validity and reliability of SUS for LMSs’ evaluation, and that it remains robust even for small sample sizes. Moreover, the following SUS attributes were investigated in the context of LMSs evaluation: gender, age, prior experience with the LMS, Internet self-efficacy, attitude towards the Internet and usage frequency of the LMS.&lt;/h4&gt;",en
https://openalex.org/W2485821267,Open data and its usability: an empirical view from the Citizen’s perspective,2016,"Vishanth Weerakkody, Zahir Irani, Kawaljeet Kaur Kapoor, Uthayasankar Sivarajah, Yogesh K. Dwivedi",205,https://doi.org/10.1007/s10796-016-9679-1,Resumo não disponível.,en
https://openalex.org/W1949828282,Corruption A Review of Contemporary Research,2001,"Jens Christopher Andvig, Odd‐Helge Fjeldstad, Inge Amundsen, Tone Kristin Sissener, Tina Søreide",205,,"During the last decade corruption has become a topical issue in the international development policy debate. Research on corruption has also expanded rapidly, taking many different directions both within and across disciplines. This report provides an overview of contemporary research on corruption. The academic focus is on economic approaches, but perspectives from political science and social anthropology are also included. The presentation is mostly non-technical, although a few expositions of more analytically demanding matters are included. Relevance for development policy is the underlying guide for the selection of topics that are included in the study. The report should be useful for development practitioners and foreign aid officials, as well as for students and journalists interested in development issues.",en
https://openalex.org/W2887982244,"Overtourism, malestar social y turismofobia. Un debate controvertido",2018,"Claudio Milano, Claudio Milano",205,https://doi.org/10.25145/j.pasos.2018.16.041,"Resumen: El artculo comparte algunas reflexiones sustradas de los debates que recientemente han irrumpido en la propaganda poltica, las agendas de los medios de comunicacin, las reivindicaciones de los movimientos sociales y las asociaciones vecinales. En primer lugar, se hace una reflexin partiendo de la hiptesis que el llamado overtourism tambin sinnimo de masificacin, saturacin o presin turstica, no es un fenmeno ni tan novedoso ni tan reciente. En segundo lugar, se observan algunos elementos que han despertado el malestar social y que han desencadenado el efecto amplificador de estos debates en diversos entornos tursticos. Por ltimo, se observan algunas estrategias que se denominan como 5D (desestacionalizacin, descongestin, descentralizacin",es
https://openalex.org/W3071964420,Generalized logistic growth modeling of the COVID-19 outbreak: comparing the dynamics in the 29 provinces in China and in the rest of the world,2020,"Ke Wu, Didier Darcet, Qian Wang, Didier Sornette",205,https://doi.org/10.1007/s11071-020-05862-6,Resumo não disponível.,en
https://openalex.org/W3182537641,Balancing skills in the digital transformation era: The future of jobs and the role of higher education,2021,"Vera G. Goulart, Lara Bartocci Liboni, Luciana Oranges Cezarino",205,https://doi.org/10.1177/09504222211029796,"Developing human resources and matching job profiles are essential tasks to promote economic and social growth. The technology-related job market has undergone significant changes over recent years, mainly due to technological advances that have pushed industry toward new demands for skilled professionals. This change in required skills and competencies has led to a gap between what companies need and the professional profiles that are available in the job market. Technology companies are often unable to find an employee who meets the required profile, resulting in financial loss and extra training expenses. It is therefore essential that higher education in technology is reconsidered to address job market demands. Thus the goal of this work is to evaluate the relationship between the professional profile required by information technology (IT) companies and what students are taught on IT-related programs in higher education institutions (HEIs). The authors adopt a systemic perspective in three different qualitative approaches. They cross-check and link data on educational curricula acquired from interviews with IT human resource managers (HRMs) and student focus groups. The analysis reveals that HEIs must go beyond the transfer of knowledge and technical qualification in IT, promoting a comprehensive education that incorporates personal development goals, with a focus on developing social and emotional skills. The study focuses on the emerging economy of Brazil and presents findings from which other developing countries can learn. The results reveal the critical role of soft skills in the professional development and employability of students and the associated challenge for technical education. In conclusion, the authors also highlight the importance of partnerships between HEIs and HRMs as a fundamental strategy to fulfill the current skills gap.",en
https://openalex.org/W2270307420,A ciência nas regiões brasileiras: evolução da produção e das redes de colaboração científica,2016,"Otávio José Guerci Sidone, Eduardo A. Haddad, Jesús Pascual Mena‐Chalco",204,https://doi.org/10.1590/2318-08892016002800002,"Resumo A recente evolução da ciência brasileira é caracterizada pelo crescimento acelerado da produção científica e pela intensificação da colaboração entre seus pesquisadores. Este trabalho tem por objetivo apresentar elementos sobre o papel da geografia na evolução da produção e colaboração científica no Brasil entre 1992 e 2009, por meio da identificação de padrões espaciais e da importância relativa das regiões em termos de produção, especialização científica e grau de interação colaborativa com outras regiões. Para este estudo, foram desenvolvidas (i) uma base de dados única, composta por mais de um milhão de pesquisadores e sete milhões de publicações científicas registradas na Plataforma Lattes, e (ii) diferentes redes de colaborações (coautoria) científicas entre regiões e estados brasileiros. Embora os principais resultados apontem para a heterogeneidade espacial da produção e colaboração científica, existem fortes evidências de um processo de desconcentração espacial ao longo do tempo associado à expansão das redes de colaboração e ao aumento da participação de autores das regiões cientificamente menos tradicionais, tais como Sul e Nordeste. Observam-se diferenças acentuadas entre as distribuições regionais da produção e as configurações espaciais das redes de cada área do conhecimento. Neste trabalho ressalta-se a importância das redes de colaboração científica no tocante à formulação de políticas de Ciência, Tecnologia e Inovação no Brasil no sentido de promover o incremento de qualidade e a desconcentração regional da atividade científica e, consequentemente, o desenvolvimento das regiões menos favorecidas.",pt
https://openalex.org/W2626822898,"Bioeconomy Strategies: Contexts, Visions, Guiding Implementation Principles and Resulting Debates",2017,Rolf Meyer,202,https://doi.org/10.3390/su9061031,"Over the last decade, bioeconomy policies, guided by integrated bioeconomy strategies, have developed. This paper presents a systematic and comparative analysis of official bioeconomy strategies of the EU, Germany, OECD, Sweden and the USA with regard to their context, visions and guiding implementation principles. In an additional step, the relationship between these strategies and important scientific and societal debates around bioeconomy is assessed. In conclusion, five major stumbling blocks for the further development of the bioeconomy are worked out. First, there is the risk of disappointment because far-reaching promises of the strategies are difficult to achieve. Second, the bioeconomy is not the only way to a low carbon economy so alternatives could impede the desired development. Third, persistent conflicts between the different uses of biomass for food, material and energy production could lead to unstable policy support with short-term shifts. Fourth, a broader success of new bioeconomy value chains could trigger new societal conflicts over bioeconomy if efficiency gains, cascading use, residue use and sustainability certification are not sufficient to ensure a sustainable supply of biomass. Fifth, the acceptance of bioeconomy could be compromised if bioeconomy policies continue to ignore the on-going societal debates on agriculture and food.",en
https://openalex.org/W4386854707,"Global burden of peripheral artery disease and its risk factors, 1990–2019: a systematic analysis for the Global Burden of Disease Study 2019",2023,"Min Seo Kim, Jimin Hwang, Dong Keon Yon, Seung Won Lee, Se Yong Jung, Seoyeon Park, Catherine O. Johnson, Benjamin Stark, Christian Razo, Mohammadreza Abbasian, Hedayat Abbastabar, Amir Parsa Abhari, Victor Aboyans, Denberu Eshetie Adane Adane, Oladimeji Adebayo, Fares Alahdab, Sami Almustanyir, Hany Aly, Edward Kwabena Ameyaw, Jason A Anderson, Cătălina Liliana Andrei, Zahra Aryan, Avinash Aujayeb, Sara Bagherieh, Ovidiu Constantin Baltatu, Maciej Banach, Nebiyou Simegnew Bayileyegn, Lindsay Bearne, Amir Hossein Behnoush, Isabela M. Benseñor, Sonu Bhaskar, Ajay Nagesh Bhat, Vivek Bhat, Boris Bikbov, Bagas Suryo Bintoro, Katrin Burkart, Luis Alberto Cámera, Alberico L. Catapano, Eeshwar K Chandrasekar, Jaykaran Charan, Vijay Kumar Chattu, Gerald Chi, Isaac Sunday Chukwu, Sheng‐Chia Chung, Massimo Círillo, Kaleb Coberly, Vera Marisa Costa, Omid Dadras, Xiaochen Dai, Thanh Chi, Rajkumar Doshi, Michael Ekholuenetale, Islam Y. Elgendy, Muhammed Elhadi, Adeniyi Francis Fagbamigbe, Alireza Feizkhah, Ginenus Fekadu, Paramjit Gill, Mohamad Goldust, Mahaveer Golechha, Shi‐Yang Guan, Vivek Gupta, Mostafa Hadei, Najah R Hadi, Ahmad Hammoud, Graeme J. Hankey, Netanja I. Harlianto, Ahmed I Hasaballah, Shoaib Hassan, Mohammed Bheser Hassen, Golnaz Heidari, Mihaela Hostiuc, Olayinka Stephen Ilesanmi, Masao Iwagami, Mohammad Jokar, Jost B. Jonas, Charity Ehimwenma Joshua, Jacek Jerzy Jozwiak, Sina Kazemian, Mohammad Keykhaei, Amirmohammad Khalaji, Moien AB Khan, Sorour Khateri, Biruk Getahun Kibret, Oleksii Korzh, Sindhura Lakshmi Koulmane Laxminarayana, Kewal Krishan, Akshay Kumar, Manoj Kumar, Ambily Kuttikkattu, Tri Laksono, Bagher Larijani, Thao T. Le, Stephen S Lim, Xuefeng Liu, Stefan Lorkowski, Hassan Magdy Abd El Razek, Kashish Malhotra, Yosef Manla, Andrea Maugeri",202,https://doi.org/10.1016/s2214-109x(23)00355-8,Resumo não disponível.,en
https://openalex.org/W2941995832,Exploring circular economy imaginaries in European cities: A research agenda for the governance of urban sustainability transitions,2019,"Chiara Farné Fratini, Susse Georg, Michael Søgaard Jørgensen",201,https://doi.org/10.1016/j.jclepro.2019.04.193,Resumo não disponível.,en
https://openalex.org/W3198079656,Operationalising positive tipping points towards global sustainability,2022,"Timothy M. Lenton, Scarlett Benson, Talia Smith, Theodora Ewer, Victor Lanel, Elizabeth Petykowski, Thomas W. Powell, Jesse F. Abrams, Fenna Blomsma, Simon Sharpe",201,https://doi.org/10.1017/sus.2021.30,"Non-technical summary Transforming towards global sustainability requires a dramatic acceleration of social change. Hence, there is growing interest in finding ‘positive tipping points’ at which small interventions can trigger self-reinforcing feedbacks that accelerate systemic change. Examples have recently been seen in power generation and personal transport, but how can we identify positive tipping points that have yet to occur? We synthesise theory and examples to provide initial guidelines for creating enabling conditions, sensing when a system can be positively tipped, who can trigger it, and how they can trigger it. All of us can play a part in triggering positive tipping points. Technical summary Recent work on positive tipping points towards sustainability has focused on social-technological systems and the agency of policymakers to tip change, whilst earlier work identified social-ecological positive feedbacks triggered by diverse actors. We bring these together to consider positive tipping points across social-technological-ecological systems and the potential for multiple actors and interventions to trigger them. Established theory and examples provide several generic mechanisms for triggering tipping points. From these we identify specific enabling conditions, reinforcing feedbacks, actors and interventions that can contribute to triggering positive tipping points in the adoption of sustainable behaviours and technologies. Actions that can create enabling conditions for positive tipping include targeting smaller populations, altering social network structure, providing relevant information, reducing price, improving performance, desirability and accessibility, and coordinating complementary technologies. Actions that can trigger positive tipping include social, technological and ecological innovations, policy interventions, public investment, private investment, broadcasting public information, and behavioural nudges. Positive tipping points can help counter widespread feelings of disempowerment in the face of global challenges and help unlock ‘paralysis by complexity’. A key research agenda is to consider how different agents and interventions can most effectively work together to create system-wide positive tipping points whilst ensuring a just transformation. Social media summary We identify key actors and actions that can enable and trigger positive tipping points towards global sustainability.",en
https://openalex.org/W2171133112,The EU’s dependency on soya bean import for the animal feed industry and potential for EU produced alternatives,2014,"C.L.M. de Visser, Remco Schreuder, Frederick L. Stoddard",200,https://doi.org/10.1051/ocl/2014021,"The European Innovation Partnership Agri has set up a consultation process involving 20 experts from 11 EU countries to discuss the potential of a substantial increase in protein crop production in the EU. The dependency of Europe on soya bean meal imports and the associated drivers are described and underline the need for change. The EIP Agri process resulted in the assessment of the present-day yield gap of protein crops using an approach based on the market values of the protein, starch and plant oil components. Oil-based protein crops seemed to be overall better positioned than starch based protein crops because the price of oil levels is higher than that of starch. Alfalfa was identified as being interesting for regions where drying cost are low. The process also resulted in the identification of opportunities and constraints to be encountered by the innovation process, combining the knowledge and physical infrastructure, market structure, co-operation and interaction and the influence of culturally determined values and beliefs. Therefore, the recommendation is to develop a comprehensive approach to meet the challenge of substantially increasing the EU’s protein crop production.",en
https://openalex.org/W4293103582,Digital Transformation on Enterprise Green Innovation: Effect and Transmission Mechanism,2022,"Hua Feng, Fengyan Wang, Guomin Song, Lanlan Liu",200,https://doi.org/10.3390/ijerph191710614,"With the development of blockchain, big data, cloud computing and other new technologies, how to achieve innovative development and green sustainable development in digital transformation has become one of the key issues for enterprises to obtain and maintain core competitiveness. However, little of the literature has paid attention to the impact of digital transformation on enterprise green innovation. Using the data of Chinese A-share listed companies from 2010 to 2020, this paper empirically analyzes the impact of enterprise digital transformation on green innovation and its transmission mechanism, by constructing double fixed-effect models. The results show that digital transformation has remarkably promoted the green innovation of enterprises. R&D investment, government subsidies, and income tax burden have played a conductive role between digital transformation and enterprise green innovation. Furthermore, digital transformation can significantly promote the high-quality green innovation of enterprises and also plays a more significant role in promoting the green innovation of high-tech enterprises and state-owned enterprises. A robustness test is carried out by using the lag data and changing the measurement methods of the dependent variable and independent variables, and the research conclusions are still valid. Based on resource-based theory and dynamic capability theory, this paper reveals the impact path of digital transformation on enterprise green innovation, further expanding the research field of digital transformation and enriching the research on the influencing factors of enterprise green innovation. This paper provides policy suggestions for the government to improve the enterprise green innovation level by increasing government subsidies and providing tax incentives and also provides reference for digital transformation enterprises to accelerate green innovation by increasing R&D investment, obtaining government subsidies, and acquiring tax policy support.",en
https://openalex.org/W2570876064,Outsourcing governance: states and the politics of a ‘global value chain world’,2017,"Frederick W. Mayer, Nicola Phillips",200,https://doi.org/10.1080/13563467.2016.1273341,"Politics, and by extension states, are marginal in debates about the genesis, evolution and functioning of the global value chain (GVC)-based global economy. We contend here that the core complexity of state agency and state power needs to be much more carefully understood in GVC and related debates, as a basis on which the governance of the evolving GVC world can be properly theorised as revolving around the inseparability of economic and political power. We advance a framework for understanding the role of politics and states in the construction and maintenance of a GVC world, using a three-fold typology of facilitative, regulatory and distributive forms of governance, and propose a notion of ‘outsourcing governance’ as an attempt to capture the ways in which states purposefully, through active political agency, have engaged in a process of delegating a variety of governance functions and authority to private actors. Our overarching argument is normative: ‘outsourced governance’ of the form we currently observe is associated with regressive distributional outcomes, and is antithetical to an inclusive and sustainable global economy.",en
https://openalex.org/W2746729369,Revista Lasallista de Investigación,2019,"Álvaro Cepeda Gómez, Lidia Andreina, Amaya Fonseca",200,https://doi.org/10.22507/rli,"El presente artculo tiene como objetivo el anlisis de estrategias y oportunidades del sector agroindustrial en Colombia, con el propsito de identificar su funcionamiento para generar seguridad alimentaria desde el contexto gerencial. El estudio se desarroll por medio de una revisin de literatura cientfica, en una ventana del tiempo de 5 aos, el cual permiti observar las oportunidades del sector agroindustrial frente a la realidad de la seguridad alimentaria en el mundo.",es
https://openalex.org/W2103696494,Motors of sustainable innovation : Towards a theory on the dynamics of technological innovation systems,2009,Roald A.A. Suurs,200,,"Modern societies are encountering environmental and political problems in the sphere of energy supply. One way to deal with this is to support the development of sustainable energy technologies. Since the development and diffusion of renewable energy has proved to be a very slow process, strategic insight is needed into how the emergence of these technologies takes place and how this process can be accelerated. The objective of this book is to gain insight into the dynamics of technological change with a focus on sustainable energy technologies. As the theoretical starting point, the Technological Innovation Systems (TIS) framework is used. The TIS is a structure made up of actors, institutions and technologies, in which the development and diffusion of new technologies takes place. For the successful development of a technology, a TIS needs to be built up. This build-up is understood as the unfolding of key activities, or system functions, that take place within the TIS. The system functions are types of activities necessary for a TIS to develop and to yield fruitful innovations. These involve Entrepreneurial Activities, Knowledge Development, Knowledge Diffusion, Guidance of the Search, Market Formation, Resource Mobilisation and Support from Advocacy Coalitions. The author develops the idea that the build-up of a TIS, especially in a formative stage, can accelerate due to positive interactions between these system functions. These positive interactions are called motors of sustainable innovation. The development of motors of sustainable innovation is studied in several historical case studies situated in the Netherlands and Sweden (biomass gasification, biofuels, hydrogen fuel cells and automotive natural gas). Based on these studies, a typology of motors is constructed. Strategic lessons are drawn that specify which interventions can be taken to support particular motors.",en
https://openalex.org/W2130929887,How Vouchers Could Change the Market for Education,2002,Derek Neal,199,https://doi.org/10.1257/089533002320950966,"As vouchers become a more significant part of education policy debates, the time is right to consider what we know and do not know about the likely effects of adopting various voucher schemes. In the balance of this paper, the author describes both empirical and theoretical work on education that speaks to this topic. He argues that we cannot confidently predict the outcomes that would result from various voucher schemes, and he also stresses that debates over vouchers per se are not informative. Details concerning funding, targeting and discretion in the use of vouchers should greatly affect the outcomes associated with any",en
https://openalex.org/W2971351197,"Transitional assistance policies for just, equitable and smooth low-carbon transitions: who, what and how?",2019,"Fergus Green, Ajay Gambhir",199,https://doi.org/10.1080/14693062.2019.1657379,"While the decarbonization of the global economy will bring immense benefits in the aggregate and to many individuals, it will also be disruptive and costly for some, at least in the short term. As these disruptions and costs have become increasingly salient in recent years, there has been an explosion of interest in the climate policy community about how low-carbon transitions can be implemented justly, equitably, and politically smoothly. A key part of what is needed in responding to this growing interest is a better understanding of the suite of ‘transitional assistance policies’ and strategies that can be deployed, alongside or as part of climate change mitigation policies and processes. Responding to this need, we survey a wide, multi-disciplinary literature to answer the ‘who’, ‘what’ and ‘how’ of transitional assistance policy: who is likely to be adversely affected by the low-carbon transition, and in what ways? What substantive strategies and policy instruments are available to governments to mitigate the burdens of low-carbon transitions? And how can governments implement such strategies and policies successfully? In the course of answering the first two of these questions, we develop a novel typology of transitional assistance policies, in which multiple policies are parsimoniously classified according to one of four coherent policy strategies, and one of five kinds of beneficiaries. In answering the third question, we emphasize the importance of certain ‘state capacities’ for shaping transition processes and managing vested interests.Key policy insights Without transitional assistance policies, consumers, workers, businesses, specially-affected communities, and states that are highly dependent on emissions-intensive assets stand to lose from decarbonization.Transitional assistance policies can be narrow (addressing financial losses only) or broad (addressing a wider range of losses), and conservative (backward-looking) or adaptive (forward-looking).Combining these elements yields four coherent transitional assistance strategies: compensation; exemption; structural adjustment assistance; and comprehensive adaptive support.Comprehensive adaptive support strategies have greatest potential for just, equitable and smooth transition outcomes, but are costlier and more complex to implement.State capacities to steer complex, long-term transitions are therefore a crucial variable in transition success.",en
https://openalex.org/W4392446085,Merit-based Selection of Public Managers: Better Public Sector Performance?: An Exploratory Study,2016,"Juan Carlos Cortázar Velarde, Javier Fuenzalida, Mariano Lafuente",198,https://doi.org/10.18235/0010650,"This qualitative study explores the degree to which the merit-based selectionof public managers leads to better public sector performance. Based on the findings from eight case studies in Chile and Peru, the introduction of the merit-based selection of public managers would have engendered a series of improvements in the internal management and practices of organizations -more so than in institutional outcomes. Other intangible and perceived benefits include the manager¿s higher level of legitimacy in, as well as a stronger commitment to, the institution. The study also proposes a future agenda for research.",en
https://openalex.org/W591015722,Universities and Economic Development in Africa,2011,"Nico Cloete, Tracy Bailey, Peter Maassen",197,https://doi.org/10.47622/9781920355807,"Universities and economic development in Africa: Pact, academic core and coordination draws together evidence and synthesises the findings from eight African case studies. The three key findings presented in this report are as follows: 1. There is a lack of clarity and agreement (pact) about a development model and the role of higher education in development, at both national and institutional levels. There is, however, an increasing awareness, particularly at government level, of the importance of universities in the global context of the knowledge economy. 2. Research production at the eight African universities is not strong enough to enable them to build on their traditional undergraduate teaching roles and make a sustained contribution to development via new knowledge production. A number of universities have manageable student-staff ratios and adequately qualifi ed staff, but inadequate funds for staff to engage in research. In addition, the incentive regimes do not support knowledge production. 3. In none of the countries in the sample is there a coordinated effort between government, external stakeholders and the university to systematically strengthen the contribution that the university can make to development. While at each of the universities there are exemplary development projects that connect strongly to external stakeholders and strengthen the academic core, the challenge is how to increase the number of these projects. The project on which this report is based forms part of a larger study on Higher Education and Economic Development in Africa, undertaken by the Higher Education Research and Advocacy Network in Africa (HERANA). HERANA is coordinated by the Centre for Higher Education Transformation in South Africa.",en
https://openalex.org/W3020191129,CAMELS-BR: hydrometeorological time series and landscape attributes for 897 catchments in Brazil,2020,"Vinícius B. P. Chagas, Pedro Luiz Borges Chaffe, Nans Addor, Fernando Mainardi Fan, Ayan Santos Fleischmann, Rodrigo Cauduro Dias de Paiva, Vinícius Alencar Siqueira",197,https://doi.org/10.5194/essd-12-2075-2020,"Abstract. We introduce a new catchment dataset for large-sample hydrological studies in Brazil. This dataset encompasses daily time series of observed streamflow from 3679 gauges, as well as meteorological forcing (precipitation, evapotranspiration, and temperature) for 897 selected catchments. It also includes 65 attributes covering a range of topographic, climatic, hydrologic, land cover, geologic, soil, and human intervention variables, as well as data quality indicators. This paper describes how the hydrometeorological time series and attributes were produced, their primary limitations, and their main spatial features. To facilitate comparisons with catchments from other countries, the data follow the same standards as the previous CAMELS (Catchment Attributes and MEteorology for Large-sample Studies) datasets for the United States, Chile, and Great Britain. CAMELS-BR (Brazil) complements the other CAMELS datasets by providing data for hundreds of catchments in the tropics and the Amazon rainforest. Importantly, precipitation and evapotranspiration uncertainties are assessed using several gridded products, and quantitative estimates of water consumption are provided to characterize human impacts on water resources. By extracting and combining data from these different data products and making CAMELS-BR publicly available, we aim to create new opportunities for hydrological research in Brazil and facilitate the inclusion of Brazilian basins in continental to global large-sample studies. We envision that this dataset will enable the community to gain new insights into the drivers of hydrological behavior, better characterize extreme hydroclimatic events, and explore the impacts of climate change and human activities on water resources in Brazil. The CAMELS-BR dataset is freely available at https://doi.org/10.5281/zenodo.3709337 (Chagas et al., 2020).",en
https://openalex.org/W2799547896,Assessing the Contribution of Bioeconomy to the Total Economy: A Review of National Frameworks,2018,"Stefania Bracco, Özgül Calicioglu, Marta Gomez San Juan, Alessandro Flammini",196,https://doi.org/10.3390/su10061698,"Developments in technology have enabled envisioning the derivation of materials and products from renewable biomass as an alternative to finite fossil-based resource consumption. Therefore, bioeconomy is regarded as an opportunity for sustainable economic growth. Countries are formulating strategies in accordance with their goals to attain a bioeconomy. Proper measurement, monitoring, and reporting of the outcomes of these strategies are crucial for long-term success. This study aims to critically evaluate the national methods used for the measurement, monitoring, and reporting of bioeconomy contribution to the total economy. For this purpose, research and surveys have been conducted on selected countries (Argentina, Germany, Malaysia, the Netherlands, South Africa, and the United States). The results reveal that the bioeconomy targets set up in the strategies often reflect the country’s priorities and comparative advantages. However, comprehensive approaches to measure and monitor bioeconomy progress are frequently lacking. Most countries only measure the contribution to gross domestic product (GDP), turnover, and employment of the sectors included in their bioeconomy definition, which may provide an incomplete picture. In addition, this study identifies the mismatch between the targets and measurement methods, as the environmental and social impacts of bioeconomy are often foreseen, but not measured. It is concluded that existing global efforts towards sustainable bioeconomy monitoring can be strengthened and leveraged to measure progress towards sustainable goals.",en
https://openalex.org/W2736756674,"How Digitization Has Created a Golden Age of Music, Movies, Books, and Television",2017,Joel Waldfogel,196,https://doi.org/10.1257/jep.31.3.195,"Digitization is disrupting a number of copyright-protected media industries, including books, music, radio, television, and movies. Once information is transformed into digital form, it can be copied and distributed at near-zero marginal costs. This change has facilitated piracy in some industries, which in turn has made it difficult for commercial sellers to continue generating the same levels of revenue for bringing products to market in the traditional ways. Yet despite the sharp revenue reductions for recorded music, as well as threats to revenue in some other traditional media industries, other aspects of digitization have had the offsetting effects of reducing the costs of bringing new products to market in music, movies, books, and television. On balance, digitization has increased the number of new products that are created and made available to consumers. Moreover, given the unpredictable nature of product quality, growth in new products has given rise to substantial increases in the quality of the best products. Although there were concerns that consumer welfare from media products would fall, the opposite scenario has emerged—a golden age for consumers who wish to consume media products.",en
https://openalex.org/W1972462577,"Peri-urban farmland conservation and development of alternative food networks: Insights from a case-study area in metropolitan Barcelona (Catalonia, Spain)",2012,"Valeríà Paül i Carril, Fiona Haslam McKenzie",195,https://doi.org/10.1016/j.landusepol.2012.02.009,Resumo não disponível.,en
https://openalex.org/W2796995540,Capturing Collaborative Challenges: Designing Complexity-Sensitive Theories of Change for Cross-Sector Partnerships,2018,"Rob van Tulder, Nienke Keen",195,https://doi.org/10.1007/s10551-018-3857-7,Resumo não disponível.,en
https://openalex.org/W1972862259,Gene Expression Profiling of Neural Stem Cells and Their Neuronal Progeny Reveals IGF2 as a Regulator of Adult Hippocampal Neurogenesis,2012,"Oliver Bracko, Tatjana Singer, Stefan Aigner, Marlen Knobloch, Beate Winner, Jasodhara Ray, Gregory D. Clemenson, Hoonkyo Suh, Sébastien Couillard‐Després, Ludwig Aigner, Fred H. Gage, Sebastian Jessberger",194,https://doi.org/10.1523/jneurosci.4248-11.2012,"Neural stem cells (NSCs) generate neurons throughout life in the hippocampal dentate gyrus (DG). How gene expression signatures differ among NSCs and immature neurons remains largely unknown. We isolated NSCs and their progeny in the adult DG using transgenic mice expressing a GFP reporter under the control of the Sox2 promoter (labeling NSCs) and transgenic mice expressing a DsRed reporter under the control of the doublecortin (DCX) promoter (labeling immature neurons). Transcriptome analyses revealed distinct gene expression profiles between NSCs and immature neurons. Among the genes that were expressed at significantly higher levels in DG NSCs than in immature neurons was the growth factor insulin-like growth factor 2 (IGF2). We show that IGF2 selectively controls proliferation of DG NSCs in vitro and in vivo through AKT-dependent signaling. Thus, by gene expression profiling of NSCs and their progeny, we have identified IGF2 as a novel regulator of adult neurogenesis.",en
https://openalex.org/W4283767319,"Unveiling the effect of transport infrastructure and technological innovation on economic growth, energy consumption and CO2 emissions",2022,"Alex O. Acheampong, Janet Dzator, Michael Dzator, Ruhul Salim",193,https://doi.org/10.1016/j.techfore.2022.121843,Resumo não disponível.,en
https://openalex.org/W2143136546,O rápido processo de envelhecimento populacional do Brasil: sérios desafios para as políticas públicas,2006,"Laura L. Rodríguez Wong, J. A. Carvalho",193,https://doi.org/10.1590/s0102-30982006000100002,"Já são sentidos, no Brasil, os efeitos positivos da transição na estrutura etária (TEE), por exemplo, nos serviços de saúde à infância e na educação. O crescimento diferenciado previsto para a população em idade ativa (PIA), nas próximas décadas, constitui uma nova janela de oportunidades. Com efeito, a combinação do segmento sênior da força de trabalho (idades 25 a 64) - que apresenta crescimento alto - com o segmento júnior (15 a 24 anos) - que registra taxas de crescimento muito baixas ou negativas - aponta para uma tendência de diminuição da pressão demográfica por empregos novos. A qualificação da futura força de trabalho torna-se componente imprescindível para um equilíbrio intergeracional, social e econômico, mais justo. Devido à TEE novos desafios emergem relacionados à expansão da população idosa. Se a atual transferência per capita do governo for mantida constante, a diferença entre receitas e despesas aumentará, provocando um insuportável déficit fiscal. A anunciada crise, causada pelo envelhecimento da população, e o atual sistema irracional previdenciário devem ser matéria de urgente discussão na sociedade brasileira. É extremamente importante aproveitar as oportunidades geradas pela TEE e se preparar para enfrentar os novos desafios dela decorrentes.",pt
https://openalex.org/W1976080252,Independent Actor or Agent? An Empirical Analysis of the Impact of US Interests on IMF Conditions: an empirical analysis based of the impact of US interests on IMF conditions,2005,"Axel Dreher, Nathan M. Jensen",191,https://doi.org/10.3929/ethz-a-005104885,"In this paper we analyze whether IMF conditionality is exclusively designed in line with observable economic indicators or, alternatively, whether it is partly driven by its major shareholder, the US. A panel data analysis of 206 letters of intent from 38 countries over the period 4/1997-2/2003 reveals that the number of conditions on an IMF loan depends on a borrowing country's voting pattern in the UN General Assembly. Closer allies of the United States (and other G7 countries) receive IMF loans with fewer conditions especially prior to elections. These results contribute to the current public policy debates on the role and process of setting IMF conditions, and provide broader insights into the influence of the United States and other G7 countries in international institutions.",en
https://openalex.org/W1822914291,The Bio-Economy Concept and Knowledge Base in a Public Goods and Farmer Perspective,2012,"Otto Schmidt, Susanne Padel, Les Levidow, Schmid, Otto, Padel, Susanne, Levidow, Les",191,https://doi.org/10.13128/bae-10770,"Currently an industrial perspective dominates the EU policy framework for a European bio-economy. The Commission’s proposal on the bio-economy emphasises greater resource-efficiency, largely within an industrial perspective on global economic competitiveness, benefiting capital-intensive industries at higher levels of the value chain. However a responsible bio-economy must initially address the sustainable use of resources. Many farmers are not only commodity producers but also providers of quality food and managers of the eco-system. A public goods-oriented bio-economy emphasises agro-ecological methods, organic and low (external) input farming systems, ecosystem services, social innovation in multi-stakeholder collective practices and joint production of knowledge. The potential of farmers and SMEs to contribute to innovation must be fully recognised. This approach recognises the importance of local knowledge enhancing local capabilities, while also accommodating diversity and complexity. Therefore the bio-economy concept should have a much broader scope than the dominant one in European Commission innovation policy. Socio-economic research is needed to inform strategies, pathways and stakeholder cooperation towards sustainability goals.",en
https://openalex.org/W2892173155,"La economía social ante los paradigmas económicos emergentes: innovación social, economía colaborativa, economía circular, responsabilidad social empresarial, economía del bien común, empresa social y economía solidaria",2018,"Rafael Chaves Ávila, José Luis Monzón Campos",191,https://doi.org/10.7203/ciriec-e.93.12901,"En los últimos quince años han irrumpido en el escenario político, económico y científico términos como la innovación social, la economía colaborativa, la empresa social, la responsabilidad social empresarial, la ciudadanía corporativa, la economía circular, la economía del bien común, la economía solidaria y las prácticas económicas alternativas. La irrupción de este nuevo léxico se ha hecho patente durante la última crisis y en el contexto de transformación estructural de las economías occidentales. Conforman paradigmas que nacen en el contexto de deslegitimación del modelo económico imperante basado en la empresa maximizadora de beneficios y poniendo en valor la dimensión social.El objeto del presente artículo es analizar estas nociones emergentes y compararlas con el ya consolidado concepto de la economía social. Para ello, en primer lugar y como punto de referencia, se presenta el concepto de economía social, su sentido socioeconómico y epistemológico y sus dimensiones cuantitativas actuales en Europa. En segundo lugar, se estudia cada una de estas nociones emergentes abordando su contenido, su grado de institucionalización académica y social y finalmente el grado de notoriedad alcanzado. En tercer lugar, se realiza una interpretación de la aparición de estas nociones y se ofrece un marco de análisis para su comparación con el concepto de economía social. El artículo finaliza con un apartado de conclusiones.",es
https://openalex.org/W2772946006,Innovation Systems for Transformations towards Sustainability? Taking the Normative Dimension Seriously,2017,"Michael P. Schlaile, Sophie Urmetzer, Vincent Blok, Allan Dahl Andersen, Job Timmermans, Matthias Mueller, Jan Fagerberg, Andreas Pyka",191,https://doi.org/10.3390/su9122253,"The aim of this article is to complement research on transformations towards sustainability by drawing upon the innovation systems (IS) framework. The IS framework already serves as a suitable and influential basis for research on processes of technological innovation and economic change. We argue that improving the capacity of an IS framework for dealing with wicked problems and the normative complexity of sustainability requires a fundamental paradigm shift because in the current IS paradigm innovations are considered as per se desirable and in mostly technological terms. Therefore, we call for IS dedicated to transformations towards sustainability by opening up for systemic innovations beyond the technological dimension and by acknowledging that stakeholders have conflicting visions, interests, norms, and expectations with regard to sustainability goals. Taking the normative dimension of transformations towards sustainability seriously thus requires more explicit and integrative research on directionality, legitimacy, responsibility, and their interrelation in IS. The article concludes by proposing suggestions for future research based on IS-related approaches that can serve as building blocks for an IS framework capable of incorporating legitimate goal-orientation for transformative innovation by and for society.",en
https://openalex.org/W3187107540,Chemical Fate and Partitioning Behavior of Antibiotics in the Aquatic Environment—A Review,2021,"Jamie Harrower, Moyra McNaughtan, Colin Hunter, Rupert Hough, Zulin Zhang, Karin Helwig",191,https://doi.org/10.1002/etc.5191,"Antibiotics in the aquatic environment is a major problem because of the emergence of antibiotic resistance. The long-term ecological impact on the aquatic environment is unknown. Many sources allow entry of antibiotics into the environment, including wastewater-treatment plants (WWTPs), agricultural runoff, hospital effluent, and landfill leachate. Concentrations of antibiotics in the aquatic environment vary significantly; studies have shown fluoroquinolones, tetracycline, macrolides, sulfonamides, and penicillins to reach 2900, 1500, 9700, 21 400, and 1600 ng L<sup>-1</sup> in wastewater effluent samples, respectively. However, concentrations are highly variable between different countries and depend on several factors including seasonal variation, prescription, and WWTP operating procedures. Likewise, the reported concentrations that cause environmental effects vary greatly between antibiotics, even within the same class; however, this predicted concentration for the antibiotics considered was frequently <1000 ngL<sup>-1</sup> , indicating that when discharged into the environment along with treated effluent, these antibiotics have a potentially detrimental effect on the environment. Antibiotics are generally quite hydrophilic in nature; however, they can ionize in the aquatic environment to form charged structures, such as cations, zwitterions, and anions. Certain classes, particularly fluoroquinolones and tetracyclines, can adsorb onto solid matrices, including soils, sediment, and sludge, making it difficult to fully understand their chemical fate in the aquatic environment. The adsorption coefficient (K<sub>d</sub> ) varies between different classes of antibiotics, with tetracyclines and fluoroquinolones showing the highest K<sub>d</sub> values. The K<sub>d</sub> values for fluoroquinolones, tetracyclines, macrolides, and sulfonamides have been reported as 54 600, 7600, 130, and 1.37 L kg<sup>-1</sup> , respectively. Factors such as pH of the environment, solid matrix (sediment/soil sludge), and ionic strength can influence the K<sub>d</sub> ; therefore, several values exist in literature for the same compound. Environ Toxicol Chem 2021;40:3275-3298. © 2021 SETAC.",en
https://openalex.org/W2229693873,Crafting Sustainable Development Solutions: Frugal Innovations of Grassroots Entrepreneurs,2016,"Mario Pansera, Soumodip Sarkar",190,https://doi.org/10.3390/su8010051,"A shift in the entrepreneurial landscape is taking place brought about by grassroots innovators with little formal education and technological knowhow, living and working in penurious environments. This research represents an emerging third wave of literature on Bottom of the Pyramid innovation, where products are offered for and by the underserved. Using primary and secondary data derived from four cases of grassroots entrepreneurs in the Indian Subcontinent, the study explores the phenomenon where resource scarce entrepreneurs craft solutions that are environmental friendly, with low overall ownership costs, and use locally available material. We argue that the grassroots phenomenon can be fruitfully exploited to achieve the new Sustainable Development Goals proposed by the UN as a post-2015 strategy for the future of global governance. These innovations might have a tremendous impact not only in terms of serving unmet and ignored consumer needs, but also longer term impacts through enhanced productivity, sustainability, poverty reduction and inclusion promotion.",en
https://openalex.org/W4360945730,ESG performance and green innovation: An investigation based on quantile regression,2023,"Han Long, Gen‐Fu Feng, Qiang Gong, Chun‐Ping Chang",190,https://doi.org/10.1002/bse.3410,"Abstract Using panel data from 37 countries from 1990 to 2019 and applying a quantile regression approach with panel fixed effects, we investigate the impact of national Environmental, Social, and Governance (ESG) performance on green innovation and how this impact varies across different green innovation capacity distributions. The research conclusions are as follows. (1) National ESG performance improvement significantly promotes green innovation. (2) The improvement of environmental performance and governance performance significantly promotes green innovation, but in countries with weak green innovation capabilities, the improvement of social performance reduces the output of green innovation. (3) The role of national ESG performance in promoting green innovation is stronger in countries with weak green innovation capabilities. (4) In non‐high‐income countries, the stronger the green innovation capability is, the more obvious is the promotion of ESG performance to green innovation. The findings of this paper provide empirical evidence and a policy basis for governments to focus on improving ESG performance and to commit to promoting green innovation activities more effectively.",en
https://openalex.org/W2970932394,"When design meets power: design thinking, public sector innovation and the politics of policymaking",2019,"Jenny M. Lewis, Michael McGann, Emma Blomkamp",189,https://doi.org/10.1332/030557319x15579230420081,"Responding to the need for innovation, governments have begun experimenting with ‘design thinking’ approaches to reframe policy issues and generate and test new policy solutions. This paper examines what is new about design thinking and compares this to rational and participatory approaches to policymaking, highlighting the difference between their logics, foundations and the basis on which they ‘speak truth to power’. It then examines the impact of design thinking on policymaking in practice, using the example of public sector innovation (PSI) labs. The paper concludes that design thinking, when it comes in contact with power and politics, faces significant challenges, but that there are opportunities for design thinking and policymaking to work better together.",en
https://openalex.org/W2983970905,Bias Correction of Global High-Resolution Precipitation Climatologies Using Streamflow Observations from 9372 Catchments,2019,"Hylke E. Beck, Eric F. Wood, Tim R. McVicar, Mauricio Zambrano‐Bigiarini, Camila Álvarez-Garretón, Oscar M. Baez‐Villanueva, Justin Sheffield, Dirk Nikolaus Karger",189,https://doi.org/10.1175/jcli-d-19-0332.1,"Abstract We introduce a set of global high-resolution (0.05°) precipitation ( P ) climatologies corrected for bias using streamflow ( Q ) observations from 9372 stations worldwide. For each station, we inferred the “true” long-term P using a Budyko curve, which is an empirical equation relating long-term P , Q , and potential evaporation. We subsequently calculated long-term bias correction factors for three state-of-the-art P climatologies [the “WorldClim version 2” database (WorldClim V2); Climatologies at High Resolution for the Earth’s Land Surface Areas, version 1.2 (CHELSA V1.2 ); and Climate Hazards Group Precipitation Climatology, version 1 (CHPclim V1)], after which we used random-forest regression to produce global gap-free bias correction maps for the P climatologies. Monthly climatological bias correction factors were calculated by disaggregating the long-term bias correction factors on the basis of gauge catch efficiencies. We found that all three climatologies systematically underestimate P over parts of all major mountain ranges globally, despite the explicit consideration of orography in the production of each climatology. In addition, all climatologies underestimate P at latitudes &gt;60°N, likely because of gauge undercatch. Exceptionally high long-term correction factors (&gt;1.5) were obtained for all three P climatologies in Alaska, High Mountain Asia, and Chile—regions characterized by marked elevation gradients, sparse gauge networks, and significant snowfall. Using the bias-corrected WorldClim V2, we demonstrated that other widely used P datasets (GPCC V2015, GPCP V2.3, and MERRA-2) severely underestimate P over Chile, the Himalayas, and along the Pacific coast of North America. Mean P for the global land surface based on the bias-corrected WorldClim V2 is 862 mm yr −1 (a 9.4% increase over the original WorldClim V2). The annual and monthly bias-corrected P climatologies have been released as the Precipitation Bias Correction (PBCOR) dataset, which is available online ( http://www.gloh2o.org/pbcor/ ).",en
https://openalex.org/W4387437512,Hybrid forecasting: blending climate predictions with AI models,2023,"Louise Slater, Louise Arnal, Marie‐Amélie Boucher, Annie Y.-Y. Chang, Simon Moulds, Conor Murphy, Grey Nearing, Guy Shalev, Chaopeng Shen, Linda Speight, Gabriele Villarini, Robert L. Wilby, Andrew W. Wood, Massimiliano Zappa",188,https://doi.org/10.5194/hess-27-1865-2023,"Abstract. Hybrid hydroclimatic forecasting systems employ data-driven (statistical or machine learning) methods to harness and integrate a broad variety of predictions from dynamical, physics-based models – such as numerical weather prediction, climate, land, hydrology, and Earth system models – into a final prediction product. They are recognized as a promising way of enhancing the prediction skill of meteorological and hydroclimatic variables and events, including rainfall, temperature, streamflow, floods, droughts, tropical cyclones, or atmospheric rivers. Hybrid forecasting methods are now receiving growing attention due to advances in weather and climate prediction systems at subseasonal to decadal scales, a better appreciation of the strengths of AI, and expanding access to computational resources and methods. Such systems are attractive because they may avoid the need to run a computationally expensive offline land model, can minimize the effect of biases that exist within dynamical outputs, benefit from the strengths of machine learning, and can learn from large datasets, while combining different sources of predictability with varying time horizons. Here we review recent developments in hybrid hydroclimatic forecasting and outline key challenges and opportunities for further research. These include obtaining physically explainable results, assimilating human influences from novel data sources, integrating new ensemble techniques to improve predictive skill, creating seamless prediction schemes that merge short to long lead times, incorporating initial land surface and ocean/ice conditions, acknowledging spatial variability in landscape and atmospheric forcing, and increasing the operational uptake of hybrid prediction schemes.",en
https://openalex.org/W4206928607,Value Creation in the Public Service Ecosystem: An Integrative Framework,2022,"Stephen P. Osborne, Madeline Powell, Tie Cui, Kirsty Strokosch",188,https://doi.org/10.1111/puar.13474,"Abstract This article develops the concept of the “public service ecosystem” across four levels—the institutional , service , individual , and beliefs levels . It does this by integrating service management and marketing theory with public administration and management theory . Consequently , it explores both the dimensions of value and value creation within the public service ecosystem at each level, and the interactions and inter‐relationships across these levels . It concludes with the key implications for public administration and management theory and pactice .",en
https://openalex.org/W3012093904,Unpacking Water Governance: A Framework for Practitioners,2020,"Alejandro Jiménez, Panchali Saikia, Ricard Giné Garriga, Pilar Avello, James Leten, Birgitta Liss Lymer, Kerry Schneider, Robin Ward",188,https://doi.org/10.3390/w12030827,"Water governance has emerged as an important topic in the international arena and is acknowledged to be a crucial factor for adequate and sustained progress towards achieving Sustainable Development Goal (SDG) 6. However, there is not enough clarity about the practical meaning of the term “water governance” and how to work with it. This paper reviews the term’s use, to reveal how the concept is understood, referred to, and implemented in practice by different stakeholders. Based on literature review and consultations with experts, we identify and describe the core components of water governance (functions), describe their potential qualities when performed (attributes), and how they interrelate with the values and aspirations of the different stakeholders to achieve certain outcomes. These different components are described in detail to construct an operational framework to assess and work with water governance, which covers water and sanitation services delivery, water resources management and transboundary waters. This paper’s findings provide practical guidance for decision makers and practitioners on how action-oriented water governance processes can be meaningfully designed, and ultimately, how to strengthen efforts aiming to improve water governance.",en
https://openalex.org/W3206918078,Anemia prevalence in women of reproductive age in low- and middle-income countries between 2000 and 2018,2021,"Damaris K. Kinyoki, Aaron Osgood‐Zimmerman, Natalia V. Bhattacharjee, Lauren E. Schaeffer, Alice Lazzar-Atwood, Dan Lu, Samuel B Ewald, Katie M. Donkers, Ian D. Letourneau, Michael L. Collison, Megan F. Schipp, Amanuel Alemu Abajobir, Sima Abbasi, Nooshin Abbasi, Mitra Abbasifard, Mohsen Abbasi‐Kangevari, Hedayat Abbastabar, Foad Abd-Allah, Ahmed Abdelalim, Sherief Abd‐Elsalam, Amir Abdoli, Ibrahim Abdollahpour, Aidin Abedi, Hassan Abolhassani, Biju Abraham, Lucas Guimarães Abreu, Michael R.M. Abrigo, Ahmed Abualhasan, Eman Abu‐Gharbieh, Abdelrahman Ibrahim Abushouk, Manfred Accrombessi, Maryam Adabi, Oladimeji Adebayo, Adeyinka Emmanuel Adegbosin, Victor Adekanmbi, Olatunji Adetokunboh, Daniel A Adeyinka, Davoud Adham, Shailesh M Advani, Pradyumna Agasthi, Mohammad Aghaali, Sohail Ahmad, Tauseef Ahmad, Keivan Ahmadi, Sepideh Ahmadi, Muktar Beshir Ahmed, Miloud Taki Eddine Aichour, Budi Aji, Oluwaseun Akinyemi, Addis Aklilu, Chisom Joyqueenet Akunna, Ziyad Al‐Aly, Turki M Alanzi, Jacqueline Elizabeth Alcalde‐Rabanal, Biresaw Wassihun, Ayinalem Alemu, Robert Kaba Alhassan, Sheikh Mohammad Alif, Vahid Alipour, Hesam Alizade, Syed Mohamed Aljunid, Amir Almasi‐Hashiani, Hesham M. Al‐Mekhlafi, Rajaa Al‐Raddadi, Nelson Alvis‐Guzmán, GK Mini, Fatemeh Amiri, Dickson A Amugsi, Nahla Anber, Robert Ancuceanu, Tudorel Andrei, Masresha Tessema, Mina Anjomshoa, Fereshteh Ansari, Alireza Ansari‐Moghaddam, Zelalem Alamrew Anteneh, Ernoiz Antriyandarti, Davood Anvari, Razique Anwer, Muhammad Aqeel, Jalal Arabloo, Morteza Arab‐Zozani, Olatunde Aremu, Habtamu Abera Areri, Al Artaman, Afsaneh Arzani, Malke Asaad, Mehran Asadi-Aliabadi, Ali A. Asadi‐Pooya, Mulusew Andualem Asemahagn, Mohammad Asghari Jafarabadi, Mengistu Mitiku, Zerihun Ataro, Seyyede Masoume Athari, Seyyed Shamsadin Athari, Maha Atout, Marcel Ausloos, Nefsu Awoke, Beatriz Paulina Ayala Quintanilla, Getinet Ayano",187,https://doi.org/10.1038/s41591-021-01498-0,Resumo não disponível.,en
https://openalex.org/W2608923998,A Transition to Which Bioeconomy? An Exploration of Diverging Techno-Political Choices,2017,"Daniel Hausknost, Ernst Schriefl, Christian Lauk, Gerald Kalt",187,https://doi.org/10.3390/su9040669,"To date the concept of the bioeconomy—an economy based primarily on biogenic instead of fossil resources—has largely been associated with visions of “green growth” and the advancement of biotechnology and has been framed from within an industrial perspective. However, there is no consensus as to what a bioeconomy should effectively look like, and what type of society it would sustain. In this paper, we identify different types of narratives constructed around this concept and carve out the techno-political implications they convey. We map these narratives on a two-dimensional option space, which allows for a rough classification of narratives and their related imaginaries into four paradigmatic quadrants. We draw the narratives from three different sources: (i) policy documents of national and supra-national authorities; (ii) stakeholder interviews; and (iii) scenarios built in a biophysical modelling exercise. Our analysis shows that there is a considerable gap between official policy papers and visions supported by stakeholders. At least in the case of Austria there is also a gap between the official strategies and the option space identified through biophysical modelling. These gaps testify to the highly political nature of the concept of the bioeconomy and the diverging visions of society arising from it.",en
https://openalex.org/W2793975515,"It's Not a Bug, It's a Feature: Functional Materials in Insects",2018,"Thomas B. H. Schroeder, Jared Houghtaling, Bodo D. Wilts, Michael Mayer",186,https://doi.org/10.1002/adma.201705322,"Over the course of their wildly successful proliferation across the earth, the insects as a taxon have evolved enviable adaptations to their diverse habitats, which include adhesives, locomotor systems, hydrophobic surfaces, and sensors and actuators that transduce mechanical, acoustic, optical, thermal, and chemical signals. Insect-inspired designs currently appear in a range of contexts, including antireflective coatings, optical displays, and computing algorithms. However, as over one million distinct and highly specialized species of insects have colonized nearly all habitable regions on the planet, they still provide a largely untapped pool of unique problem-solving strategies. With the intent of providing materials scientists and engineers with a muse for the next generation of bioinspired materials, here, a selection of some of the most spectacular adaptations that insects have evolved is assembled and organized by function. The insects presented display dazzling optical properties as a result of natural photonic crystals, precise hierarchical patterns that span length scales from nanometers to millimeters, and formidable defense mechanisms that deploy an arsenal of chemical weaponry. Successful mimicry of these adaptations may facilitate technological solutions to as wide a range of problems as they solve in the insects that originated them.",en
https://openalex.org/W4253705435,Responsible Innovation and Responsible Research and Innovation,2019,"Richard Owen, Mario Pansera",186,https://doi.org/10.4337/9781784715946.00010,"This chapter describes the evolution of Responsible Innovation (RI) and Responsible Research and Innovation (RRI) as two significant discourses emerging over the last decade. RI is a discourse with strong academic roots. Anchored in a future-oriented notion of responsibility, it envisions the integration and embedding of capacities for anticipation, reflexivity, inclusive deliberation and responsiveness in and around the processes of innovation and techno-visionary science aimed at this. RRI emerged in contrast as a policy discourse from the European Commission’s Science in Society programme. While its early formulation shared much with the discourse of RI, over time it has become more instrumentally and prosaically framed around a package of five ‘EC RRI’ keys – gender, ethics, public engagement, open access and science education. After analysing and critiquing the main features of these discourses we consider their translation into policy and practice, before concluding with research gaps for future study.",en
https://openalex.org/W3094751573,The Role of Open Innovation and Value Co-creation in the Challenging Transition from Industry 4.0 to Society 5.0: Toward a Theoretical Framework,2020,"Barbara Aquilani, Michela Piccarozzi, Tindara Abbate, Anna Paola Codini",186,https://doi.org/10.3390/su12218943,"Advanced manufacturing solutions, augmented reality, and cloud and big data are technologies pertaining to Industry 4.0. These technologies improve working conditions, create new business models, and increase both productivity and firm quality production. However, they can also improve life and society as a whole. This new perspective, oriented toward social and global well-being, is called Society 5.0. As has happened for all past industrial revolutions, Industry 4.0 will support the transition to a different society, i.e., Society 5.0. In this transition, open innovation and value co-creation can play an important role. The aim of the study was twofold: to examine how Industry 4.0 features and enabling technologies can support the transition to Society 5.0 and to investigate the roles of both open innovation and value co-creation within this transition. A conceptual framework was developed to jointly consider for the first time Industry 4.0, Society 5.0, open innovation, and value co-creation, which are all challenging issues that firms must cope with nowadays. Managers could profit from these insights to design ad hoc strategies in order to benefit from the opportunities emerging from this transition and overcome the main related challenges.",en
https://openalex.org/W2155708504,Social networks and fertility,2014,"Laura Bernardi, Andreas Klärner",186,https://doi.org/10.4054/demres.2014.30.22,"The fields of demography, sociology, and socio-psychology have been increasingly drawing on social network theories, which posit that individual fertility decision-making depends in part on the fertility behavior of other members of the population, and on",en
https://openalex.org/W2898884820,"Reviewing the relevance of dioxin and PCB sources for food from animal origin and the need for their inventory, control and management",2018,"Roland Weber, Christine Herold, Henner Hollert, Josef Kamphues, Markus Blepp, K. Ballschmiter",186,https://doi.org/10.1186/s12302-018-0166-9,Resumo não disponível.,en
https://openalex.org/W2549889675,Grassroots Innovation Movements,2016,"Adrian Smith, Mariano Fressoli, Dinesh Abrol, Elisa Arond, Adrian Ely",185,https://doi.org/10.4324/9781315697888,"Innovation is increasingly invoked by policy elites and business leaders as vital for tackling global challenges like sustainable development. Often overlooked, however, is the fact that networks of community groups, activists, and researchers have been innovating grassroots solutions for social justice and environmental sustainability for decades. Unencumbered by disciplinary boundaries, policy silos, or institutional logics, these ‘grassroots innovation movements’ identify issues and questions neglected by formal science, technology and innovation organizations. Grassroots solutions arise in unconventional settings through unusual combinations of people, ideas and tools. This book examines six diverse grassroots innovation movements in India, South America and Europe, situating them in their particular dynamic historical contexts. Analysis explains why each movement frames innovation and development differently, resulting in a variety of strategies. The book explores the spaces where each of these movements have grown, or attempted to do so. It critically examines the pathways they have developed for grassroots innovation and the challenges and limitations confronting their approaches. With mounting pressure for social justice in an increasingly unequal world, policy makers are exploring how to foster more inclusive innovation. In this context grassroots experiences take on added significance. This book provides timely and relevant ideas, analysis and recommendations for activists, policy-makers, students and scholars interested in encounters between innovation, development and social movements.",en
https://openalex.org/W1702467241,"Climate policy integration, coherence and governance",2009,"Per Mickwitz, F. Aix, Silke Beck, David N. Carss, Nils Ferrand, Christoph Görg, Anne Jensen, Paula Kivimaa, Christian Kuhlicke, W. Kuindersma, María Máñez Costa, Matti Melanen, Suvi Monni, Anders Branth Pedersen, Hugo Reinert",185,,"It is becoming evident that if high-consumption societies are to tackle climate change, significant changes in production processes as well as in consumption patterns will be required. Such transformations cannot be achieved unless climate change is taken into account in the general and sector-specific policies which underlie economic activity and general social development. When industry, energy producers or transport companies take action as a result of climate policies, they are also influenced significantly by other policies. The degree to which climate change issues are considered and integrated into existing policy areas is therefore a key issue, along with climate-specific measures such as emissions trading. This report assesses the extent of climate policy integration in different European countries, policy sectors and in some cases regions and municipalities. The assessment is based on five criteria: inclusion, consistency, weighting, reporting and resources. The report also analyses measures and means for enhancing climate policy integration and improving policy coherence.",en
https://openalex.org/W4220831343,Innovative capacity of governments,2022,"Misha Kaur, Heather Buisman, A. V. Bekker, Chad McCulloch",185,https://doi.org/10.1787/52389006-en,"Public sector innovation is about finding new and better ways to achieve positive public outcomes. The increased complexity of the challenges faced by governments has made enhancing the innovative capacity of governments and public sector systems an imperative. But for innovative approaches or solutions to create lasting impact, they must be embedded as part of existing systems. In the same way, a public sector's capacity to innovate depends on whether innovation is embedded in the functions and mechanisms of government. To assist governments in achieving this this, the OECD Observatory of Public Sector Innovation (OPSI) developed the Innovative Capacity Framework. It focuses on the innovative capacity of existing public sector systems and their governing mechanisms, rules, processes, norms and other factors. The Framework includes guidelines for making innovation an integral part of policy making and administration and for improving the capacity of governments to quickly adapt to changing environments and, ultimately, build more robust and sustainable solutions.",en
https://openalex.org/W1933398561,The political economy of passing climate change legislation: Evidence from a survey,2015,"Samuel Fankhauser, Caterina Gennaioli, Murray Collins",185,https://doi.org/10.1016/j.gloenvcha.2015.08.008,Resumo não disponível.,en
https://openalex.org/W2905525260,Criteria for effective zero-deforestation commitments,2018,"Rachael Garrett, Samuel A. Levy, Kimberly M. Carlson, Toby Gardner, Javier Godar, Jennifer Clapp, Peter Dauvergne, Robert Heilmayr, Yann le Polain de Waroux, Ben Ayre, Rhona Barr, B. Døvre, Holly K. Gibbs, Simon Hall, Sarah Lake, Jeffrey C. Milder, Lisa Rausch, Rodrigo Rivero, Ximena Rueda, Ryan Sarsfield, Britaldo Soares‐Filho, Nelson B. Villoria",184,https://doi.org/10.1016/j.gloenvcha.2018.11.003,"Zero-deforestation commitments are a type of voluntary sustainability initiative that companies adopt to signal their intention to reduce or eliminate deforestation associated with commodities that they produce, trade, and/or sell. Because each company defines its own zero-deforestation commitment goals and implementation mechanisms, commitment content varies widely. This creates challenges for the assessment of commitment implementation or effectiveness. Here, we develop criteria to assess the potential effectiveness of zero-deforestation commitments at reducing deforestation within a company supply chain, regionally, and globally. We apply these criteria to evaluate 52 zero-deforestation commitments made by companies identified by Forest 500 as having high deforestation risk. While our assessment indicates that existing commitments converge with several criteria for effectiveness, they fall short in a few key ways. First, they cover just a small share of the global market for deforestation-risk commodities, which means that their global impact is likely to be small. Second, biome-wide implementation is only achieved in the Brazilian Amazon. Outside this region, implementation occurs mainly through certification programs, which are not adopted by all producers and lack third-party near-real time deforestation monitoring. Additionally, around half of all commitments include zero-net deforestation targets and future implementation deadlines, both of which are design elements that may reduce effectiveness. Zero-net targets allow promises of future reforestation to compensate for current forest loss, while future implementation deadlines allow for preemptive clearing. To increase the likelihood that commitments will lead to reduced deforestation across all scales, more companies should adopt zero-gross deforestation targets with immediate implementation deadlines and clear sanction-based implementation mechanisms in biomes with high risk of forest to commodity conversion.",en
https://openalex.org/W1978054275,"Worlds, Families, Regimes: Country Clusters in European and OECD Area Public Policy",2008,"Francis G. Castles, Herbert Obinger",183,https://doi.org/10.1080/01402380701835140,"This article focuses on the notion that the policies and politics of states and nations constitute distinct worlds or clusters. We begin by examining the concept of clustering as it has emerged in the literature on policy regimes and families of nations. We then address a series of empirical questions: whether distinct worlds persist in an era of policy convergence and globalisation, whether policy antecedents cluster in the same ways as policy outcomes and whether the enlargement of the EU has led to an increase in the number of worlds constituting the wider European polity. Our main conclusions are that country clustering is, if anything, more pronounced than in the past, that it is, in large part, structurally determined and that the EU now contains a quite distinct post-Communist family of nations.",en
https://openalex.org/W3097972621,"Emerging mental health challenges, strategies, and opportunities in the context of the COVID-19 pandemic: Perspectives from South American decision-makers",2020,"Daniel A. Antiporta, Andrea Bruni",182,https://doi.org/10.26633/rpsp.2020.154,"Mental health and psychosocial support have been identified as a priority area by South American countries in the COVID-19 response. The pandemic has generated specific needs that require appropriate actions, including implementing virtual interventions, orienting capacity-building toward protecting users and health providers, strengthening evidence-driven decision-making, and integrating mental health and psychosocial support in high-level mechanisms guiding the response to COVID-19.",en
https://openalex.org/W3137238967,Making the world a better place with fintech research,2021,"Andrea Lagna, M. N. Ravishankar",182,https://doi.org/10.1111/isj.12333,"Abstract Financial technology (fintech) is seen as possessing significant potential to provide the poor access to financial services and help them escape the clutches of poverty. Surprisingly, Information Systems (IS) research has engaged little with fintech's promise of fostering financial inclusion for the poor. In the spirit of ‘making a better world with ICTs’, conducting ‘responsible IS research for a better world’ and ‘understanding and tackling societal grand challenges through management research’, we advance a framework for guiding IS research on fintech‐led financial inclusion. Drawing on the IS literature and Information and Communication Technologies for Development (ICT4D) scholarship, we extrapolate five areas of research that can better illuminate fintech's contributions to financial inclusion: (a) business strategies for fintech‐led financial inclusion; (b) digital artifacts of fintech‐led financial inclusion; (c) business environment of fintech‐led financial inclusion; (d) microfoundations of fintech for financial inclusion; (e) developmental impacts of fintech. We conclude with a discussion of how the five areas offer opportunities for impactful research on fintech and the promise of building a financially inclusive society.",en
https://openalex.org/W2138768707,Developing the Publicness of Public International Law: Towards a Legal Framework for Global Governance Activities,2008,"Armin von Bogdandy, Philipp Dann, Matthias Goldmann",181,https://doi.org/10.1017/s2071832200000511,The Project in a,en
https://openalex.org/W3038236452,A Research Agenda for the Study of Policy Entrepreneurs,2020,"Evangelia Petridou, Michael Mintrom",181,https://doi.org/10.1111/psj.12405,"The study of policy entrepreneurs as agents of change has developed greatly in recent years, supported by increasingly more sophisticated theoretical and empirical research. In this article, we first consider how the concept of the policy entrepreneur can be integrated into broader theories of the policy process, with particular focus on the compatibility of the concept with the narrative policy framework. We then propose that further empirical research on policy entrepreneurs focus on five tasks: (i) delimiting policy entrepreneurs as a distinct class of actor; (ii) investigating contextual factors that encourage the emergence of policy entrepreneurs; (iii) further specifying the strategies policy entrepreneurs deploy; (iv) improving the measurement of the impact policy entrepreneurs have in the policy process; and (v) identifying when policy entrepreneurs prompt widescale change. New theoretical and empirical contributions along these lines could do much to advance our understanding of agency and structure in contemporary politics.",en
https://openalex.org/W2768692287,Recent knowledge on hepatitis E virus in Suidae reservoirs and transmission routes to human,2017,"Nicole Pavio, Virginie Doceul, Eugénie Bagdassarian, Reimar Johne",180,https://doi.org/10.1186/s13567-017-0483-9,Resumo não disponível.,en
https://openalex.org/W2144040329,Mountains in a flat world: why proximity still matters for the location of economic activity,2008,"Andrés Rodríguez‐Pose, Riccardo Crescenzi",180,https://doi.org/10.1093/cjres/rsn011,"Thomas This paper challenges this view of the world by arguing that not all territories have the same capacity to maximize the benefits and opportunities and minimize the risks linked to globalization. Numerous forces are coalescing in order to provoke the emergence of urban 'mountains' where wealth, economic activity, and innovative capacity agglomerate. The interactions of these forces in the close geographical proximity of large urban areas give shape to a much more complex geography of the world economy.",en
https://openalex.org/W3132152782,"Smart Environments and Techno-centric and Human-Centric Innovations for Industry and Society 5.0: A Quintuple Helix Innovation System View Towards Smart, Sustainable, and Inclusive Solutions",2021,"Elias G. Carayannis, Luca Dezi, G. Gregori, Ernesto Dario Calò",180,https://doi.org/10.1007/s13132-021-00763-4,Resumo não disponível.,en
https://openalex.org/W2135645992,The territorial dynamics of innovation in China and India,2012,"Riccardo Crescenzi, Andrés Rodríguez‐Pose, Michael Storper",179,https://doi.org/10.1093/jeg/lbs020,"This paper analyses the geography of innovation in China and India. Using a tailor-made panel database for regions in these two countries, we show that both countries exhibit increasingly strong polarisation of innovative capacity in a limited number of urban areas. But the factors behind this polarisation and the strong contrasts in innovative capacity between the provinces and states within both countries are quite different. In China, the concentration of innovation is fundamentally driven by agglomeration forces, linked to population, industrial specialisation and infrastructure endowment. Innovative regions in China generate few knowledge spillovers to other regions, and create strong backwash effects to leading centres. In India, by contrast, innovation is much more dependent on a combination of good local socioeconomic structures and investment in science and technology. Indian innovation hubs also generate positive knowledge spillovers to other regions.",en
https://openalex.org/W2755222624,Safety of Novel Microbes for Human Consumption: Practical Examples of Assessment in the European Union,2017,"Theodor Brodmann, Akihito Endo, Miguel Gueimonde, Gabriel Vinderola, Wolfgang Kneifel, Willem M. de Vos, Seppo Salminen, Carlos Gómez-Gallego",179,https://doi.org/10.3389/fmicb.2017.01725,"Novel microbes are either newly isolated genera and species from natural sources or bacterial strains derived from existing bacteria. Novel microbes are gaining increasing attention for the general aims to preserve and modify foods and to modulate gut microbiota. The use of novel microbes to improve health outcomes is of particular interest because growing evidence points to the importance of gut microbiota in human health. As well, some recently isolated microorganisms have promise for use as probiotics, although in-depth assessment of their safety is necessary. Recent examples of microorganisms calling for more detailed evaluation include <i>Bacteroides xylanisolvens, Akkermansia muciniphila</i>, fructophilic lactic acid bacteria (FLAB), and <i>Faecalibacterium prausnitzii</i>. This paper discusses each candidate's safety evaluation for novel food or novel food ingredient approval according to European Union (EU) regulations. The factors evaluated include their beneficial properties, antibiotic resistance profiling, history of safe use (if available), publication of the genomic sequence, toxicological studies in agreement with novel food regulations, and the qualified presumptions of safety. Sufficient evidences have made possible to support and authorize the use of heat-inactivated <i>B. xylanisolvens</i> in the European Union. In the case of <i>A. muciniphila</i>, the discussion focuses on earlier safety studies and the strain's suitability. FLAB are also subjected to standard safety assessments, which, along with their proximity to lactic acid bacteria generally considered to be safe, may lead to novel food authorization in the future. Further research with <i>F. prausnitzii</i> will increase knowledge about its safety and probiotic properties and may lead to its future use as novel food. Upcoming changes in EUU Regulation 2015/2283 on novel food will facilitate the authorization of future novel products and might increase the presence of novel microbes in the food market.",en
https://openalex.org/W4281653717,Serving citizens,2022,Barbara Baredes,179,https://doi.org/10.1787/65223af7-en,"Measuring the performance of services and making effective use of the results are critical for designing and delivering policies to improve people’s lives. Improving user satisfaction with public services is an objective in many OECD countries and is one of the indicators in the 2030 Sustainable Development Goal 16 of “Building effective, accountable and inclusive institutions at all levels”. This paper explores the use of satisfaction indicators to monitor citizens’ and users’ experience with public services. It finds that satisfaction indicators provide an accurate aggregate account of the factors driving service performance. At the same time, it shows that additional measures are needed to monitor the access, responsiveness and quality of public services, as well as to identify concrete areas of improvement. This paper provides examples of how countries use performance data in decision making (both subjective users’ experience and objective service outputs). It also highlights common challenges and good practices to strengthen performance measurement and management.",en
https://openalex.org/W2052191465,The Impact of China on Cybersecurity: Fiction and Friction,2015,Jon R. Lindsay,179,https://doi.org/10.1162/isec_a_00189,"Exaggerated fears about the paralysis of digital infrastructure and the loss of competitive advantage contribute to a spiral of mistrust in U.S.-China relations. In every category of putative Chinese cyber threat, there are also considerable Chinese vulnerabilities and Western advantages. China has inadvertently degraded the economic efficiency of its networks and exposed them to foreign infiltration by prioritizing political information control over technical cyber defense. Although China also actively infiltrates foreign targets, its ability to absorb stolen data is questionable, especially at the most competitive end of the value chain, where the United States dominates. Similarly, China's military cyber capacity cannot live up to its aggressive doctrinal aspirations, even as its efforts to guide national information technology development create vulnerabilities that more experienced U.S. cyber operators can attack. Outmatched by the West, China is resorting to a strategy of international institutional reform, but it benefits too much from multistakeholder governance to pose a credible alternative. A cyber version of the stability-instability paradox constrains the intensity of cyber interaction in the U.S.-China relationship—and in international relations more broadly—even as lesser irritants continue to proliferate.",en
https://openalex.org/W2408094422,Performance in Public Organizations: Clarifying the Conceptual Space,2016,"Lotte Bøgh Andersen, Andreas Boesen, Lene Holm Pedersen",179,https://doi.org/10.1111/puar.12578,"Abstract Performance in public organizations is a key concept that requires clarification. Based on a conceptual review of research published in 10 public administration journals, this article proposes six distinctions to describe the systematic differences in performance criteria: From which stakeholder's perspective is performance being assessed? Are the criteria formal or informal? Are the criteria subjective? Which process focus and product focus do they have, if any? What is the unit of analysis? Based on these distinctions, the performance criteria of existing studies used in an empirical review of management and performance are classified. The results illustrate how a systematization of the conceptual space of performance in public organizations can help researchers select what to study and what to leave out with greater accuracy while also bringing greater clarity to public debates about performance .",en
https://openalex.org/W2973974723,How Safe is Chicken Litter for Land Application as an Organic Fertilizer?: A Review,2019,"Margaret Kyakuwaire, Giregon Olupot, Alice Amoding, Peter Nkedi‐Kizza, Twaha Ateenyi Basamba",179,https://doi.org/10.3390/ijerph16193521,"Chicken litter application on land as an organic fertilizer is the cheapest and most environmentally safe method of disposing of the volume generated from the rapidly expanding poultry industry worldwide. However, little is known about the safety of chicken litter for land application and general release into the environment. Bridging this knowledge gap is crucial for maximizing the benefits of chicken litter as an organic fertilizer and mitigating negative impacts on human and environmental health. The key safety concerns of chicken litter are its contamination with pathogens, including bacteria, fungi, helminthes, parasitic protozoa, and viruses; antibiotics and antibiotic-resistant genes; growth hormones such as egg and meat boosters; heavy metals; and pesticides. Despite the paucity of literature about chicken litter safety for land application, the existing information was scattered and disjointed in various sources, thus making them not easily accessible and difficult to interpret. We consolidated scattered pieces of information about known contaminants found in chicken litter that are of potential risk to human, animal, and environmental health and how they are spread. This review tested the hypothesis that in its current form, chicken litter does not meet the minimum standards for application as organic fertilizer. The review entails a meta-analysis of technical reports, conference proceedings, peer-reviewed journal articles, and internet texts. Our findings indicate that direct land application of chicken litter could be harming animal, human, and environmental health. For example, counts of pathogenic strains of <i>Eschericia</i><i>coli</i> (10<sup>5-</sup>10<sup>10</sup> CFU g<sup>-1</sup>) and Coliform bacteria (10<sup>6</sup>-10<sup>8</sup> CFU g<sup>-1</sup>) exceeded the maximum permissible limits (MPLs) for land application. In Australia, 100% of broiler litter tested was contaminated with <i>Actinobacillus</i> and re-used broiler litter was more contaminated with <i>Salmonella</i> than non-re-used broiler litter<i>.</i> Similarly, in the US, all (100%) broiler litter was contaminated with <i>Eschericia</i><i>coli</i> containing genes resistant to over seven antibiotics, particularly amoxicillin, ceftiofur, tetracycline, and sulfonamide. Chicken litter is also contaminated with a vast array of antibiotics and heavy metals. There are no standards set specifically for chicken litter for most of its known contaminants. Even where standards exist for related products such as compost, there is wide variation across countries and bodies mandated to set standards for safe disposal of organic wastes. More rigorous studies are needed to ascertain the level of contamination in chicken litter from both broilers and layers, especially in developing countries where there is hardly any data; set standards for all the contaminants; and standardize these standards across all agencies, for safe disposal of chicken litter on land.",en
